event_slug,title,category,tags,end_date,days_to_end,start_date,num_markets,open_markets,volume_24h,volume_total,liquidity,open_interest,competitive,comment_count,sub_market_slugs,condition_ids,description,polymarket_url
what-will-candace-owens-and-hunter-biden-say-on-thursday,What will Candace Owens and Hunter Biden say on Thursday?,culture,biden|podcast|culture|mentions|charlie-kirk,2026-05-21T00:00:00Z,0,2026-05-19T23:37:29.542442Z,17,17,1537.60,1537.60,4679.67,1460.66,0.993,0,will-candace-owens-or-hunter-biden-say-trump-5-times-on-thursday|will-candace-owens-or-hunter-biden-say-epstein-on-thursday|will-candace-owens-or-hunter-biden-say-putin-on-thursday|will-candace-owens-or-hunter-biden-say-laptop-on-thursday|will-candace-owens-or-hunter-biden-say-million-or-billion-10-times-on-thursday|will-candace-owens-or-hunter-biden-say-charlie-or-kirk-5-times-on-thursday|will-candace-owens-or-hunter-biden-say-china-on-thursday|will-candace-owens-or-hunter-biden-say-covid-on-thursday|will-candace-owens-or-hunter-biden-say-drug-on-thursday|will-candace-owens-or-hunter-biden-say-cash-on-thursday|will-candace-owens-or-hunter-biden-say-crack-or-cocaine-10-times-on-thursday|will-candace-owens-or-hunter-biden-say-six-seven-on-thursday|will-candace-owens-or-hunter-biden-say-election-on-thursday|will-candace-owens-or-hunter-biden-say-fbi-on-thursday|will-candace-owens-or-hunter-biden-say-father-5-times-on-thursday|will-candace-owens-or-hunter-biden-say-ukraine-on-thursday|will-candace-owens-or-hunter-biden-say-pardon-on-thursday,0xa83740b1dac33e494b5b3f218a7bf053732ef12b6112012e9ac226c31dc01d0c|0x47b1bedbfae5007d1c2bed417a2e7328a02a3b53e7f2205c891e508b0c5ba934|0x9b4c7cf1976eab50539ad0ec1e66d032732f0650f9fa5634b54fe6bec6939976|0x3eee315fff50194d485c39036dd0aab9b6c5e97fba545f91ad9dc94069cb2c3d|0x96e1cc520f6ce6e55d5e242854bfb3d691991c1d421611475c4002777c9d5a50|0x57c7edab99057d888d4c7a9000b8808bee33ab812f4832558da8756c8817bbb5|0x4765c41e37c21a542b5fc37ec4f69c0cb26beea14906de9d82aa506c8809b9c2|0xc9756aaca7c8ac1cec9abc024d8827b09bda81796de0e08d8204a4ca4b75b34e|0x073b66963a979398555668dc5824eda97231ed556d9f15d117df8a1dc6c18500|0xe75f3b0bf6aaac3ccb84edf54609fdf67ecd88c1aceb57690c3a962e8faa68aa|0xe0dd34c015e8acd615c47c4fb31490c6c0845597e5f0f109590652d499e502a0|0x5bc8d541714a995dcb907ab74a0417930fc6e64915ed1e61ea609abc646812aa|0xd792e8eb343605e3ab3b44f5eb7ceffaa1ee2464dc697a8638124fdd443d81a6|0x0146e685cd408e00930c5b98a7fae6165b91cd57ce249a152c6747760d923e5d|0x68013a253e2cfefc06ad09c9f7bfbe66d6a5ec3f2eddd0533475ed12b23ff2ea|0xfa9ce11433b491aa211b2fde5b4688aee502f6e5ab76cfa14da7af74f386225b|0x599d1affbbaf2d07c98829cc0b3cf513e380bff45a311ed4372c9b9bea84f182,"Candace Owens is scheduled to speak with Hunter Biden on May 21, 2026. (https://www.msn.com/en-us/news/insight/hunter-biden-opens-up-in-rare-candace-owens-interview/gm-GM17183C24?gemSnapshotKey=GM17183C24-snapshot-2&uxmode=ruby) This market will resolve to ""Yes"" if the listed term is mentioned by an",https://polymarket.com/event/what-will-candace-owens-and-hunter-biden-say-on-thursday
1-song-on-spotify-this-week-may-22,#1 song on Spotify this week? (May 22),culture,album|song|iceman|music|culture|celebrities|rewards-50-4-5-20,2026-05-22T00:00:00Z,1,2026-05-16T00:26:27.631384Z,22,22,1322.40,7679.46,17241.94,3954.91,0.840,0,will-swim-bts-be-the-1-song-on-spotify-this-week-557|will-ran-to-atlanta-drake-future-molly-santana-be-the-1-song-on-spotify-this-week|will-hit-the-wall-gracie-abrams-be-the-1-song-on-spotify-this-week|will-potential-sombr-be-the-1-song-on-spotify-this-week-194|will-drop-dead-olivia-rodrigo-be-the-1-song-on-spotify-this-week-833|will-song-a-be-the-1-song-on-spotify-this-week-552|will-song-d-be-the-1-song-on-spotify-this-week-967|will-song-f-be-the-1-song-on-spotify-this-week-545|will-song-h-be-the-1-song-on-spotify-this-week-247|will-song-j-be-the-1-song-on-spotify-this-week-666|will-another-song-be-the-1-song-on-spotify-this-week-366|will-babydoll-dominic-fike-be-the-1-song-on-spotify-this-week-762|will-janice-stfu-drake-be-the-1-song-on-spotify-this-week|will-billie-jean-michael-jackson-be-the-1-song-on-spotify-this-week-498|will-make-them-cry-drake-be-the-1-song-on-spotify-this-week|will-beauty-and-a-beat-justin-bieber-nicki-minaj-be-the-1-song-on-spotify-this-week-866|will-song-b-be-the-1-song-on-spotify-this-week-837|will-song-c-be-the-1-song-on-spotify-this-week-756|will-song-e-be-the-1-song-on-spotify-this-week-119|will-song-g-be-the-1-song-on-spotify-this-week-749|will-song-i-be-the-1-song-on-spotify-this-week-478|will-song-k-be-the-1-song-on-spotify-this-week-466,0x37bc225cb8585e45955e0616060c3f26292e59110d2604ff13efd8d97ed9ce91|0x3b151c3badf3bac1675010a82ccedff9b9246889fbea809d6cf049101b671ad9|0x774b148a4d11337b4df8e73186f0f393f21aeef42d9cb9298ef3bf0a9ffb0641|0xfd5998d28c0c635ce67fca304b12474f2a90b0a19412615ad1eb3cafd2a5609a|0xc6a0c5d92ee095fa5d7346cb07f55ff719ca1a268415e96e353fb956c92dbe55|0x606589044baaffecc9716e4b34ab121bcbe7b22f37f35785575a0f2c42483617|0x3eed3d3d19b51189527914fcd87e145890c818d6f1365b07aed140436a8112e0|0x1b196c0a198647a3b2df30d13b6bdabb93c673e9c9071f9dfb490db314b0bfa6|0x400d95ff1c17b4fd98e9782fccb2d35590195bcd1d95caae300a2512b07c6c21|0x4ee52bf5bb648cee6bbcd23dfeddb41cd7db0cfc068e365585be1662aa5479ed|0x040ec73178e7899ad66be053cff5b7f9985f4abd0b3c2e8119264f0468ba9b17|0x95dcbcc7a3e6641a880b30a9f60733b9bdf116cdb75286a57e9872dbe7a8ac6d|0xbe21ecffea094f24844ed878a342dff8443ea88652946815bbb38d39f6fda735|0xd8e4b2a6ec6b5fecb303249abd8832b3420169bf70a95436d4e9d48263e465d2|0xd001bd8cbbbcfebbb2f770d9a847c289ad9c7099a9e3aec3f0449f0ec0596fba|0x453671f302f8d222b458783de4fcd0780b5dcead34df4fcd4430474cc016fcd7|0x1d134f2218037425b716ef5451d6877de50e94ffc50e96fb7435ee764c8292d6|0x6224a3fbac6a07d0ba2b54d150db29e9265dba4361935469d495dad365ecca26|0xaf1b6a660377277090271a0538f8c36240ae655cbf8b919eb4655a4d7cf45dbc|0x298f76c3704bafb792b33fd39935bc283d9c79d492fc7b87878dc199cf64df57|0x75f48cdd6883ea241049f1d0ce32cd3841efc19ed3cf2775f307c3beb7a2cec3|0xe4aaee6653bd174ad597fbde0bc743e78c664d183503d77a796ee8c22da78ed7,"Spotify curates a playlist of the most streamed songs globally and updates it on Fridays to reflect streaming data for the previous week, beginning on the preceding Friday and ending on Thursday. This market will resolve according to the most-streamed song globally on Spotify for the week labeled Ma",https://polymarket.com/event/1-song-on-spotify-this-week-may-22
1-song-on-us-spotify-this-week-may-22,#1 song on US Spotify this week? (May 22),culture,culture|celebrities|iceman|music|rewards-50-4-5-20,2026-05-22T00:00:00Z,1,2026-05-16T00:26:22.395983Z,22,22,1031.30,8662.83,26839.86,4767.11,0.880,0,will-swim-bts-be-the-1-song-on-us-spotify-this-week-815|will-hit-the-wall-gracie-abrams-be-the-1-song-on-us-spotify-this-week|will-song-a-be-the-1-song-on-us-spotify-this-week-939|will-song-b-be-the-1-song-on-us-spotify-this-week-593|will-song-d-be-the-1-song-on-us-spotify-this-week-213|will-song-j-be-the-1-song-on-us-spotify-this-week-914|will-another-song-be-the-1-song-on-us-spotify-this-week-848|will-babydoll-dominic-fike-be-the-1-song-on-us-spotify-this-week-686|will-ran-to-atlanta-drake-future-molly-santana-be-the-1-song-on-us-spotify-this-week|will-beauty-and-a-beat-justin-bieber-nicki-minaj-be-the-1-song-on-us-spotify-this-week-785|will-song-c-be-the-1-song-on-us-spotify-this-week-967|will-song-f-be-the-1-song-on-us-spotify-this-week-377|will-song-g-be-the-1-song-on-us-spotify-this-week-716|will-song-k-be-the-1-song-on-us-spotify-this-week-439|will-janice-stfu-drake-be-the-1-song-on-us-spotify-this-week|will-billie-jean-michael-jackson-be-the-1-song-on-us-spotify-this-week|will-potential-sombr-be-the-1-song-on-us-spotify-this-week-214|will-song-e-be-the-1-song-on-us-spotify-this-week-594|will-song-i-be-the-1-song-on-us-spotify-this-week-774|will-make-them-cry-drake-be-the-1-song-on-us-spotify-this-week|will-drop-dead-olivia-rodrigo-be-the-1-song-on-us-spotify-this-week-538|will-song-h-be-the-1-song-on-us-spotify-this-week-799,0xc21bc7279c2806917092e12620c14549b1d6ba0c6584b1b11bc02535c31472ea|0xefbd8cad3f90ca38c310c7805c837d7b83bba36bdca81b3cf33aed8f155b9d9a|0x2cf057862e33bcaf44af97f96f0ac9de72b6e062b9fda078da7b92de95bf6742|0xccb9a621bdfedb47840ca8fb8e38e8878215a6486d483153d031686897f6217c|0x697a7c7c765c4343a450779d14b19650656ed342c9d152d32e02238a0e99b1d8|0x9292bd6299a17e6e5693cff043d001630ebdf3cd9a5b99a45cfc064f4ebbd27c|0x08ff37c961f05ae72d103316c40a7cc1192199837ce60c04dce093d5529b73a1|0x9481024a662d9fdcaf5bb08fd4799f0afa69609617de82f14c133850d086c6d7|0x3eccec0cb5054cf929b021606bdc03d0edb1b56aec0babf898172bd7b7da8c8f|0x7039f62acba022b8c7a207d333f8e1517de1cf2e803402afc420ae7aaa3c9d4c|0x1153e30e5006da1238fc57cc066e3050f8174d6b5b4649e374336e7a18ad489a|0x9a2c2a49bd0be1a0ed8e7ec74ee05392bceaa6a2af3239f00930c0b39c770baa|0x0b5020b2e710a5c0c960e3adfa734e5ea3931495cd4c88a7b021b8f07d2505a4|0x4e9a3aa1053251ac5c771b8ee9a2634f055124e657bd547fb0d85372edf79e7e|0x34962ed27face58683e3cf547e0d2113b4421dea71d04dc76ccc42da02f58e71|0xe02ee6ef0aee9c063baef72a72326a65f4d66fd02c97f3845a096ba094596f6b|0x7310d27b37157f90665bda39c8bd257ef2861a37a8bd1094c46419e383d1f55e|0x3df119faa14014055dff096a373388203f4aa22587ea687d9ea6e7ab0719d8e1|0x53e5c967b1a5debef6e0c4d27a9f78bdd24616569f4a58496dfc25aee76c977e|0x83dc5049aafe0115c77898b724f030c65267f748d8fddd23e1ecf21bd8e6422b|0x351e11a051b14147bb7d1d94318287902733266817422c23488cba1948a33811|0x3d093eabe00ffc0bc4732f1d68caaa06926aff85471a7ebc6e28e259f44ab532,"Spotify curates a playlist of the most streamed songs globally and updates it on Fridays to reflect streaming data for the previous week, beginning on the preceding Friday and ending on Thursday. This market will resolve according to the most-streamed song in the U.S. on Spotify for the week labeled",https://polymarket.com/event/1-song-on-us-spotify-this-week-may-22
drake-habibti-first-week-album-sales,Drake 'Habibti' First Week Album Sales?,culture,culture|iceman|music|celebrities|rewards-300-4-5-50,2026-05-22T00:00:00Z,1,2026-05-16T19:21:31.171613Z,6,6,10112.97,20692.52,13937.25,7332.35,0.975,2,will-habibti-drake-debut-week-album-sales-be-less-than-80k|will-habibti-drake-debut-week-album-sales-be-at-least-160k|will-habibti-drake-debut-week-album-sales-be-between-80k-and-100k|will-habibti-drake-debut-week-album-sales-be-between-100k-and-120k|will-habibti-drake-debut-week-album-sales-be-between-120k-and-140k|will-habibti-drake-debut-week-album-sales-be-between-140k-and-160k,0xdc673b16de96deba822218634eb301a9ef3f5355934305e9dab611d5f9070287|0xf142061e532cd8a6b1619fdbb6af77d5a02c047062056bf5e7df350641252f95|0x279fd7cbc8f49c5fc753da5f63267c75e134215f14371b4a2bc3315583d68436|0x0a4cc96ff8f1fe648cf64894e28ca0593d5d156b77ef5f0e39a94a23880998c4|0x5e04757ce6f52829739fa0fe6e2710250863f86f15605e36e2eea350dbb9271e|0xf1ab8c1609b90a596680fdf20505726dde2eb74ae5cf814be75754a9f98b5926,"Drake's new album 'Habibti' was released on May 15, 2026. This market will resolve according to the debut week sales for Drake's album 'Habibti', according to Hits Daily Double. If the album’s debut week sales fall exactly between two brackets, this market will resolve to the higher bracket. The pri",https://polymarket.com/event/drake-habibti-first-week-album-sales
drake-maid-of-honor-first-week-album-sales,Drake 'Maid of Honor' First Week Album Sales?,culture,iceman|culture|celebrities|music|rewards-300-4-5-50,2026-05-22T00:00:00Z,1,2026-05-16T19:21:36.149542Z,6,6,20991.99,28064.14,20606.01,8314.02,0.975,2,will-maid-of-honor-drake-debut-week-album-sales-be-less-than-80k|will-maid-of-honor-drake-debut-week-album-sales-be-between-120k-and-140k|will-maid-of-honor-drake-debut-week-album-sales-be-between-140k-and-160k|will-maid-of-honor-drake-debut-week-album-sales-be-at-least-160k|will-maid-of-honor-drake-debut-week-album-sales-be-between-80k-and-100k|will-maid-of-honor-drake-debut-week-album-sales-be-between-100k-and-120k,0x8e0b2dff479341605ab50a924d0fd18055d5a2fcf81401ee1a004dbfb6942b08|0x375ce62d8fb8685b47df7f5fcb814b1c5433adf42eef36dd31798b0a0cd06bf3|0x77d048072396675949383f2631853a8e150b5f24c373415fc21b882caabca5d0|0xa65083baebc08f8d0882e58571ca4f5591c2607b2134a88068ffde19b8b4c796|0x9a08ad1bfff11b873fa3a0b20755a79ac0ce72a7ab706312fb297e8803b0c766|0x448984c13f9e33e7ab060583208d45f9df31e8a9688de49c84b0c473a18d443e,"Drake's new album 'Maid of Honor' was released on May 15, 2026. This market will resolve according to the debut week sales for Drake's album 'Maid of Honor', according to Hits Daily Double. If the album’s debut week sales fall exactly between two brackets, this market will resolve to the higher brac",https://polymarket.com/event/drake-maid-of-honor-first-week-album-sales
anime-awards-anime-of-the-year-winner,Anime Awards: Anime of the Year Winner,culture,awards|culture|movies|anime,2026-05-23T00:00:00Z,2,2026-04-02T23:18:28.247346Z,18,18,569.78,35971.55,12817.26,8410.59,0.962,1,will-the-apothecary-diaries-season-2-win-anime-of-the-year-at-the-2026-crunchyroll-anime-awards|will-dan-da-dan-season-2-win-anime-of-the-year-at-the-2026-crunchyroll-anime-awards|will-gachiakuta-win-anime-of-the-year-at-the-2026-crunchyroll-anime-awards|will-my-hero-academia-final-season-win-anime-of-the-year-at-the-2026-crunchyroll-anime-awards|will-the-summer-hikaru-died-win-anime-of-the-year-at-the-2026-crunchyroll-anime-awards|will-takopis-original-sin-win-anime-of-the-year-at-the-2026-crunchyroll-anime-awards|will-show-a-win-anime-of-the-year-at-the-2026-crunchyroll-anime-awards|will-show-b-win-anime-of-the-year-at-the-2026-crunchyroll-anime-awards|will-show-c-win-anime-of-the-year-at-the-2026-crunchyroll-anime-awards|will-show-d-win-anime-of-the-year-at-the-2026-crunchyroll-anime-awards|will-show-e-win-anime-of-the-year-at-the-2026-crunchyroll-anime-awards|will-show-f-win-anime-of-the-year-at-the-2026-crunchyroll-anime-awards|will-show-g-win-anime-of-the-year-at-the-2026-crunchyroll-anime-awards|will-show-h-win-anime-of-the-year-at-the-2026-crunchyroll-anime-awards|will-show-i-win-anime-of-the-year-at-the-2026-crunchyroll-anime-awards|will-show-j-win-anime-of-the-year-at-the-2026-crunchyroll-anime-awards|will-show-k-win-anime-of-the-year-at-the-2026-crunchyroll-anime-awards|will-another-show-win-anime-of-the-year-at-the-2026-crunchyroll-anime-awards,0xb348b62a9bf279c858b350c5f6d7719e3a956540ea0edcc235d4f1ab0467ec3a|0xfb5c2321eaca0f029d9ef8ea806f732ba9166d53852b56620dfcee849291b04d|0xcf92860b2243fec4be6f1a01bb489d77a5ba710c592c56f99c37e142f088a7ba|0x4b93dc2f9fb0cd0d4e4a1adfaa24e185e6945b7842eaffec9ff641654ab41b4b|0xac2adfa9c04a8e2c08039f35faa8cc8a273bc111494d0aefd03af20346797797|0xd0304260dec6cb0ef1454b6af9a7ce5f52aa2544b6c303404ef7e73b17a29497|0xa8d02f494c72a9ed89e37f038a43ff3fa32621f00e1feac8d0f809a6a4cd51cb|0x720df5bf30b50d15d6223df3068a7f03ab797475cafce8769c515b513bab6598|0xae50e2541fb4d688871e572c1bf9c679d46dae9e83fc845141e639072428819d|0x4120b2c4eefd371947c4af5a2f21493d4b8f25d063c51456e82e63d5d31508a2|0x936d6ea82cb3316e39e5092b6e3d097cb1f60740d58d0abd3fb2cb2126db7288|0xf9ce0da1d54add503d3d007248ea2614292fba6b0dac46e75a5eb9d68a1bedb9|0x769411cd0c868e493f7e4c0ec6086760ba83bf76b5a4a2d9b16fc2248269fe4f|0x4d4a6240a428f75018889b423600af2cc088d4206ccad41bd289fac3a56b03c9|0xc7903776042c6ed5b589f1672a9e71df60739cb8993670e989d10a6d413ab3e7|0xa2281594e6c3a88effa202652e71d2f4c486e05e20815434808ad2f4a35784b4|0xe8b87d9fb4fc2f4ed1d85b857a4a61b28defd186239bb4d6a30f84bc3b957498|0x4160c17f1770db6a83bf45ffe41faaed0bc013b4f309cc37a9cbfcec10c27ef3,"The 2026 Crunchyroll Anime Awards are scheduled to occur in Japan on May 23, 2026. This market will resolve according to the listed show that wins the Anime of the Year Award at the 2026 Crunchyroll Anime Awards. If, for any reason, no winner is declared by June 30, 2026, 11:59 PM ET, or in case of ",https://polymarket.com/event/anime-awards-anime-of-the-year-winner
anime-awards-film-of-the-year-winner,Anime Awards: Film of the Year Winner,culture,awards|movies|anime|culture,2026-05-23T00:00:00Z,2,2026-04-02T23:24:09.736266Z,18,18,628.50,5805.52,10156.12,1717.80,0.969,4,will-100-meters-win-film-of-the-year-at-the-2026-crunchyroll-anime-awards|will-chainsaw-man-the-movie-reze-arc-win-film-of-the-year-at-the-2026-crunchyroll-anime-awards|will-demon-slayer-kimetsu-no-yaiba-infinity-castle-win-film-of-the-year-at-the-2026-crunchyroll-anime-awards|will-the-rose-of-versailles-win-film-of-the-year-at-the-2026-crunchyroll-anime-awards|will-film-a-win-film-of-the-year-at-the-2026-crunchyroll-anime-awards|will-film-c-win-film-of-the-year-at-the-2026-crunchyroll-anime-awards|will-film-e-win-film-of-the-year-at-the-2026-crunchyroll-anime-awards|will-film-g-win-film-of-the-year-at-the-2026-crunchyroll-anime-awards|will-film-i-win-film-of-the-year-at-the-2026-crunchyroll-anime-awards|will-film-k-win-film-of-the-year-at-the-2026-crunchyroll-anime-awards|will-mononoke-the-movie-chapter-ii-the-ashes-of-rage-win-film-of-the-year-at-the-2026-crunchyroll-anime-awards|will-scarlet-win-film-of-the-year-at-the-2026-crunchyroll-anime-awards|will-film-b-win-film-of-the-year-at-the-2026-crunchyroll-anime-awards|will-film-d-win-film-of-the-year-at-the-2026-crunchyroll-anime-awards|will-film-f-win-film-of-the-year-at-the-2026-crunchyroll-anime-awards|will-film-h-win-film-of-the-year-at-the-2026-crunchyroll-anime-awards|will-film-j-win-film-of-the-year-at-the-2026-crunchyroll-anime-awards|will-another-film-win-film-of-the-year-at-the-2026-crunchyroll-anime-awards,0xa0453cc14391b862e69acd649cc9266b87241db93316a49d635efc22ba5cf6e4|0x980766b078cbc1a272ed89231b021a1ff8cc5ef37543aa852717597555f48665|0x9c5467da2bc04960439e2479ed5ac6f97790dbbcb326512b3af232a376f4a811|0xe6bf500e628002c24ba6f2ede1717a374343349e99f4386eca8fae5eb773fb9b|0x8d82bccbfcbc5005d69a44b263b00673bea123c5415cd19f635ecbb40d8c0810|0xf6e009ab9bfc3f1efeeafbd292b8b546df479ae32ef2e4fdb8b558c68fd03908|0x2cdee9eba6b5776b7f996430a5e12246582bbfb686db12262df1b006fba08053|0xfcf09cbd813df0a78b8c8f3a7a66cd127c548e1965b402e82ff32e3dff2a9089|0x55e51e92887d147532ed191b575610f722b29601b5112042f014c395c586a991|0xd70ef1fcb2d8560e08f53b850756d847380a90f27c8a356d66ca86b5dd2de9a9|0x4c2e79b62e7f81f58c89fa9f306fc9a631a8d5304d2172420d6bf6607c652d00|0x395cc617ce304649f3c4b6cf6ae9c2ec06ec29567918d998284550eff53b0f8d|0x8af73fd8c7bcaa7961da67949db2c21abd1d7cf8781568562fb3db3406d781cf|0x16fb21449359779fe6d5a027192ae8b2b1f8351bee6582c29f4fdb9207c92fd4|0x6f99d6cef20b2512116b83370b5e78c52bd24e1fa2e40459d4bc8d559d42497f|0x6776b29377ee50620ef7d896d729150b770759bf4957edc0d42d04db596a87d6|0xd6ca8596e5bfea81c10ead7eb84968b497f0b9cb64172d4fb6cec922c722d3e3|0x088859a40d13ea6d52f7c33b54e13fc30836946b87079a414a87ed72ce782ce2,"The 2026 Crunchyroll Anime Awards are scheduled to occur in Japan on May 23, 2026. This market will resolve according to the listed film that wins the Film of the Year Award at the 2026 Crunchyroll Anime Awards. If, for any reason, no winner is declared by June 30, 2026, 11:59 PM ET, or in case of a",https://polymarket.com/event/anime-awards-film-of-the-year-winner
anime-awards-best-continuing-series-winner,Anime Awards: Best Continuing Series Winner,culture,awards|movies|anime|culture,2026-05-23T00:00:00Z,2,2026-04-02T23:30:21.373217Z,18,18,38.00,2306.57,1243.68,1417.67,0.875,0,will-kaiju-no-8-season-2-win-best-continuing-series-at-the-2026-crunchyroll-anime-awards|will-my-hero-academia-final-season-win-best-continuing-series-at-the-2026-crunchyroll-anime-awards|will-one-piece-win-best-continuing-series-at-the-2026-crunchyroll-anime-awards|will-solo-leveling-season-2-arise-from-the-shadow-win-best-continuing-series-at-the-2026-crunchyroll-anime-awards|will-spy-x-family-season-3-win-best-continuing-series-at-the-2026-crunchyroll-anime-awards|will-show-a-win-best-continuing-series-at-the-2026-crunchyroll-anime-awards|will-show-b-win-best-continuing-series-at-the-2026-crunchyroll-anime-awards|will-show-c-win-best-continuing-series-at-the-2026-crunchyroll-anime-awards|will-show-e-win-best-continuing-series-at-the-2026-crunchyroll-anime-awards|will-show-f-win-best-continuing-series-at-the-2026-crunchyroll-anime-awards|will-show-g-win-best-continuing-series-at-the-2026-crunchyroll-anime-awards|will-show-h-win-best-continuing-series-at-the-2026-crunchyroll-anime-awards|will-show-i-win-best-continuing-series-at-the-2026-crunchyroll-anime-awards|will-show-j-win-best-continuing-series-at-the-2026-crunchyroll-anime-awards|will-show-k-win-best-continuing-series-at-the-2026-crunchyroll-anime-awards|will-another-show-win-best-continuing-series-at-the-2026-crunchyroll-anime-awards|will-dan-da-dan-season-2-win-best-continuing-series-at-the-2026-crunchyroll-anime-awards|will-show-d-win-best-continuing-series-at-the-2026-crunchyroll-anime-awards,0xd00ee1dd35b0c6d8c41051bb7f3a14cb12fd9218ee2e63321259f38d1432d8d9|0x0077b27ce8dd049638c2029a55d7f97dc80263d154f9eb71d6a27ae14ed00e36|0x1eab2f21f424f8c3308ae17b95e5bd50810e4e64b3c85ea1f9c928a8ea623f7e|0xe194a5ccf57f98245c96b55b898519599b642bbe6a8ca4e56a9f9438361986b4|0xdc2bac0ce5b2f759830d0e6c6a651302c34c0089b145353dfbfc1a46402b0fbf|0x5e1c6e89658c9b068f251483423cd39750ce2ce433ce7bd843cf785132e01f5b|0x5b1a95ad9ee0f6db9b410a16b98284999f130be3d1b3221088527ff723514cc8|0xa971be77dd7cd09481ef97ea95607a5f1e0039dd28092d5df292a238b9a65b82|0xac3c0a62b137fe30b1a7a091e4c47e4a30179df248e72f70bc0d3fca526006cd|0xeb521aecb6888526c56869bcb46243509d0c7cc7aa8f78857b772c18fc0a1372|0xd8246be51503f2ab7024a01aad413e1360a215679f6d847db6e34217152535a5|0x62e7ee6ad1f5fe74ec68133a6fbce7b52238a7e833a7c14f22bf9b65613eac80|0x0193db7ad13e4bf6e5e16aab20e004f2442978efe8702ede42b336f917864dcf|0xb2d0d5b44f2e75be66d850332dbeb18100fccebf47d4065c445ed5ae2b3bba2f|0x6000f45a73fcfc8e0dea0559aa51a4eca8dbdda14df95547b2afcbc484e8a524|0x190fac8956e58dca58abf1051e9d70f2ab907215fd786371392a34407a72aad9|0x01417b2aae4d4520817e38132ee48c3623eb39683a051ba01998879d09c82454|0x0a735c4122c5cd60b772e42b0afb1a2b7bec92aad7dccddc5a61364464dba62d,"The 2026 Crunchyroll Anime Awards are scheduled to occur in Japan on May 23, 2026. This market will resolve according to the listed title that wins the Best Continuing Series Award at the 2026 Crunchyroll Anime Awards. If, for any reason, no winner is declared by June 30, 2026, 11:59 PM ET, or in ca",https://polymarket.com/event/anime-awards-best-continuing-series-winner
anime-awards-best-new-series-winner,Anime Awards: Best New Series Winner,culture,anime|awards|culture|movies,2026-05-23T00:00:00Z,2,2026-04-02T23:24:09.888834Z,18,18,13.67,11937.26,6230.22,1879.98,0.907,0,will-clevatess-win-best-new-series-at-the-2026-crunchyroll-anime-awards|will-the-fragrant-flower-blooms-with-dignity-win-best-new-series-at-the-2026-crunchyroll-anime-awards|will-gachiakuta-win-best-new-series-at-the-2026-crunchyroll-anime-awards|will-sakamoto-days-win-best-new-series-at-the-2026-crunchyroll-anime-awards|will-the-summer-hikaru-died-win-best-new-series-at-the-2026-crunchyroll-anime-awards|will-takopis-original-sin-win-best-new-series-at-the-2026-crunchyroll-anime-awards|will-show-a-win-best-new-series-at-the-2026-crunchyroll-anime-awards|will-show-b-win-best-new-series-at-the-2026-crunchyroll-anime-awards|will-show-c-win-best-new-series-at-the-2026-crunchyroll-anime-awards|will-show-d-win-best-new-series-at-the-2026-crunchyroll-anime-awards|will-show-e-win-best-new-series-at-the-2026-crunchyroll-anime-awards|will-show-f-win-best-new-series-at-the-2026-crunchyroll-anime-awards|will-show-g-win-best-new-series-at-the-2026-crunchyroll-anime-awards|will-show-h-win-best-new-series-at-the-2026-crunchyroll-anime-awards|will-show-i-win-best-new-series-at-the-2026-crunchyroll-anime-awards|will-show-j-win-best-new-series-at-the-2026-crunchyroll-anime-awards|will-show-k-win-best-new-series-at-the-2026-crunchyroll-anime-awards|will-another-show-win-best-new-series-at-the-2026-crunchyroll-anime-awards,0xd7d76e3341ea381980d30c7669075bc8f2e3e31abb980d31f5b7ceb832349fd3|0x8d024da4ceee3edec77a88406ce5285cf0732f6eac813cd14154be9cc1b03f77|0x3406fbbeb077c689d3aad53f7806f070b46e0a9ac669ba8be460b3a19d296ce5|0x63447bb4a54dc1b7882294183f2c5f9de88cfe54d51e2e00bcd6a99d3a36fb33|0x6d6994c779b291e6d8370e4ce32cf7997004ce033c33c34be6f31807646c6dd6|0xa81d4c6897f3d4b60daac0b5f34899dbb9e68ab32482d00eea9d1cb27f720c16|0x582843a7a4689b4af1d4195f6187f3183599f4439a8c6b098049408532d2e7cd|0xb099be55f5009e79ce78c70f1a3ab5d098e57a0a8c7d962d52e344bb42106196|0x36b239315e98705adfbf66573ec38fa07fbbfb710c40da4eeea94fb0cbd8705d|0x1c44ee983619be4e70b2a81ff447926efb1861362d4675901ba25d22a76d0e14|0x4b7a95ac9d5455d93859f6a26a5e9e70c08f5195c53c8896ceb61256c6a01a5f|0xd346bbd236af161b97d046f1c9d6dc05759071f264dcc9c12d8b46607aaa1d82|0x9530496b298764e433e390b8fd524e9f933b315bb8947ac013dc23c33a35be27|0xbeb5c3a0710aa41e6047981d2d8684e2d1486c630f4ef829aef674492b8dfbac|0x2747f3daee0ea7296c6fc264025affbfb40307954362b948a599be7e09c0f349|0x7cc69ff93a9d44d7e43a284f27aa9ad2a2acd9127aa15a9e68dc1fc4968350ae|0xcc08ab112a6399efb18825bd63d38c65f5fcda3ab4c7e9005dc65b56cd2f1595|0x48550c05db4fab2bad4ae5746a55478ecacaf8071765a4abcd4bdd44c6afcba7,"The 2026 Crunchyroll Anime Awards are scheduled to occur in Japan on May 23, 2026. This market will resolve according to the listed title that wins the Best New Series Award at the 2026 Crunchyroll Anime Awards. If, for any reason, no winner is declared by June 30, 2026, 11:59 PM ET, or in case of a",https://polymarket.com/event/anime-awards-best-new-series-winner
anime-awards-best-original-anime-winner,Anime Awards: Best Original Anime Winner,culture,awards|culture|movies|anime,2026-05-23T00:00:00Z,2,2026-04-02T23:27:03.734838Z,18,18,80.95,12345.30,6990.75,3268.51,0.989,0,will-apocalypse-hotel-win-best-original-anime-at-the-2026-crunchyroll-anime-awards|will-digimon-beatbreak-win-best-original-anime-at-the-2026-crunchyroll-anime-awards|will-lazarus-win-best-original-anime-at-the-2026-crunchyroll-anime-awards|will-mobile-suit-gundam-gquuuuuux-win-best-original-anime-at-the-2026-crunchyroll-anime-awards|will-moonrise-win-best-original-anime-at-the-2026-crunchyroll-anime-awards|will-zenshu-win-best-original-anime-at-the-2026-crunchyroll-anime-awards|will-show-a-win-best-original-anime-at-the-2026-crunchyroll-anime-awards|will-show-b-win-best-original-anime-at-the-2026-crunchyroll-anime-awards|will-show-c-win-best-original-anime-at-the-2026-crunchyroll-anime-awards|will-show-d-win-best-original-anime-at-the-2026-crunchyroll-anime-awards|will-show-e-win-best-original-anime-at-the-2026-crunchyroll-anime-awards|will-show-f-win-best-original-anime-at-the-2026-crunchyroll-anime-awards|will-show-g-win-best-original-anime-at-the-2026-crunchyroll-anime-awards|will-show-h-win-best-original-anime-at-the-2026-crunchyroll-anime-awards|will-show-i-win-best-original-anime-at-the-2026-crunchyroll-anime-awards|will-show-j-win-best-original-anime-at-the-2026-crunchyroll-anime-awards|will-show-k-win-best-original-anime-at-the-2026-crunchyroll-anime-awards|will-another-show-win-best-original-anime-at-the-2026-crunchyroll-anime-awards,0x184af4a0a85db4ffca2a702f12b858bda60984c2461b21f20dbd42561082371d|0x13842b9e3772c14f0b05b49e58b9f3d496cb8cfe986ed5fdc9183837b0c713e8|0x2e8542600f46e8bc7980f1bd658d85dbed5d4b26cdf14afdf356a8c02a4a649a|0x8bf77259c69dcb0ffea773a323ee1b4e5afa8688cad38104a79a3efcce182d86|0x9d0af71f30ef3696408ca684e7e4704bf5c7f84ee7c37638d9d8cc720a4ca62f|0x0b8dc5694f96b35c078f2b844e2642de51a7877e3767e80fc1201c181ea47004|0xcce3cc110aa3ea15e90c6eb2e872f5f546cdbddde43c5e760ce2105e75d81dd5|0x9d042e3626bf319e77a34e77c3393e77fcb197bcacc7eb7f086eaf7574b817d6|0x162a6e5f63ca56cdd590b4ed5fe4a9c2bd9ab085e718450fb20198758a4448f8|0x36279090a4b4c8a185140ec605163045a24a258602091fe3f3207e05c8857db6|0x38a1a8b3e4e5c50acae267c56c0166bf23b5ed65456547251f197cfaea84db08|0xb6b27ba98a06d6f12901e794f4027ec4cdd7623711879a6b07a3cd54c7ec947b|0x04045d1787e5e21457b71fdc79f4699b10d44545cc767a891f16b1ffdfee8487|0x855edd4dbe5ec39c667b88799f21d5db817a878e0a5dde7e6860a4c7f789628e|0x577083cd5b9f22d61fe8b06a97516e883861a3d558f278df03d1aa7f19913d62|0xfe844e38739c7e5d3fb841391daedca73fcb360eef71f6130faa7d6753ea38c2|0x3f5921d4e9c73e6ecc023a685a37c70e762e318d882f7ff7c71d7bbfb5e5f5a2|0x14c432fb2841d0fd0dec5a125bef3f416fbd1830bbe0b6c219ec235bc6697270,"The 2026 Crunchyroll Anime Awards are scheduled to occur in Japan on May 23, 2026. This market will resolve according to the listed title that wins the Best Original Anime Award at the 2026 Crunchyroll Anime Awards. If, for any reason, no winner is declared by June 30, 2026, 11:59 PM ET, or in case ",https://polymarket.com/event/anime-awards-best-original-anime-winner
anime-awards-best-animation-winner,Anime Awards: Best Animation Winner,culture,anime|awards|culture|movies,2026-05-23T00:00:00Z,2,2026-04-02T23:34:19.883478Z,18,18,0.00,9802.75,2565.18,3991.93,0.995,0,will-solo-leveling-season-2-arise-from-the-shadow-win-best-animation-at-the-2026-crunchyroll-anime-awards|will-show-g-win-best-animation-at-the-2026-crunchyroll-anime-awards|will-show-k-win-best-animation-at-the-2026-crunchyroll-anime-awards|will-dan-da-dan-season-2-win-best-animation-at-the-2026-crunchyroll-anime-awards|will-gachiakuta-win-best-animation-at-the-2026-crunchyroll-anime-awards|will-my-hero-academia-final-season-win-best-animation-at-the-2026-crunchyroll-anime-awards|will-one-piece-win-best-animation-at-the-2026-crunchyroll-anime-awards|will-takopis-original-sin-win-best-animation-at-the-2026-crunchyroll-anime-awards|will-show-a-win-best-animation-at-the-2026-crunchyroll-anime-awards|will-show-b-win-best-animation-at-the-2026-crunchyroll-anime-awards|will-show-c-win-best-animation-at-the-2026-crunchyroll-anime-awards|will-show-d-win-best-animation-at-the-2026-crunchyroll-anime-awards|will-show-e-win-best-animation-at-the-2026-crunchyroll-anime-awards|will-show-f-win-best-animation-at-the-2026-crunchyroll-anime-awards|will-show-h-win-best-animation-at-the-2026-crunchyroll-anime-awards|will-show-i-win-best-animation-at-the-2026-crunchyroll-anime-awards|will-show-j-win-best-animation-at-the-2026-crunchyroll-anime-awards|will-another-show-win-best-animation-at-the-2026-crunchyroll-anime-awards,0x564eebe3d2d3797d0bf110a8352fc7ad83bcafe2fc96f72fc6365e1e766abd06|0xcab2cacaa69069f0108ce2786bd38588fa7003ffe68141e2b02f07aa546ea67a|0xfdf71e66cd3d63395a5c90a87561a6380a354fae03d514b76804e585fce15930|0x384675ee254a6707f44a591ed7054ae480296dbb29fc7d8e5d0757b8786639e3|0xf8fee5391348152f26f41b4f6ecb311ed0758a9bdef934413828dfb87717a414|0x66e48ab4857e6410d4fdbdd026d0060bdcc0135986d91a05c40bc77be1c18470|0xbb94c9f55ee4b583e1d3437c070995ffde132a6a89f602f7a8e28fcc1297a3e0|0xb4563c861c061cc38a1ac28b6f7f570ac95d3f98715c4e982e88e364d3a3f68e|0xeddf2f4e47bbe2c21a7ceee3ab6e59ce96547c5e71058d3e029a64b268399bf3|0x9691fda183f75f11f2fc8382588ce4929ca5b873093da1d7ee7e35cc6a3d6c7d|0xb2581fdb715cafb91ffb59b724d1dbadfbe3801090e5c2fdb0d52011bfcf2558|0x3b9fa17d2a7737a6f44a9eeb9cd43a52e2b99d00f107e319277034c3d47c0e74|0x1b8ed5880cf33b7eebce0584334bf310607f9d8f202c06a5127264b31a024604|0x13ca086605bcadd124f1363251c9a3167d7656201ea8c6c96730e8c905858837|0x8721a4e5e20fba297ae7b8d2e724053cf4e0aa220d78d146116f80b85d797d9a|0x2766b19927935e6428232c92ec347a8223e11b46600af04c4f08fcc3c52af307|0x110ea7c82c30232f279468d46dadc7830284d8f71a905051e43e730bff0c1a02|0x80410bafba947c22a95f686ffc46cc021fdd64c5ed875b121181f7bb88a146bf,"The 2026 Crunchyroll Anime Awards are scheduled to occur in Japan on May 23, 2026. This market will resolve according to the listed title that wins the award for Best Animation at the 2026 Crunchyroll Anime Awards. If, for any reason, no winner is declared by June 30, 2026, 11:59 PM ET, or in case o",https://polymarket.com/event/anime-awards-best-animation-winner
anime-awards-best-character-design-winner,Anime Awards: Best Character Design Winner,culture,culture|anime|movies|awards,2026-05-23T00:00:00Z,2,2026-04-02T23:37:14.556463Z,18,18,6.32,1799.57,3377.20,1162.31,0.927,0,will-the-apothecary-diaries-season-2-win-best-character-design-at-the-2026-crunchyroll-anime-awards|will-dan-da-dan-season-2-win-best-character-design-at-the-2026-crunchyroll-anime-awards|will-gachiakuta-win-best-character-design-at-the-2026-crunchyroll-anime-awards|will-my-dress-up-darling-season-2-win-best-character-design-at-the-2026-crunchyroll-anime-awards|will-one-piece-win-best-character-design-at-the-2026-crunchyroll-anime-awards|will-takopis-original-sin-win-best-character-design-at-the-2026-crunchyroll-anime-awards|will-show-a-win-best-character-design-at-the-2026-crunchyroll-anime-awards|will-show-b-win-best-character-design-at-the-2026-crunchyroll-anime-awards|will-show-c-win-best-character-design-at-the-2026-crunchyroll-anime-awards|will-show-d-win-best-character-design-at-the-2026-crunchyroll-anime-awards|will-show-e-win-best-character-design-at-the-2026-crunchyroll-anime-awards|will-show-f-win-best-character-design-at-the-2026-crunchyroll-anime-awards|will-show-g-win-best-character-design-at-the-2026-crunchyroll-anime-awards|will-show-h-win-best-character-design-at-the-2026-crunchyroll-anime-awards|will-show-i-win-best-character-design-at-the-2026-crunchyroll-anime-awards|will-show-j-win-best-character-design-at-the-2026-crunchyroll-anime-awards|will-show-k-win-best-character-design-at-the-2026-crunchyroll-anime-awards|will-another-show-win-best-character-design-at-the-2026-crunchyroll-anime-awards,0xe572efb764d3fd0724bf710a6d362629fa7dd7ece85b3b829c3143f2c3dbb15f|0x37d2df397ba51fedf3c856f8e28ab18e6cfa44594ee36fb6975ed7726fce8981|0x99afeb17c401a46213b47e85900e6f12fb7efe057d438d756592f3334edc5c2b|0x9f73618129bea9035b2f6c1d0d526b08579cde6f08c960fe2fc134964633cf94|0x03fc2506b824a08451d185695cf3249031ec0331f0764b150a1a8332056e5122|0x2e1abac1f9d66fdaae961b35f2ff12390da5e2652d26d402113fe1b51f191d2b|0xd240a94c62bf31365e34ae76e80726479c42b4536bc87c6108dde8c58800fe30|0xc6e042b2bdf1744434cbe0a79f88dc91909d89545f689d45551a357a3fd4fd1e|0x7873cd3a9b772eb9bc7211d8949e7f196b614577baf950befb07914e491ef442|0x133a1414e1c7c3c0a6224ff6ef423fc6c590993121b48f7865e56ef87161476e|0xeeffd14e42c3f5eb41334a6126627408b5442217ed115ea44006e32950979cd9|0xe08c568c6349626b9d41c34bc3b67676539b4a4b76e97fd14d9d23fbbf189424|0x2a4c525cc5612464af996fa33fa7bbedb2b7300b9cf481b6d6736dd83c5571bd|0xd1a407e6edadccf644347294f116db5ea3cf5f72548af6febdd30914dd85da37|0x38526114f674622275d8c029fa88f83bad0af332f039659186df4e7943013c25|0xefae0b31d44f017d9bbebf2652b60af9172af484649c56a735d65dd4ed315cb9|0xd3fd0b852aec17178b1a7d0866358242ead07e02c00e500f5201d1df33ef6f10|0x3603d2a9c214d66415659c4bfceb01ba5867cec8604f078500212a479f2c7afd,"The 2026 Crunchyroll Anime Awards are scheduled to occur in Japan on May 23, 2026. This market will resolve according to the listed title that wins the award for Best Character Design at the 2026 Crunchyroll Anime Awards. If, for any reason, no winner is declared by June 30, 2026, 11:59 PM ET, or in",https://polymarket.com/event/anime-awards-best-character-design-winner
anime-awards-best-director-winner,Anime Awards: Best Director Winner,culture,movies|culture|awards|anime,2026-05-23T00:00:00Z,2,2026-04-02T23:30:32.65149Z,18,18,5.00,359.84,1481.34,288.19,0.941,0,will-show-a-win-best-director-at-the-2026-crunchyroll-anime-awards|will-show-i-win-best-director-at-the-2026-crunchyroll-anime-awards|will-another-show-win-best-director-at-the-2026-crunchyroll-anime-awards|will-akinori-fudesaka-norihiro-naganuma-the-apothecary-diaries-season-2-win-best-director-at-the-2026-crunchyroll-anime-awards|will-fuga-yamashiro-and-abel-gngora-dan-da-dan-season-2-win-best-director-at-the-2026-crunchyroll-anime-awards|will-fumihiko-suganuma-gachiakuta-win-best-director-at-the-2026-crunchyroll-anime-awards|will-kenji-nagasaki-naomi-nakayama-my-hero-academia-final-season-win-best-director-at-the-2026-crunchyroll-anime-awards|will-ryohei-takeshita-the-summer-hikaru-died-win-best-director-at-the-2026-crunchyroll-anime-awards|will-shinya-iino-takopis-original-sin-win-best-director-at-the-2026-crunchyroll-anime-awards|will-show-b-win-best-director-at-the-2026-crunchyroll-anime-awards|will-show-c-win-best-director-at-the-2026-crunchyroll-anime-awards|will-show-d-win-best-director-at-the-2026-crunchyroll-anime-awards|will-show-e-win-best-director-at-the-2026-crunchyroll-anime-awards|will-show-f-win-best-director-at-the-2026-crunchyroll-anime-awards|will-show-g-win-best-director-at-the-2026-crunchyroll-anime-awards|will-show-h-win-best-director-at-the-2026-crunchyroll-anime-awards|will-show-j-win-best-director-at-the-2026-crunchyroll-anime-awards|will-show-k-win-best-director-at-the-2026-crunchyroll-anime-awards,0x796b9264612b4ce517dc50625e2b12757bff7a463eb2a0b5df46ce999455356f|0x993e7481bd271d849b79a1ffb99ec040125ed83ea47c81c186ee6d199e776c4a|0xbb00c9d7aa79b6eb3307490ac9991a305c65245087cd2701bed59d295ef47a81|0x29f7b564dcf9052c2306878ba8df29ff767b4aa8c72a5acfe8ccb4d972d90858|0xb6c453a101bfdee77b27b5db8a8e054dace2d5f7cb1ef54eab62113866ec1796|0xc027a6d7346133c935702efd328f81db3bf7b79a36e6f67089314f1dddad73d9|0x9ca544576326378e3e62afb9115aba69a0898e76b7ea5e8f96087a36728907a5|0xf5bd0e1d2205fe15a8afa6a869f2197bc95d1a3bc6620ae8fdab1d9e3fb1de59|0x72f79b89bf88c5d219b2b9d5682adfe86531265876a168350cf7cda307276b9e|0x85df8033f1611890e45f7697d190d98e97e06c21db21aaba34e0ec30cdbfebf2|0x512c327f17ed71d42e5cb3a6287640a9c999046ed912ae2623b2eb04837d8abd|0xaf024754ca35c113cec5906234a8eb76312e5891f220bf67c21f37c765dafb37|0x4d435b969b25b9a7ae6e1f9e10400060392d3c4edba8e4ced1d01fe578f74f8d|0x57c11ddcf7c93e29936fafe29acc469633bad190fc965c41185def98f1a10b0b|0xd990dfb1cbd355e8afb9338e0952cef314e1cf52070d4dde96eee98d22adb4fe|0x05da0eafc73b948322a230540d92f7d8b91bc2e5c32e29853f45ac40994838f8|0x19f50027f251c8cfd25d1ff17678704a8f3545d63db6c4a606cf8da6771d4f5a|0x7ab117e4cfdb81f8785b4927c5d6042a408d7a65e147e8dabeab6415aaac25c3,"The 2026 Crunchyroll Anime Awards are scheduled to occur in Japan on May 23, 2026. This market will resolve according to the listed individual that wins the award for Best Director at the 2026 Crunchyroll Anime Awards. If, for any reason, no winner is declared by June 30, 2026, 11:59 PM ET, or in ca",https://polymarket.com/event/anime-awards-best-director-winner
anime-awards-best-background-art-winner,Anime Awards: Best Background Art Winner,culture,culture|movies|anime|awards,2026-05-23T00:00:00Z,2,2026-04-02T23:34:29.248207Z,18,18,0.00,131.08,105.94,70.85,0.350,0,will-the-apothecary-diaries-season-2-win-best-background-art-at-the-2026-crunchyroll-anime-awards|will-city-the-animation-win-best-background-art-at-the-2026-crunchyroll-anime-awards|will-dan-da-dan-season-2-win-best-background-art-at-the-2026-crunchyroll-anime-awards|will-kowloon-generic-romance-win-best-background-art-at-the-2026-crunchyroll-anime-awards|will-show-a-win-best-background-art-at-the-2026-crunchyroll-anime-awards|will-show-b-win-best-background-art-at-the-2026-crunchyroll-anime-awards|will-show-c-win-best-background-art-at-the-2026-crunchyroll-anime-awards|will-show-d-win-best-background-art-at-the-2026-crunchyroll-anime-awards|will-show-e-win-best-background-art-at-the-2026-crunchyroll-anime-awards|will-show-g-win-best-background-art-at-the-2026-crunchyroll-anime-awards|will-show-h-win-best-background-art-at-the-2026-crunchyroll-anime-awards|will-show-i-win-best-background-art-at-the-2026-crunchyroll-anime-awards|will-show-k-win-best-background-art-at-the-2026-crunchyroll-anime-awards|will-gachiakuta-win-best-background-art-at-the-2026-crunchyroll-anime-awards|will-the-summer-hikaru-died-win-best-background-art-at-the-2026-crunchyroll-anime-awards|will-show-f-win-best-background-art-at-the-2026-crunchyroll-anime-awards|will-show-j-win-best-background-art-at-the-2026-crunchyroll-anime-awards|will-another-show-win-best-background-art-at-the-2026-crunchyroll-anime-awards,0xd723220b2650d001754499d9e5ffac9ef0e2fa8f38502f5dcf50e4cd51e2336e|0xb0f27ceac3a9aeb53dfa1de603c66819dfa4ee178211e4b4eb08784db3cb7ed5|0x1567a290d3be207f35bcca35d46bf4708f81adde75b151d39d6a6a0c6d594eb7|0x5eb09c26b3cb0ad4f0872dca38c5a73e2ef90d506ca3de54461fd9b191eeb92f|0x11fe4aabd6e3e99d2cca3a75b31fd84ef14fb1d9645a4ce346be41ced37693e4|0x9906d2850e2d7b8f54d3136219f3501606d9ca886c610ecce0460c18c191d2d0|0x30f1e7a36345257ef3873bdd71667d3390ad5c09e6d3ae7e9e1c13b8963b0ec3|0x9ed4ab7573dbdf582a1ceff2bac6d0ff92464f6841a1b1a6a650e3a400b7644a|0x2dd45d83f4ba4a0a656d2a9198d84d68f930fa4afe69809bd74f4c1e6ab2385d|0xb297e55bfa3352ac8b38c35834f594e7304a369d055e0d7d75e194baa55ce31a|0x54d12752d2f005aeb992af8b2738f5d3afb017dfcc450d34ed9fc30b002acfde|0x924090f1f20c38ad0a32abb7663bd1dcf98764749682783cf2a4764802fff8bf|0x25aad998e005841cdbdcbf74b6f123b2f8b3bd6a47a0000817c8e413fd725a3f|0x3ea1547f0f7e9202672d614970c37e2e1937a2bdde9f968d128f8f5e8521e2ef|0x9a6fff79f4b46c8c2ee424c67eaa442f612327d04efc8c5e30a56f4672347a7d|0x5f2c7deb10a3e60e3ce40fcca2cef627d65644027333c4d7e1342483f1e08a9b|0xc6a33061c61f8992e28222b164c49e66204c4de0df76fe739bf6a42c0e0db19d|0x80357d3ed734db21a43f61a6caf5ec36175282056040ba67c4990f102ff17e1d,"The 2026 Crunchyroll Anime Awards are scheduled to occur in Japan on May 23, 2026. This market will resolve according to the listed title that wins the award for Best Background Art at the 2026 Crunchyroll Anime Awards. If, for any reason, no winner is declared by June 30, 2026, 11:59 PM ET, or in c",https://polymarket.com/event/anime-awards-best-background-art-winner
anime-awards-best-romance-anime-winner,Anime Awards: Best Romance Anime Winner,culture,anime|culture|awards|movies,2026-05-23T00:00:00Z,2,2026-04-02T23:43:22.263571Z,18,18,65.27,612.07,2257.03,251.85,0.952,0,will-dan-da-dan-season-2-win-best-romance-anime-at-the-2026-crunchyroll-anime-awards|will-honey-lemon-soda-win-best-romance-anime-at-the-2026-crunchyroll-anime-awards|will-my-dress-up-darling-season-2-win-best-romance-anime-at-the-2026-crunchyroll-anime-awards|will-ranma-12-season-2-win-best-romance-anime-at-the-2026-crunchyroll-anime-awards|will-show-a-win-best-romance-anime-at-the-2026-crunchyroll-anime-awards|will-show-b-win-best-romance-anime-at-the-2026-crunchyroll-anime-awards|will-show-d-win-best-romance-anime-at-the-2026-crunchyroll-anime-awards|will-show-e-win-best-romance-anime-at-the-2026-crunchyroll-anime-awards|will-show-f-win-best-romance-anime-at-the-2026-crunchyroll-anime-awards|will-show-h-win-best-romance-anime-at-the-2026-crunchyroll-anime-awards|will-show-i-win-best-romance-anime-at-the-2026-crunchyroll-anime-awards|will-show-j-win-best-romance-anime-at-the-2026-crunchyroll-anime-awards|will-show-k-win-best-romance-anime-at-the-2026-crunchyroll-anime-awards|will-another-show-win-best-romance-anime-at-the-2026-crunchyroll-anime-awards|will-blue-box-win-best-romance-anime-at-the-2026-crunchyroll-anime-awards|will-the-fragrant-flower-blooms-with-dignity-win-best-romance-anime-at-the-2026-crunchyroll-anime-awards|will-show-c-win-best-romance-anime-at-the-2026-crunchyroll-anime-awards|will-show-g-win-best-romance-anime-at-the-2026-crunchyroll-anime-awards,0xce8786c6657bdc38d1a8f8ccf685d6d7f5c0172ccbaa852704a62a253cb4641c|0x0cf7947a70c542dbf6a185358e9664ba08cf8127d1ccae4804a06100af4ced1e|0x3473a6834a272c616635c7a006ecb9fbad9dc54d9b64e57a1f934901d2637ddc|0xf72ad2a30fa49a1f49f1583c34b7335794b2dcbd2434e6248892519cae0f224f|0x102cb1464c71dcb50de8d1acf8615d357965eaa0019e9307f94e66e915c5e26f|0x3b50d5a2073d35fa9ac7490f85e385385bddb2f17b1cd2f1ade0b0a45ad2ad7e|0x5d4dc8582229bea405b094508c0b035af5dc41fb3340b634aebd6519cc2a2add|0x971a14bc91dbabc13ea1d6da36b090773dfbadf02495f350ef90f8ce042960c6|0x071cfbd34053214c9fb4f50d77a196adc448c907dc0463ff4f3cc747a2487893|0x6506ed93546d6853b0540b276e8beeb4040ef2de11e39ae752697921f11e229b|0xb1c467a85dc89c85c2a70a9ef086c82a3895f7619914b1aab0f7ef7ce98f4f3f|0x7a8757d86200f8bfb308936acf052f0eab20cfa03f48859d045493eeeedd56e5|0xb8b4a5667c3a360b6424c1ea1c2eef78bfe1805992ea2d7675aa3b060bd28361|0x2538ac39ac0e5ddae6aabe6f5a51f86835c214f48b43c10a867508de75e509ee|0x3c2a54ad56c1f359da68c0027a02b120af4711d54b9e52b3863c80e505a86cfb|0x45072fe47f0d9e6888bf8094654675f1c98d4ac6ec2f7878c472ac583dd6deba|0x00d9ed0f7109cad49067a0b15204cda075597e0a21f9a58f3c4d6a048f586dea|0xe41a687686ac7085e69e59af5ea0dd7729f41c67359acdcc88ae322763e44e6e,"The 2026 Crunchyroll Anime Awards are scheduled to occur in Japan on May 23, 2026. This market will resolve according to the listed title that wins the award for Best Romance Anime at the 2026 Crunchyroll Anime Awards. If, for any reason, no winner is declared by June 30, 2026, 11:59 PM ET, or in ca",https://polymarket.com/event/anime-awards-best-romance-anime-winner
anime-awards-best-comedy-anime-winner,Anime Awards: Best Comedy Anime Winner,culture,anime|movies|awards|culture,2026-05-23T00:00:00Z,2,2026-04-02T23:43:12.625858Z,18,18,0.00,7471.34,5607.96,4841.64,0.990,0,will-city-the-animation-win-best-comedy-anime-at-the-2026-crunchyroll-anime-awards|will-dan-da-dan-season-2-win-best-comedy-anime-at-the-2026-crunchyroll-anime-awards|will-my-dress-up-darling-season-2-win-best-comedy-anime-at-the-2026-crunchyroll-anime-awards|will-spy-x-family-season-3-win-best-comedy-anime-at-the-2026-crunchyroll-anime-awards|will-witch-watch-win-best-comedy-anime-at-the-2026-crunchyroll-anime-awards|will-show-b-win-best-comedy-anime-at-the-2026-crunchyroll-anime-awards|will-show-d-win-best-comedy-anime-at-the-2026-crunchyroll-anime-awards|will-show-e-win-best-comedy-anime-at-the-2026-crunchyroll-anime-awards|will-show-f-win-best-comedy-anime-at-the-2026-crunchyroll-anime-awards|will-show-h-win-best-comedy-anime-at-the-2026-crunchyroll-anime-awards|will-show-i-win-best-comedy-anime-at-the-2026-crunchyroll-anime-awards|will-show-j-win-best-comedy-anime-at-the-2026-crunchyroll-anime-awards|will-show-k-win-best-comedy-anime-at-the-2026-crunchyroll-anime-awards|will-another-show-win-best-comedy-anime-at-the-2026-crunchyroll-anime-awards|will-ranma-12-season-2-win-best-comedy-anime-at-the-2026-crunchyroll-anime-awards|will-show-a-win-best-comedy-anime-at-the-2026-crunchyroll-anime-awards|will-show-c-win-best-comedy-anime-at-the-2026-crunchyroll-anime-awards|will-show-g-win-best-comedy-anime-at-the-2026-crunchyroll-anime-awards,0x4439598d3ce1cfea5700d8509609467a7eaf5392653dca7debb3f82afd9f1997|0xce76d33c234a8a8bce6f8692c901aebbfc33fb104c3e23a93454ee1508a304b9|0xc45feeffa2e8515e1e758df66ecb804c9a2df9ef1c462b2f5c60790a4790e804|0xe43bc3276b5fd20005d0762a8a75d9b414403861061273d51be0fbf99bfaa3e7|0x5b4dffe57a51f0fd44244e7fe0f5287dd63637ce425fb78d2780bfbeaf66a582|0xffed3aed7c036a4052c0a78f5227d3f38a29b34fefb12259e6754844c16beb83|0x11c886c0d77a03e12c76b80ef6f3babbb1b27fb889fa9ac9c4f5be57979e21bc|0xff0f81f2b7ebbd23498b3cac625eeef027c527bc9d6c08ca3e6ec85fe064ba3f|0xfcdacc3e7831538bca8b4cf64bc8f3f5f15c79a20431610e2a019a3d3d5e26ab|0x5fe09d6a2085f20f205966ed1e61845fa0d8a21e2d32a2c622d12eaed2fe9db7|0x7ed637878a3b642745b45fc63e0b7dd6f7ff0da25a39b341888025c611f1a0f0|0xe1c1a6b8999361a5baa680db76f6bad01b9c2a6e797ce8dc7899834fe1c57014|0x01885ab699f0bd0ba3249f5c922a4e12cf977cfee66f86ae26184f7a42f95e7c|0x98c5eab6f50e900532ba7a997bc0bbbec054730c9a77a03eedcdf62c96435f03|0xad9ddedf7bfa34cb8c43fed00d4cce2982cda7fd03c4280e014e0a4b0cc4d8a1|0x04ffcd855fbdfb50506acb2225eeabed56872bcc86542bc22bb9b07954b54b34|0xe0e6dca210af98eacf3293b8200c5b2b549f80e9558fd11b3b5122eb7e3dd407|0x504469e51021516efef20890844f9a7ed09eea64457f823c8b067b4f5bc6a677,"The 2026 Crunchyroll Anime Awards are scheduled to occur in Japan on May 23, 2026. This market will resolve according to the listed title that wins the award for Best Comedy Anime at the 2026 Crunchyroll Anime Awards. If, for any reason, no winner is declared by June 30, 2026, 11:59 PM ET, or in cas",https://polymarket.com/event/anime-awards-best-comedy-anime-winner
anime-awards-best-action-anime-winner,Anime Awards: Best Action Anime Winner,culture,movies|anime|culture|awards,2026-05-23T00:00:00Z,2,2026-04-02T23:40:24.832127Z,18,18,26.53,7249.77,4378.22,1009.47,0.989,0,will-gachiakuta-win-best-action-anime-at-the-2026-crunchyroll-anime-awards|will-my-hero-academia-final-season-win-best-action-anime-at-the-2026-crunchyroll-anime-awards|will-solo-leveling-season-2-arise-from-the-shadow-win-best-action-anime-at-the-2026-crunchyroll-anime-awards|will-show-b-win-best-action-anime-at-the-2026-crunchyroll-anime-awards|will-show-d-win-best-action-anime-at-the-2026-crunchyroll-anime-awards|will-show-f-win-best-action-anime-at-the-2026-crunchyroll-anime-awards|will-show-h-win-best-action-anime-at-the-2026-crunchyroll-anime-awards|will-show-j-win-best-action-anime-at-the-2026-crunchyroll-anime-awards|will-another-show-win-best-action-anime-at-the-2026-crunchyroll-anime-awards|will-dan-da-dan-season-2-win-best-action-anime-at-the-2026-crunchyroll-anime-awards|will-kaiju-no-8-season-2-win-best-action-anime-at-the-2026-crunchyroll-anime-awards|will-one-piece-win-best-action-anime-at-the-2026-crunchyroll-anime-awards|will-show-a-win-best-action-anime-at-the-2026-crunchyroll-anime-awards|will-show-c-win-best-action-anime-at-the-2026-crunchyroll-anime-awards|will-show-e-win-best-action-anime-at-the-2026-crunchyroll-anime-awards|will-show-g-win-best-action-anime-at-the-2026-crunchyroll-anime-awards|will-show-i-win-best-action-anime-at-the-2026-crunchyroll-anime-awards|will-show-k-win-best-action-anime-at-the-2026-crunchyroll-anime-awards,0xdef69946ba12458d7f0c340358a85a3693856233f21967403e23d8596808b48d|0xaac836b88de8a6b85a0e6a42a7f90b2f6d3a80d606a30e7f08e3c63058da07ca|0x38728aa011f093df185525138f259e92f15b94aa40e541fa8c2f64e7e7053277|0x97aca3c1bf9346e4aa43aada7309fbb2154f828c5afda44e8c4e58887ef86ff2|0xecbdbecbd8de61f989fa708b282f83db5e0ea58d71827dd3b04fbf2c7fd1b53f|0x0b20749ff298789143e507d3daf3852efebf1eaf5fbf38e0c6a3a1286a1471b1|0x008472850499f6aa864b5d5039f03b56dbe11223a51f50a7bca6d6099f1256aa|0xcb75271a9370672b4a14e827d383111e5e6cfb9284aa78ebddd8ed73500ffd1c|0x4d49de083561c8c8a60891a6e90b4660a4bc693ef1313df3bfbd56c33f11b122|0xb7fe33254feb103285831ffbf313b55bbecd6f321743d08a5d0fc34233a7fadb|0x518bf67fc18e1620bad5a51096ea794c5536390cd94ecf1dd8e9efd83cb517c8|0xc73a2a8638ba122209a8308ba5a2b01582b186782ef627fd88a5652ef38d405e|0xd3c3730036307ce72e682526061b46edd8e979bdbd442d5618d8fb89daa3d36c|0x07c07425de410bde714588b72d8d15c241cb3b848e4ca59c7532ddcc68f111de|0x04148e670869e7a0bd1f69504bc17fcce067bf0c9d89b721606b67d0e5751656|0xb06f014702210bf00d6a6499070aad691083705d4657d2385a5ae83638e53475|0x9e0b0388c6aa90a451267518d3b873e8470f96d3c5ee4aa1be9baa1008678762|0x72e2f67aa60b539557951faabaa7f75700db9ca6e6f57693a85e6d141ccc9d88,"The 2026 Crunchyroll Anime Awards are scheduled to occur in Japan on May 23, 2026. This market will resolve according to the listed title that wins the award for Best Action Anime at the 2026 Crunchyroll Anime Awards. If, for any reason, no winner is declared by June 30, 2026, 11:59 PM ET, or in cas",https://polymarket.com/event/anime-awards-best-action-anime-winner
anime-awards-best-isekai-anime-winner,Anime Awards: Best Isekai Anime Winner,culture,culture|anime|awards|movies,2026-05-23T00:00:00Z,2,2026-04-03T01:34:03.862597Z,18,18,882.57,2584.44,8084.24,1676.25,0.835,1,will-campfire-cooking-in-another-world-with-my-absurd-skill-season-2-win-best-isekai-anime-at-the-2026-crunchyroll-anime-awards|will-disney-twisted-wonderland-the-animation-season-1-episode-of-heartslabyul-win-best-isekai-anime-at-the-2026-crunchyroll-anime-awards|will-from-bureaucrat-to-villainess-dads-been-reincarnated-win-best-isekai-anime-at-the-2026-crunchyroll-anime-awards|will-konosuba-gods-blessing-on-this-wonderful-world-3-bonus-stage-win-best-isekai-anime-at-the-2026-crunchyroll-anime-awards|will-rezero-starting-life-in-another-world-season-3-win-best-isekai-anime-at-the-2026-crunchyroll-anime-awards|will-zenshu-win-best-isekai-anime-at-the-2026-crunchyroll-anime-awards|will-show-a-win-best-isekai-anime-at-the-2026-crunchyroll-anime-awards|will-show-b-win-best-isekai-anime-at-the-2026-crunchyroll-anime-awards|will-show-c-win-best-isekai-anime-at-the-2026-crunchyroll-anime-awards|will-show-d-win-best-isekai-anime-at-the-2026-crunchyroll-anime-awards|will-show-e-win-best-isekai-anime-at-the-2026-crunchyroll-anime-awards|will-show-f-win-best-isekai-anime-at-the-2026-crunchyroll-anime-awards|will-show-g-win-best-isekai-anime-at-the-2026-crunchyroll-anime-awards|will-show-h-win-best-isekai-anime-at-the-2026-crunchyroll-anime-awards|will-show-i-win-best-isekai-anime-at-the-2026-crunchyroll-anime-awards|will-show-j-win-best-isekai-anime-at-the-2026-crunchyroll-anime-awards|will-show-k-win-best-isekai-anime-at-the-2026-crunchyroll-anime-awards|will-another-show-win-best-isekai-anime-at-the-2026-crunchyroll-anime-awards,0xb283c13722d74e8c5eb69e938f8bb4938ae4fab2c34dfe19b07f04d4947bc230|0xa6e90b856d21fca73d3efaf7c4f9d10ffe42a23c399bf1ad9d1f958260cccad5|0x4c9f77555ed9b973154941761ea075a6892fe0350ade7e41f5e69fe24094154f|0x863dcbf036d6474cbe6e54c0c5edc3b89fd2ce4688fc2fc5c0b94730a7e06514|0x4c839295479784ffaed5bb406137b47f7ff8628a0ebb16f874487440236c72da|0x29047ea3c64e2dcacc5e9738251a6c0467ff5ccceb936aac93a0c70191394ad2|0x8462c3e14e970284b2b6fedb69bc6505575b10fb73ac0b815774db17dfc3d381|0x9096e49daa3dd3ffc45ff76a07fd2a0cb48bec461779fec1a8ea0a4e574728e0|0xf8c16b509991538eea2aea2809c972f6f0a9d10d9f81eab5ce4d8fa40ea7b1eb|0x6b7f31b10dbf95ca21d4d446858b3aa60b15f95a135919afa5d655a53be7a60a|0xfd1fc7cb6c68e819c58b7ac924198473826dc7577c777fc91be4a9f3649cbc95|0x0612a7aac2da73dbb6a89509de502fd97f245ba385b8566d064bef93fc2f2443|0x478c6756a8d0718e2d06c2435c06714109173fcd7b19771a6f2cfe987d74b6aa|0x98a0096a97b6dabd83052ce11979e9fc8e92d44cc8d759d3e43db9e213daa087|0xcec167c930a9e295e52627a7ac17a6295c7a6526815e8121bc99ac7ce9e75171|0x2098036cf712976cb43b028fac80762162b074594d181d7f4e77cecc11977fbb|0x3b666bdf2fa99539032b04db9b06f23f40091432ac52eed1f2e6141754a62775|0xeafa712693a1769bd482c3be0cfd9aca0426170feeb212624650d5da5f616b55,"The 2026 Crunchyroll Anime Awards are scheduled to occur in Japan on May 23, 2026. This market will resolve according to the listed title that wins the award for Best Isekai Anime at the 2026 Crunchyroll Anime Awards. If, for any reason, no winner is declared by June 30, 2026, 11:59 PM ET, or in cas",https://polymarket.com/event/anime-awards-best-isekai-anime-winner
anime-awards-best-drama-anime-winner,Anime Awards: Best Drama Anime Winner,culture,awards|anime|culture|movies,2026-05-23T00:00:00Z,2,2026-04-03T01:42:53.782267Z,18,18,0.00,188.55,1055.94,118.96,0.868,0,will-anne-shirley-win-best-drama-anime-at-the-2026-crunchyroll-anime-awards|will-the-apothecary-diaries-season-2-win-best-drama-anime-at-the-2026-crunchyroll-anime-awards|will-blue-box-win-best-drama-anime-at-the-2026-crunchyroll-anime-awards|will-orb-on-the-movements-of-the-earth-win-best-drama-anime-at-the-2026-crunchyroll-anime-awards|will-the-summer-hikaru-died-win-best-drama-anime-at-the-2026-crunchyroll-anime-awards|will-takopis-original-sin-win-best-drama-anime-at-the-2026-crunchyroll-anime-awards|will-show-a-win-best-drama-anime-at-the-2026-crunchyroll-anime-awards|will-show-b-win-best-drama-anime-at-the-2026-crunchyroll-anime-awards|will-show-c-win-best-drama-anime-at-the-2026-crunchyroll-anime-awards|will-show-d-win-best-drama-anime-at-the-2026-crunchyroll-anime-awards|will-show-e-win-best-drama-anime-at-the-2026-crunchyroll-anime-awards|will-show-f-win-best-drama-anime-at-the-2026-crunchyroll-anime-awards|will-show-g-win-best-drama-anime-at-the-2026-crunchyroll-anime-awards|will-show-h-win-best-drama-anime-at-the-2026-crunchyroll-anime-awards|will-show-i-win-best-drama-anime-at-the-2026-crunchyroll-anime-awards|will-show-j-win-best-drama-anime-at-the-2026-crunchyroll-anime-awards|will-show-k-win-best-drama-anime-at-the-2026-crunchyroll-anime-awards|will-another-show-win-best-drama-anime-at-the-2026-crunchyroll-anime-awards,0x982ab71dac82547e418373a6cbb084a8df3ed144ac9ec4c8b261d2eaa096ab82|0x997f05b06a42ab46c2ff8d42afd3c63fe9b10da5f54288fba5ad5953afb478fe|0x2be0471662fb67857bddc37d31ed6369259fb1106ea443a8c8eb8dece22a1401|0x0e23b988d572569cd8b553d93b250a48c5a4ba4f9c925c939cbeb3e244fc76a0|0x6dc392d2a4292c47256ebb93ee799e735994dcfccf902e0d196622690dabf33e|0xf5bf8dbd38e7732dad95578195911a7d3cb57167dd5690f8d46a42ce18f6bc9a|0x03201296bfb7b49f5218c544a4186561d40db3c6532234ba274cf346c90d982b|0x0ce627eb6536e891926b4acae39f462953a10068523b14cec2f745eaf4edd671|0x880ba407c9f37321d5d6354733e0b7eb2a45eee720b0d171b31cf5d163e62b62|0xbb1b6d4b23a06e6f1a6dd722a03facb5cb487376c6b71dab4949c12f089363d5|0x17373a200d5ae90ddfec25eee3ad72fade0847d778f0bc6c0bb413ae2155afcf|0xf7cabfd92f6e84b4b2b71ff45a6994ec24069f35e161a874260c41def713c63a|0x99190664410163f4c5522c15c44665d1164afde4a7c1abae65fe2d218c145988|0xda8cc03963c3bc16ba2602b7afbea7cf39584085b11cafd96cb64ecfbf25018f|0xee285f055547c38187a3ef524b2383cc7100925d937f2eb4ead119ba72fb2a97|0x342b731b1f90df1534ee70fd48236f5f0d5322ea4a0208035d47a5e20e6b873f|0x581347617b86c70ccf0c8dd2e88f3e8a75f1294b8a79b18bd4e9c6d78ca6186e|0xa83ce49cdbe4097d54e4fdc8ccfc1ad0c572837f4ef5fdb97947d9af304a7295,"The 2026 Crunchyroll Anime Awards are scheduled to occur in Japan on May 23, 2026. This market will resolve according to the listed title that wins the award for Best Drama Anime at the 2026 Crunchyroll Anime Awards. If, for any reason, no winner is declared by June 30, 2026, 11:59 PM ET, or in case",https://polymarket.com/event/anime-awards-best-drama-anime-winner
anime-awards-best-slice-of-life-anime-winner,Anime Awards: Best Slice of Life Anime Winner,culture,movies|culture|awards|anime,2026-05-23T00:00:00Z,2,2026-04-03T01:34:04.189889Z,18,18,263.00,441.14,1451.52,120.01,0.885,0,will-city-the-animation-win-best-slice-of-life-anime-at-the-2026-crunchyroll-anime-awards|will-spy-x-family-season-3-win-best-slice-of-life-anime-at-the-2026-crunchyroll-anime-awards|will-show-b-win-best-slice-of-life-anime-at-the-2026-crunchyroll-anime-awards|will-show-e-win-best-slice-of-life-anime-at-the-2026-crunchyroll-anime-awards|will-anne-shirley-win-best-slice-of-life-anime-at-the-2026-crunchyroll-anime-awards|will-blue-box-win-best-slice-of-life-anime-at-the-2026-crunchyroll-anime-awards|will-the-fragrant-flower-blooms-with-dignity-win-best-slice-of-life-anime-at-the-2026-crunchyroll-anime-awards|will-show-a-win-best-slice-of-life-anime-at-the-2026-crunchyroll-anime-awards|will-show-d-win-best-slice-of-life-anime-at-the-2026-crunchyroll-anime-awards|will-show-g-win-best-slice-of-life-anime-at-the-2026-crunchyroll-anime-awards|will-show-i-win-best-slice-of-life-anime-at-the-2026-crunchyroll-anime-awards|will-show-j-win-best-slice-of-life-anime-at-the-2026-crunchyroll-anime-awards|will-another-show-win-best-slice-of-life-anime-at-the-2026-crunchyroll-anime-awards|will-my-dress-up-darling-season-2-win-best-slice-of-life-anime-at-the-2026-crunchyroll-anime-awards|will-show-c-win-best-slice-of-life-anime-at-the-2026-crunchyroll-anime-awards|will-show-f-win-best-slice-of-life-anime-at-the-2026-crunchyroll-anime-awards|will-show-h-win-best-slice-of-life-anime-at-the-2026-crunchyroll-anime-awards|will-show-k-win-best-slice-of-life-anime-at-the-2026-crunchyroll-anime-awards,0xd791926659d494bfd12e95120111662311ef2161525f50741bc9e6cc27c29ad0|0xd79827bfadfb1991fb3b046bc439ebee23f5b93432d83d930ae36e03388831d6|0x49dfc04430d870d36da6d90b8577ba82dac103542d4c45b7f42e4c47347ff65e|0x533dc89d24f32dd6f5f481adc9e7284219646ae833fbf20312a3e7e1509731da|0xad36c12f9ff815c68a7338ccfe1eaf8bef3cd9167556fff256a0ede847ebef64|0xce8567066342474980bce5c32b656578895f1024293f6642eeb4dd4ff6cad0e4|0x8ee4489702b59f42eeca96daca44a6a0b22305fcdcc7218e153bd7d6475f8813|0xd2cfdc025cccbd5b9bcce0fc6f6c1a131de6ab76512ddfdf3da4f9600d9193b0|0x5c07d9f6398fba950d9ae07dae819e594093ecb870bf35f0d17d6f56466efd69|0x4d316c64b9b9f3b5a2a9d62d4790a1a37ef41d1a95cd9b8b08f8481ef8dbbe4a|0xe99d813ef40d532acdb36e62ac6ee9f65b949f5eb74f2c0ab10dcd9f4c78e3d7|0xd0461578d5c13655660dd3a27dbf38a9ff61dd9bb6eaefdb540b1ba48ff68a13|0x29b4d478264d199b53cede594be295e77f4d23a390d7c1408c3e10f6c08dc51f|0xcea67042b3d7d35ca077cd28c77ee30adeb1f66d890afe10a4e22d97b8038426|0xf9965805b5de273300c78804a2bf4e036f36f660a3ebeba647bf9e5b38a01b84|0x1bfcd988fbe7c185a3d0799de688f133f112058cbae7dc3e78a9c22007ada775|0x391d7ebd5089c8e370a472988842b262cf3fd4ec94007e5030800e42c284c33b|0xa3ceb40b38ad27ad94261adf62b4cdefb63efbb995be5b1f4c13287cb55209a1,"The 2026 Crunchyroll Anime Awards are scheduled to occur in Japan on May 23, 2026. This market will resolve according to the listed title that wins the award for Best Slice of Life Anime at the 2026 Crunchyroll Anime Awards. If, for any reason, no winner is declared by June 30, 2026, 11:59 PM ET, or",https://polymarket.com/event/anime-awards-best-slice-of-life-anime-winner
anime-awards-best-anime-main-character-winner,Anime Awards: Best Anime Main Character Winner,culture,anime|culture|movies|awards,2026-05-23T00:00:00Z,2,2026-04-03T01:36:41.407555Z,18,18,0.00,1030.73,1807.66,515.11,0.978,1,will-izuku-midoriya-my-hero-academia-final-season-win-best-anime-main-character-at-the-2026-crunchyroll-anime-awards|will-momo-dan-da-dan-season-2-win-best-anime-main-character-at-the-2026-crunchyroll-anime-awards|will-rudo-gachiakuta-win-best-anime-main-character-at-the-2026-crunchyroll-anime-awards|will-show-a-win-best-anime-main-character-at-the-2026-crunchyroll-anime-awards|will-show-c-win-best-anime-main-character-at-the-2026-crunchyroll-anime-awards|will-show-e-win-best-anime-main-character-at-the-2026-crunchyroll-anime-awards|will-show-g-win-best-anime-main-character-at-the-2026-crunchyroll-anime-awards|will-show-i-win-best-anime-main-character-at-the-2026-crunchyroll-anime-awards|will-show-k-win-best-anime-main-character-at-the-2026-crunchyroll-anime-awards|will-maomao-the-apothecary-diaries-season-2-win-best-anime-main-character-at-the-2026-crunchyroll-anime-awards|will-okarun-dan-da-dan-season-2-win-best-anime-main-character-at-the-2026-crunchyroll-anime-awards|will-sung-jinwoo-solo-leveling-season-2-arise-from-the-shadow-win-best-anime-main-character-at-the-2026-crunchyroll-anime-awards|will-show-b-win-best-anime-main-character-at-the-2026-crunchyroll-anime-awards|will-show-d-win-best-anime-main-character-at-the-2026-crunchyroll-anime-awards|will-show-f-win-best-anime-main-character-at-the-2026-crunchyroll-anime-awards|will-show-h-win-best-anime-main-character-at-the-2026-crunchyroll-anime-awards|will-show-j-win-best-anime-main-character-at-the-2026-crunchyroll-anime-awards|will-another-show-win-best-anime-main-character-at-the-2026-crunchyroll-anime-awards,0x33835c1a54548b3008c73efde665fa4c35b96822b072fb017dbc5915d4f2be6a|0x30065986126ef8d831e7005b9dc8d2768026e4281e69ef0d57792c83e54539ba|0x6c04ba1f5a23d05bb01180da408f7aa24ee0a3c3f1372822905dd4e443a597d1|0xa18b995736af207f2d3881f732e4c705fe89c55d84762684dc538c0fa71b713c|0xab89a8563528431d2ff2cea0e91e9a6fcedf4aae03b82ae8990cedd986884fcc|0x4916ae683eca52dc64e8658675819e18e20f5897618a97dc872f75a03976810d|0x5fa7a0762ab71e79bec45647635b0f4dc029912e9b35c9122d119a1deb93de76|0xba68f8c913fffc53e4ccc1e6059e5602fba6f8118b6ed04bd6bd92e3d345400b|0x444b94004cf6b88c43ac0c84df7744a49c4ec8fbbefd7162b4a92cab282d0297|0xda36ee5e5232c245931352222d78a195a6d34dbb8e2e1b4a25f20153768223a5|0x16c401230f538ef1bb58907a0e4a4a6a59fcbf25b1be306530abe0e3c0c79af4|0x773547d9d4748416aca958f3fa7e134b15b055b1be4ba6cd1c3e14350abe3d83|0x2d8d285ce3a3f31d73b98a43633367366cfbe69f1ccd0e096b7a60b1106360aa|0x74ed84ca2a89e9545cbba95617725e1cd5acf590c132905d5817cadfffa0e2e3|0xca0c58a07a9ef214078a6dd8333f2d7bea29e5a6c999c973a676517d47557cb8|0x20008603236e989a24057aa512b806116f8ad32d4df59afbc0917aa4fff90e11|0xcf9b5d20be93ef580142f38b52e250a29727b6c4aeb44a868b12c765de745fcd|0x2b59a3d240444642c2e849ac62856914954786a785ac8a66db11c3a50c582c18,"The 2026 Crunchyroll Anime Awards are scheduled to occur in Japan on May 23, 2026. This market will resolve according to the listed character that wins the award for Best Anime Main Character at the 2026 Crunchyroll Anime Awards. If, for any reason, no winner is declared by June 30, 2026, 11:59 PM E",https://polymarket.com/event/anime-awards-best-anime-main-character-winner
anime-awards-best-anime-supporting-character-winner,Anime Awards: Best Anime Supporting Character Winner,culture,movies|anime|culture|awards,2026-05-23T00:00:00Z,2,2026-04-03T01:40:14.231665Z,18,18,0.00,890.71,1379.61,791.24,0.833,0,will-turbo-granny-dan-da-dan-season-2-win-best-anime-supporting-character-at-the-2026-crunchyroll-anime-awards|will-show-d-win-best-anime-supporting-character-at-the-2026-crunchyroll-anime-awards|will-show-h-win-best-anime-supporting-character-at-the-2026-crunchyroll-anime-awards|will-show-j-win-best-anime-supporting-character-at-the-2026-crunchyroll-anime-awards|will-enjin-gachiakuta-win-best-anime-supporting-character-at-the-2026-crunchyroll-anime-awards|will-jin-enjoji-jiji-dan-da-dan-season-2-win-best-anime-supporting-character-at-the-2026-crunchyroll-anime-awards|will-jinshi-the-apothecary-diaries-season-2-win-best-anime-supporting-character-at-the-2026-crunchyroll-anime-awards|will-katsuki-bakugo-my-hero-academia-final-season-win-best-anime-supporting-character-at-the-2026-crunchyroll-anime-awards|will-loulanshisui-the-apothecary-diaries-season-2-win-best-anime-supporting-character-at-the-2026-crunchyroll-anime-awards|will-show-a-win-best-anime-supporting-character-at-the-2026-crunchyroll-anime-awards|will-show-b-win-best-anime-supporting-character-at-the-2026-crunchyroll-anime-awards|will-show-c-win-best-anime-supporting-character-at-the-2026-crunchyroll-anime-awards|will-show-e-win-best-anime-supporting-character-at-the-2026-crunchyroll-anime-awards|will-show-f-win-best-anime-supporting-character-at-the-2026-crunchyroll-anime-awards|will-show-g-win-best-anime-supporting-character-at-the-2026-crunchyroll-anime-awards|will-show-i-win-best-anime-supporting-character-at-the-2026-crunchyroll-anime-awards|will-show-k-win-best-anime-supporting-character-at-the-2026-crunchyroll-anime-awards|will-another-show-win-best-anime-supporting-character-at-the-2026-crunchyroll-anime-awards,0xdcb35bc2e30385ec712cccf6bdcd9936740deebb2fec962583001ad724d6890a|0x05069dfa07fe94088eba542ee7719fee79a71fc5b729d21fcb402e505958f0f7|0x4ed18971980c7283a7f4c0f019eb89fd0c6a474d787b7a83a88859b932c3f530|0x7376688d37fde5a1ff5cd24f57d2c1483a25f95577f6f66be91248d7eb4be317|0x16677ea488ccb028b79d493cb54edf27493cd6c9f204a7a69ee6d295ea281e7c|0x2762b17968936bb38564b4b7737293645184243b11ee9bed76625c77a959fc6c|0x044d82f1fa5181a730258645f22f8afc3693594ec4d9e452b9c1d3a90d34560e|0xeab1aa2eaf021e1e0c53b6c93c0caf45813ea05fc2fd1cdfc6ece2976e364f97|0x8687e23e7230fc7678a87ddcadb34ef768fd54148dcf6a1e18cd45d8b49fc0f4|0x2c25c106dba3933d6de0b5c0387def5c4277f89cbeafba7a36be32ad2a0c4d29|0x2e1bcd7867bc8baa3fa44d0d57d7748c770641feadec21cd0df22ad58c8d594b|0xe6782a7dae44274537042a405a2a7ba826989860168efa4fb9a1709f95484b4a|0x7912cb67c2bf2b63c7db36121ddf03bd2d0c5a044d81646010fe9cbb02499c71|0x42e0de1a515e46098d467eaf054643a097ad8aa4902be11e69fc53cb971a12bf|0xdfb95de63163a332a6d3493bffbdc93761db21949b3b1a27b5c5b07bb2f79fe6|0x73b02ba37a3ee2228454932917ef34f0bea82e26fb89ab46cdb0e4551127513f|0x6d55cff79b7cb6df8f33389eb910c98b8a90d9f0ac6096f44f31f8febbf22869|0x12f54c3b874e9da4ca28f91f35faaf20ec842da1e86f01e04225896fcf0882d7,"The 2026 Crunchyroll Anime Awards are scheduled to occur in Japan on May 23, 2026. This market will resolve according to the listed character that wins the award for Best Anime Supporting Character at the 2026 Crunchyroll Anime Awards. If, for any reason, no winner is declared by June 30, 2026, 11:5",https://polymarket.com/event/anime-awards-best-anime-supporting-character-winner
anime-awards-best-anime-must-protect-at-all-costs-character-winner,"Anime Awards: Best Anime ""Must Protect At All Costs"" Character Winner",culture,culture|movies|awards|anime,2026-05-23T00:00:00Z,2,2026-04-03T01:49:16.548545Z,18,18,0.00,248.12,862.43,110.03,0.888,0,will-anya-forger-spy-x-family-season-3-win-best-anime-must-protect-at-all-costs-character-at-the-2026-crunchyroll-anime-awards|will-takopi-takopis-original-sin-win-best-anime-must-protect-at-all-costs-character-at-the-2026-crunchyroll-anime-awards|will-character-b-win-best-anime-must-protect-at-all-costs-character-at-the-2026-crunchyroll-anime-awards|will-character-h-win-best-anime-must-protect-at-all-costs-character-at-the-2026-crunchyroll-anime-awards|will-character-j-win-best-anime-must-protect-at-all-costs-character-at-the-2026-crunchyroll-anime-awards|will-character-k-win-best-anime-must-protect-at-all-costs-character-at-the-2026-crunchyroll-anime-awards|will-izuku-midoriya-my-hero-academia-final-season-win-best-anime-must-protect-at-all-costs-character-at-the-2026-crunchyroll-anime-awards|will-kaoruko-waguri-the-fragrant-flower-blooms-with-dignity-win-best-anime-must-protect-at-all-costs-character-at-the-2026-crunchyroll-anime-awards|will-maomao-the-apothecary-diaries-season-2-win-best-anime-must-protect-at-all-costs-character-at-the-2026-crunchyroll-anime-awards|will-suika-dr-stone-science-future-win-best-anime-must-protect-at-all-costs-character-at-the-2026-crunchyroll-anime-awards|will-character-a-win-best-anime-must-protect-at-all-costs-character-at-the-2026-crunchyroll-anime-awards|will-character-c-win-best-anime-must-protect-at-all-costs-character-at-the-2026-crunchyroll-anime-awards|will-character-d-win-best-anime-must-protect-at-all-costs-character-at-the-2026-crunchyroll-anime-awards|will-character-e-win-best-anime-must-protect-at-all-costs-character-at-the-2026-crunchyroll-anime-awards|will-character-f-win-best-anime-must-protect-at-all-costs-character-at-the-2026-crunchyroll-anime-awards|will-character-g-win-best-anime-must-protect-at-all-costs-character-at-the-2026-crunchyroll-anime-awards|will-character-i-win-best-anime-must-protect-at-all-costs-character-at-the-2026-crunchyroll-anime-awards|will-another-character-win-best-anime-must-protect-at-all-costs-character-at-the-2026-crunchyroll-anime-awards,0x0886e35e1ba6c1d159d17fdd97b0ade368ed16f53f5ee1398b45cbb7a80b9f4e|0xe865184aa2bcdb1e5adb44d18ddfe5ada9faea7e4ada28c59a95458d3391cb31|0x79666e995350d37b75d2bdca006f8039a6205ef537c19b069436c3b0baa5db59|0x7c402ea9780b17600043224dbbf2202e3a74d8bd5c596c77e72cb1097498589c|0x46235e33e69f243d7e4908e86cc6ec2eaa602f5a549b8961405d879fc8976683|0x44620d64b3aa019b26afc4ed7ffd3d447caf7634151f65556a482e892b3c718f|0xd3aaf02ea21b03e8753263021d3ba660092c20522a35f66fef2678add0d1be09|0x5dd9f23a24c0e01ba1556affd2caff88b194e0cd5f981762895504c881e380c9|0xa74451ebd8916f02306ddbb62a8beae859ca73ea9a5ccadc3875bca0e9399f3f|0x4c3129d4d92f2bb8785b744d4025ac889f03819433ad9952aa559d404e02ff19|0x752b5fe5684d2f5c992ba6ab260e9308eb328e004cc4caac5f6b1ef9a3bae039|0x02f756906212d10773dc4229fb62ce79cc8758c8a634793fcd65c2cca8004f8f|0x10eb74acd99d90e907c5a0f472aeb800b142f1dffdf672537bc0017da6aac557|0x9ba701bc9e49859a0bd964b38108b7c6261f055f8dc845b54e2469f8a7b7e554|0x231d3a9fb460055f84bb2f5710abe4ddddaba60a8d4031a28179fcccfd7f0185|0x8a617d47e4abbda01de5c36cd818e333f984071bb288191805e0868f6bd9d139|0x99ed164b18c92c53c677051f4b77556791eda85e06819af780d268ee62279a84|0x9343cdb2928b63fd570be06e733f6eaa95b72e9f8a815d9de202f989d4adb65a,"The 2026 Crunchyroll Anime Awards are scheduled to occur in Japan on May 23, 2026. This market will resolve according to the listed character that wins the award for Best Anime ""Must Protect At All Costs"" Character at the 2026 Crunchyroll Anime Awards. If, for any reason, no winner is declared by Ju",https://polymarket.com/event/anime-awards-best-anime-must-protect-at-all-costs-character-winner
anime-awards-best-anime-song-winner,Anime Awards: Best Anime Song Winner,culture,anime|culture|awards|movies,2026-05-23T00:00:00Z,2,2026-04-03T01:54:17.849355Z,18,18,2.50,6615.96,3051.84,1726.57,0.920,0,will-in-bloom-by-lilas-ikuta-the-apothecary-diaries-season-2-win-best-anime-song-at-the-2026-crunchyroll-anime-awards|will-jane-doe-by-kenshi-yonezu-and-hikaru-utada-chainsaw-man-the-movie-reze-arc-win-best-anime-song-at-the-2026-crunchyroll-anime-awards|will-song-b-win-best-anime-song-at-the-2026-crunchyroll-anime-awards|will-song-f-win-best-anime-song-at-the-2026-crunchyroll-anime-awards|will-song-i-win-best-anime-song-at-the-2026-crunchyroll-anime-awards|will-iris-out-by-kenshi-yonezu-chainsaw-man-the-movie-reze-arc-win-best-anime-song-at-the-2026-crunchyroll-anime-awards|will-on-the-way-by-aina-the-end-dan-da-dan-season-2-win-best-anime-song-at-the-2026-crunchyroll-anime-awards|will-reawaker-feat-felix-of-stray-kids-by-lisa-solo-leveling-season-2-arise-from-the-shadow-win-best-anime-song-at-the-2026-crunchyroll-anime-awards|will-watch-me-by-yoasobi-witch-watch-win-best-anime-song-at-the-2026-crunchyroll-anime-awards|will-song-a-win-best-anime-song-at-the-2026-crunchyroll-anime-awards|will-song-c-win-best-anime-song-at-the-2026-crunchyroll-anime-awards|will-song-d-win-best-anime-song-at-the-2026-crunchyroll-anime-awards|will-song-e-win-best-anime-song-at-the-2026-crunchyroll-anime-awards|will-song-g-win-best-anime-song-at-the-2026-crunchyroll-anime-awards|will-song-h-win-best-anime-song-at-the-2026-crunchyroll-anime-awards|will-song-j-win-best-anime-song-at-the-2026-crunchyroll-anime-awards|will-song-k-win-best-anime-song-at-the-2026-crunchyroll-anime-awards|will-another-song-win-best-anime-song-at-the-2026-crunchyroll-anime-awards,0xb99080b1300acd60bae4d894a3f1eee7b02c3c645a4704e62ccce3587531c697|0x6bd7c654027ec8086394ec4654c05b3bb9accd40fa8cf523d103d8accc46b267|0x29a9c01afc2bf04ad267e0bf551ff3f4fa16cf00559ce7b753471527a8ef7a22|0xce734cfb84dbb99afe804f4290deb374bc608875c35b51658b32b02531f5255e|0xc67586f4b1eda30d32df79215751284d5ad8c76fe2e5342101adadaf64a9215d|0x831c1c8a28259153d3e83976bb8009ef0179e49baa630a0f29159cc8de95f2ac|0x66c68e7db57098f5813dcbb66ca0a97c002982346af47ee1d4b00a53d8cf2612|0x20891d67fde2bae26ab2f96345e78c1007e3aee9792eab560aa48a16b5d78cc9|0x8613a164317c93991a6d240d01cb951b9451947f48b9ca460f24e7466f46cb9b|0xc5ec5a91acc520ea4ba120b08041d12fce8d7581d95f93f42493effd512ef09e|0x183a7d6e26675540ecf755c4d1ae5a97a849482658da45a8d533d2fc5d8711b5|0xd69feeeb233eb716154d07919a4c55f54eac89589afaa62ddd1920f2845dc124|0xcf43b56a236b6b94ef732b650c629a426b58c410857affa054a2d66a028c34e5|0x9ee87935b3fb0a77979fbc897492b366bbffed3237e99ca6ff1f05f92e13b681|0xcdee2571aa062c8f11c4db3d3fbb70643d0a2b77c69dce43869548b8ac84a2e2|0xde75f090de0afc4556da63064b24c644f7a16c73d427df1da83f88aba65f7527|0x7f80115d5957a4dbd734ac634ada871359f4a6482c02336edad0ffa06a5d5068|0xe4e9a4215ed2e3721b2dba181b32e583ad3125ac90a94b6fe9420c9dbcdd2ea3,"The 2026 Crunchyroll Anime Awards are scheduled to occur in Japan on May 23, 2026. This market will resolve according to the listed song that wins the award for Best Anime Song at the 2026 Crunchyroll Anime Awards. If, for any reason, no winner is declared by June 30, 2026, 11:59 PM ET, or in case o",https://polymarket.com/event/anime-awards-best-anime-song-winner
anime-awards-best-anime-score-winner,Anime Awards: Best Anime Score Winner,culture,culture|movies|anime|awards,2026-05-23T00:00:00Z,2,2026-04-03T02:08:48.414478Z,18,18,0.00,507.95,681.05,339.37,0.459,0,will-the-apothecary-diaries-season-2-satoru-kosaki-kevin-penkin-alisa-okehazama-win-best-anime-score-at-the-2026-crunchyroll-anime-awards|will-chainsaw-man-the-movie-reze-arc-kensuke-ushio-win-best-anime-score-at-the-2026-crunchyroll-anime-awards|will-dan-da-dan-season-2-kensuke-ushio-win-best-anime-score-at-the-2026-crunchyroll-anime-awards|will-demon-slayer-kimetsu-no-yaiba-infinity-castle-yuki-kajiura-go-shiina-win-best-anime-score-at-the-2026-crunchyroll-anime-awards|will-gachiakuta-taku-iwasaki-win-best-anime-score-at-the-2026-crunchyroll-anime-awards|will-solo-leveling-season-2-arise-from-the-shadow-hiroyuki-sawano-win-best-anime-score-at-the-2026-crunchyroll-anime-awards|will-show-a-win-best-anime-score-at-the-2026-crunchyroll-anime-awards|will-show-b-win-best-anime-score-at-the-2026-crunchyroll-anime-awards|will-show-c-win-best-anime-score-at-the-2026-crunchyroll-anime-awards|will-show-d-win-best-anime-score-at-the-2026-crunchyroll-anime-awards|will-show-e-win-best-anime-score-at-the-2026-crunchyroll-anime-awards|will-show-f-win-best-anime-score-at-the-2026-crunchyroll-anime-awards|will-show-g-win-best-anime-score-at-the-2026-crunchyroll-anime-awards|will-show-h-win-best-anime-score-at-the-2026-crunchyroll-anime-awards|will-show-i-win-best-anime-score-at-the-2026-crunchyroll-anime-awards|will-show-j-win-best-anime-score-at-the-2026-crunchyroll-anime-awards|will-show-k-win-best-anime-score-at-the-2026-crunchyroll-anime-awards|will-another-show-win-best-anime-score-at-the-2026-crunchyroll-anime-awards,0x573d77149b3c11b461ec01cac0f523421374da9066ce2d380419260606da3dc4|0x7d2d205686fc05ab424c0d6daa0068706885d4cd28ce5db4a626e01b75ceff09|0xc1464abc8c01c354b513c530cb1866de45a5f5d1ededc5630d072010c292747b|0x267a0124b45d58b250581cee9bbfffa5dbda652f02410c1155aa7ed515a5eafe|0xa1bda7b783713a0e0e335a354e77a808e560e4e52b641a6c5c07b1f4f7c265c5|0x6800d1979495f92676a777addc49a70b6cc120e8ed23204a9eb2be2c41e6f8f0|0x73f22f2fa8114beea6d90b55c21d472125f1338da970024ef79fb3f69bf59e39|0xf407a2f0dc1b59bd299ab949347f16fc6355e565ada5d8ff0d1a80b039938cb9|0x9c42bbf6efa170024e96479ca3f77d24e1f104746a68d43042241257b5f863c7|0x6ae9cc4c617d84106cb80aadb4b0b2523cb324e9ab2c2ca016dbab907d0ede6f|0x5b357a4dededbfd1e41f0c3d26783a008a867631752a199e2376822c82791910|0xb518590f0df24dd3eef25279c8c1f25a2c68950912f86f4a052b0e81130c3375|0x478e44f29fe51372946d120a60658f9ec59ce683ae584c986b77c50f3270e85f|0x7e56db645f66f6719a2655be1a1e6456b70d82dd6d6806490938de672b9e6065|0x87ccc4775a1bf96ec1bea09a95fe4330f41b04f9a43424511e7e81fe05c8b4c0|0xe743e5c8fdf1bfb6b19796cd29281c2adc87a68ce0e09a49f8d2cc463a2d1bc8|0xa7facc1a5855b220b911477fabfbe4b9b210225d44769dc53b8cba8743ea0b66|0x40ce35f2663c1a5877d237f468ca9bfa008ff4200eca8b8607f88b25d074005d,"The 2026 Crunchyroll Anime Awards are scheduled to occur in Japan on May 23, 2026. This market will resolve according to the listed title that wins the award for Best Anime Score at the 2026 Crunchyroll Anime Awards. If, for any reason, no winner is declared by June 30, 2026, 11:59 PM ET, or in case",https://polymarket.com/event/anime-awards-best-anime-score-winner
anime-awards-best-anime-opening-sequence-winner,Anime Awards: Best Anime Opening Sequence Winner,culture,movies|awards|anime|culture,2026-05-23T00:00:00Z,2,2026-04-03T01:49:20.332139Z,18,18,5.00,151.92,1033.27,151.00,0.937,0,will-hugs-by-paledusk-gachiakuta-win-best-anime-opening-sequence-at-the-2026-crunchyroll-anime-awards|will-mirage-by-creepy-nuts-call-of-the-night-season-2-win-best-anime-opening-sequence-at-the-2026-crunchyroll-anime-awards|will-on-the-way-by-aina-the-end-dan-da-dan-season-2-win-best-anime-opening-sequence-at-the-2026-crunchyroll-anime-awards|will-reawaker-feat-felix-of-stray-kids-by-lisa-solo-leveling-season-2-arise-from-the-shadow-win-best-anime-opening-sequence-at-the-2026-crunchyroll-anime-awards|will-the-revo-by-pornograffitti-my-hero-academia-final-season-win-best-anime-opening-sequence-at-the-2026-crunchyroll-anime-awards|will-watch-me-by-yoasobi-witch-watch-win-best-anime-opening-sequence-at-the-2026-crunchyroll-anime-awards|will-show-a-win-best-anime-opening-sequence-at-the-2026-crunchyroll-anime-awards|will-show-b-win-best-anime-opening-sequence-at-the-2026-crunchyroll-anime-awards|will-show-c-win-best-anime-opening-sequence-at-the-2026-crunchyroll-anime-awards|will-show-d-win-best-anime-opening-sequence-at-the-2026-crunchyroll-anime-awards|will-show-e-win-best-anime-opening-sequence-at-the-2026-crunchyroll-anime-awards|will-show-f-win-best-anime-opening-sequence-at-the-2026-crunchyroll-anime-awards|will-show-g-win-best-anime-opening-sequence-at-the-2026-crunchyroll-anime-awards|will-show-h-win-best-anime-opening-sequence-at-the-2026-crunchyroll-anime-awards|will-show-i-win-best-anime-opening-sequence-at-the-2026-crunchyroll-anime-awards|will-show-j-win-best-anime-opening-sequence-at-the-2026-crunchyroll-anime-awards|will-show-k-win-best-anime-opening-sequence-at-the-2026-crunchyroll-anime-awards|will-another-show-win-best-anime-opening-sequence-at-the-2026-crunchyroll-anime-awards,0xe53312ee47bec5ad5be994373a53b3880396d02cc517c18ed3bc2d9b6cad0237|0x25fd5c0bee30b6bbe7419c34ba7fb69eeb368efd1edea9dfce72153a12dfc0cc|0x05d1013ed0dfee72dae1f9dcb6a938529c52fb1ccd88d70a18282f35e2642548|0xab3f588a65afd2d8e408a89575f02b0e7775267f3bb619faf43b11ae7c2f79e8|0xa8f8782b8b0e133b1f1a70d5908901794aae07ce50a0e0876f706f55087f66d0|0xd20b0621ab19d4a27a1418fac27fe9d0c44d2afbf4e2c7024a0705d42d9f6730|0xda9d5e2aa96ab8caf71f53da99782673aee858afe3e0bd9f488f912283227eb0|0xdf6146ef37c49db2581c807b6f33ed297c36be40d070968f134b80970f5c58d1|0x5e464df18760f598455b898ace777fca709543ace9d932d93da5c447e562458f|0xcae4a2524093ea77bf4fffd0b0f0a3504dae3b36223d280737f254dbb83ffcf1|0x4e5707edfcd633f6e2ec73ded2051ab4154dc4fcc0a6e61abbb10350c4015728|0x34a405b024d32385c7a54bdc3816051f49b9df3c957648170132d4f7d4f8b5db|0x4b3e4defdbbc324fde2f1ac2873c383891cee7f48fcb8035be60b2a35afc48de|0xa6991b8d9067bb96280d770c2806f0a9dfab794a8323166e9ea1c4e8ffb5ae4a|0x56ab535a61f6ae5ba805a1f9243d5b8037d96c80be42c45edceb3a346f1d2df7|0x958321ea9045101d32d188639d1b952b2aa64f43723021d3deb1f61ef4793e13|0xe6967dcfba6a9a9bdbd55b59e62b76962da69fb85b67de6dfa6d5cd8b039782d|0x8e14b8dfa02e619c1170f047c39a5355a5af33f4ce1105a6c375df077b8949fe,"The 2026 Crunchyroll Anime Awards are scheduled to occur in Japan on May 23, 2026. This market will resolve according to the listed title that wins the award for Best Anime Opening Sequence at the 2026 Crunchyroll Anime Awards. If, for any reason, no winner is declared by June 30, 2026, 11:59 PM ET,",https://polymarket.com/event/anime-awards-best-anime-opening-sequence-winner
anime-awards-best-anime-ending-sequence-winner,Anime Awards: Best Anime Ending Sequence Winner,culture,movies|awards|anime|culture,2026-05-23T00:00:00Z,2,2026-04-03T01:56:47.496538Z,18,18,0.00,763.26,549.77,402.09,0.848,0,will-actor-by-lilas-ikuta-spy-x-family-season-3-win-best-anime-ending-sequence-at-the-2026-crunchyroll-anime-awards|will-i-by-bump-of-chicken-my-hero-academia-final-season-win-best-anime-ending-sequence-at-the-2026-crunchyroll-anime-awards|will-un-apex-by-tk-from-ling-tosite-sigure-solo-leveling-season-2-arise-from-the-shadow-win-best-anime-ending-sequence-at-the-2026-crunchyroll-anime-awards|will-show-b-win-best-anime-ending-sequence-at-the-2026-crunchyroll-anime-awards|will-show-g-win-best-anime-ending-sequence-at-the-2026-crunchyroll-anime-awards|will-show-h-win-best-anime-ending-sequence-at-the-2026-crunchyroll-anime-awards|will-beautiful-colors-by-onerepublic-kaiju-no-8-season-2-win-best-anime-ending-sequence-at-the-2026-crunchyroll-anime-awards|will-show-c-win-best-anime-ending-sequence-at-the-2026-crunchyroll-anime-awards|will-show-e-win-best-anime-ending-sequence-at-the-2026-crunchyroll-anime-awards|will-show-i-win-best-anime-ending-sequence-at-the-2026-crunchyroll-anime-awards|will-show-k-win-best-anime-ending-sequence-at-the-2026-crunchyroll-anime-awards|will-doukashiteru-by-wurts-dan-da-dan-season-2-win-best-anime-ending-sequence-at-the-2026-crunchyroll-anime-awards|will-kawaii-kaiwai-by-piki-my-dress-up-darling-season-2-win-best-anime-ending-sequence-at-the-2026-crunchyroll-anime-awards|will-show-a-win-best-anime-ending-sequence-at-the-2026-crunchyroll-anime-awards|will-show-d-win-best-anime-ending-sequence-at-the-2026-crunchyroll-anime-awards|will-show-f-win-best-anime-ending-sequence-at-the-2026-crunchyroll-anime-awards|will-show-j-win-best-anime-ending-sequence-at-the-2026-crunchyroll-anime-awards|will-another-show-win-best-anime-ending-sequence-at-the-2026-crunchyroll-anime-awards,0x706bbf89315e2679ec5ab4984afe48f9262fa73ce6e9059d10412e97fb77b44d|0x8208a6072d6e03b6e63c3845b292ef21ee8ad1a165869176de8c2c9c17ca7eed|0xcbf922ad91858f27604a17eb027e3b0d12da07a8a397762c4da03d8679b9f4ed|0xb9cf623c29083f9ad71c00e94b72538e669c3737f5f3553f447c4a5d76e036db|0x4724f6aa03f4e5934f3b3dc051e360da5420fd81eed947e634f63742dc244e81|0xc6e4e12fb8872ac262395e1700ebb17b4adf28ebf83037bbf8d2fdf5b4392dc0|0x3c0b96c08561b8bf888d66e40eeaeba658055e539c98b6a1788cb8e8ebda75eb|0xdac9776cd3936bf7fd8bfea0bb50429b4d6c07dfb12a1f324ce10803c89bd7cb|0x68145e97ccc8248289b8a8cf938a9ae8d9b215393884aae465624cde25725e64|0x4fbb31e10688e36c683b736f9f864147a29a97f4d4ce2814198b212aacd756af|0x1c8c519d6921a5b1f2146800e44819d52618df9e3f67cff4d608691205e4ae35|0xc8e06e7bd19a766ba4d72574661a1f96fae1bed1397a0c9078dc61d251510472|0x384d733881483f249a2dba41f4be80f1d2d0bafce97274a699ad4d5f8e2d4297|0x9738fb213343276ed125437c9ba08685571adeba450f8f6fc5a241fecc5539f8|0x0d289d09b99feea5959126a002337a28047b90fe96b67430b2066f120536f9f5|0x0d7bdf3be1abb274b637560a2701493581ec4cde38968fc1e324db153472bce1|0x9442ebdc6a5be43f4fd8830a31e102872ac1f72ee04159a4d374ae42da9fc2ef|0xff2f9eb86078f8367eed27e9f7674da9ca80c5fcdfcc952d5b944722f8005d1c,"The 2026 Crunchyroll Anime Awards are scheduled to occur in Japan on May 23, 2026. This market will resolve according to the listed title that wins the award for Best Anime Ending Sequence at the 2026 Crunchyroll Anime Awards. If, for any reason, no winner is declared by June 30, 2026, 11:59 PM ET, ",https://polymarket.com/event/anime-awards-best-anime-ending-sequence-winner
anime-awards-best-anime-voice-artist-performance-japanese-winner,Anime Awards: Best Anime Voice Artist Performance (Japanese) Winner,culture,anime|culture|awards|movies,2026-05-23T00:00:00Z,2,2026-04-03T02:02:51.934329Z,18,18,46.70,11640.81,3436.72,1015.03,0.847,0,will-aoi-yuki-as-maomao-the-apothecary-diaries-season-2-win-best-anime-voice-artist-performance-japanese-at-the-2026-crunchyroll-anime-awards|will-daiki-yamashita-as-izuku-midoriya-my-hero-academia-final-season-win-best-anime-voice-artist-performance-japanese-at-the-2026-crunchyroll-anime-awards|will-mayumi-tanaka-as-monkey-d-luffy-one-piece-win-best-anime-voice-artist-performance-japanese-at-the-2026-crunchyroll-anime-awards|will-person-a-win-best-anime-voice-artist-performance-japanese-at-the-2026-crunchyroll-anime-awards|will-person-c-win-best-anime-voice-artist-performance-japanese-at-the-2026-crunchyroll-anime-awards|will-person-e-win-best-anime-voice-artist-performance-japanese-at-the-2026-crunchyroll-anime-awards|will-person-g-win-best-anime-voice-artist-performance-japanese-at-the-2026-crunchyroll-anime-awards|will-person-i-win-best-anime-voice-artist-performance-japanese-at-the-2026-crunchyroll-anime-awards|will-person-k-win-best-anime-voice-artist-performance-japanese-at-the-2026-crunchyroll-anime-awards|will-chiaki-kobayashi-as-yoshiki-tsujinaka-the-summer-hikaru-died-win-best-anime-voice-artist-performance-japanese-at-the-2026-crunchyroll-anime-awards|will-kikunosuke-toya-as-denji-chainsaw-man-the-movie-reze-arc-win-best-anime-voice-artist-performance-japanese-at-the-2026-crunchyroll-anime-awards|will-reina-ueda-as-reze-chainsaw-man-the-movie-reze-arc-win-best-anime-voice-artist-performance-japanese-at-the-2026-crunchyroll-anime-awards|will-person-b-win-best-anime-voice-artist-performance-japanese-at-the-2026-crunchyroll-anime-awards|will-person-d-win-best-anime-voice-artist-performance-japanese-at-the-2026-crunchyroll-anime-awards|will-person-f-win-best-anime-voice-artist-performance-japanese-at-the-2026-crunchyroll-anime-awards|will-person-h-win-best-anime-voice-artist-performance-japanese-at-the-2026-crunchyroll-anime-awards|will-person-j-win-best-anime-voice-artist-performance-japanese-at-the-2026-crunchyroll-anime-awards|will-another-person-win-best-anime-voice-artist-performance-japanese-at-the-2026-crunchyroll-anime-awards,0x8013bbafed4814aeb6399e59348284ce8cfcbe177eb698ff4c66bffa499f6ea7|0xe06043ee6cc74178bf11d23455ac0d79dd6c97d233dd29e6354786952c2e68c3|0x001ee2d63d5a0771403422afca3def78d2f275e08591fab8b55521c511f579b4|0xfab9761f2ef177e1ff7948b7ee0564c4e8a077fd717c61c53f3053b203797f56|0xa7db471cea627b5a96eed395b6dbddff441004b7b649a3fca23292e39b4f1bfb|0x8f8c8018c52348c00bd8d6abdd2bc7db76b2f08fdab9a5fb45a8f60268ec388d|0xecbd5441c00621671509833d18deca45e9f28ab082b93d152e35bfca9382d11d|0x72ebca82f55e91d0c2edd766903a24c710c3166b20287e65940f8e8bda7e8b21|0xf3db0993b0620b4cf10cda4645dceb64aed2e9dbb481ed3bcd6f9e4ba9389a97|0x0dc60c16a47134145d1a71a8c44576ea41aa311767a50440343a9b4bb4d677cf|0xb702f82745481d026cf52001a5040617fd04c1d066730a839e8218bb450c9f67|0x5d846ae07dca35f5c8bef26d9d2e915cd0ff673f29d8e0865779b65c550446e4|0xee682cb5bd929cca57f5bde7ef9898d909621b01f644071c677593e6a03789f5|0x6766e62e7cd5ac70934a3b468b4e353d250b1c7e46408ac035f07e73feda1fce|0xdd3996f1b5e867d0b6f3db259942676db815a6d21ef4c0b2c20fee865bbc234d|0x36c5ec0f7f15910f221ce9adb007f03798a41966c2c980822ef560b3327d62ae|0xb688cbcc05058b2a77f6976d8d3f17e98844e47d44def27f972d176282f05b1f|0x62866db19ded21aec0a5283f796bfec60f52597756ccd26f2e999828884415ed,"The 2026 Crunchyroll Anime Awards are scheduled to occur in Japan on May 23, 2026. This market will resolve according to the listed individual who wins the award for Best Anime Voice Artist Performance (Japanese) at the 2026 Crunchyroll Anime Awards. If, for any reason, no winner is declared by June",https://polymarket.com/event/anime-awards-best-anime-voice-artist-performance-japanese-winner
anime-awards-best-anime-voice-artist-performance-arabic-winner,Anime Awards: Best Anime Voice Artist Performance (Arabic) Winner,culture,movies|awards|culture|anime,2026-05-23T00:00:00Z,2,2026-04-03T02:06:11.913731Z,18,18,66.34,39190.33,4631.84,1550.76,0.959,0,will-hamoud-abu-hassoun-as-loid-forger-childhood-spy-x-family-season-3-win-best-anime-voice-artist-performance-arabic-at-the-2026-crunchyroll-anime-awards|will-tariq-obaid-as-taro-sakamoto-sakamoto-days-win-best-anime-voice-artist-performance-arabic-at-the-2026-crunchyroll-anime-awards|will-moataz-elshazly-as-heisuke-mashimo-sakamoto-days-win-best-anime-voice-artist-performance-arabic-at-the-2026-crunchyroll-anime-awards|will-raafat-bazo-as-yuri-briar-spy-x-family-season-3-win-best-anime-voice-artist-performance-arabic-at-the-2026-crunchyroll-anime-awards|will-fatima-zakaria-as-osaragi-sakamoto-days-win-best-anime-voice-artist-performance-arabic-at-the-2026-crunchyroll-anime-awards|will-ghada-omar-as-yor-forger-spy-x-family-season-3-win-best-anime-voice-artist-performance-arabic-at-the-2026-crunchyroll-anime-awards|will-person-a-win-best-anime-voice-artist-performance-arabic-at-the-2026-crunchyroll-anime-awards|will-person-b-win-best-anime-voice-artist-performance-arabic-at-the-2026-crunchyroll-anime-awards|will-person-c-win-best-anime-voice-artist-performance-arabic-at-the-2026-crunchyroll-anime-awards|will-person-d-win-best-anime-voice-artist-performance-arabic-at-the-2026-crunchyroll-anime-awards|will-person-e-win-best-anime-voice-artist-performance-arabic-at-the-2026-crunchyroll-anime-awards|will-person-f-win-best-anime-voice-artist-performance-arabic-at-the-2026-crunchyroll-anime-awards|will-person-g-win-best-anime-voice-artist-performance-arabic-at-the-2026-crunchyroll-anime-awards|will-person-h-win-best-anime-voice-artist-performance-arabic-at-the-2026-crunchyroll-anime-awards|will-person-i-win-best-anime-voice-artist-performance-arabic-at-the-2026-crunchyroll-anime-awards|will-person-j-win-best-anime-voice-artist-performance-arabic-at-the-2026-crunchyroll-anime-awards|will-person-k-win-best-anime-voice-artist-performance-arabic-at-the-2026-crunchyroll-anime-awards|will-another-person-win-best-anime-voice-artist-performance-arabic-at-the-2026-crunchyroll-anime-awards,0xc86350acd1420fbc2d02f66ff28f1191e1bfb8daaa7713e81ac5871facec9fdf|0xf5cd5e7240bd75524e87c9e3a1389633b2162e70f779a538299c51e4dbc40357|0x88a9c58a0f81675b06f06ab22d20c13bad7b83ed69a6412f46889852663dcd69|0x8b9b8621f7f68d4e273e441b57a585b919de6250db05e91b18dc97248aad48fa|0xfceb2b92ef8c282fba1df6d81b71effacee6d6fadbd1a6c46447ffb0938e6725|0xfe60da1f5c0befe8794560fa629b54f13c3feadd02876810e84dd014fd3298bf|0x425deaebfb442b4d35e8f0ff91d54438c422622b5125e0c9ef695aed8e882d8f|0xa3881f0608765247b5ebd25e90e6580d4ce0015d54c9ce05aa2b803be950de3c|0x469e2c2294c2ac3ccdb81a7b04132224776a29cf8f6fc6abde0bc6c2a692813f|0x00df07e08436a73f034e59d2603f67e63f11277224b552ac732b65b76f3be2f8|0xdc490facd492f695e1573c2f2cb39bdcafe7e70cde3efd1e4d3e27858187d1e6|0x31143d5698c220feb6d377ab426c3dae62b39175bab52dc556edaa3dd4f6d193|0x432c2633556db9741a7fddcab66082768d4caf5b1b4f3584c82fc3180aa4eac9|0x33db03667d1d070b03122f259e6af7748c51989f158ec0a985f543fed7f7bbd2|0x9c9122a3cdb98b439db1727430b23f9e2ede0bd86f8a8d3869d23dc05721d83a|0x9c3d1fe5a6b63de163cfc62cb60ea1a9067186098e8f41321f832413ac6655d9|0xe0f25d84ee947b41f07f16dbd3e4e3176bda1794af34d67a545bfa4ababcf44a|0x83d3d2ecdc485073071849d720111cafcf53582b95fbdc0e0ae52a2b6958ce5b,"The 2026 Crunchyroll Anime Awards are scheduled to occur in Japan on May 23, 2026. This market will resolve according to the listed individual who wins the award for Best Anime Voice Artist Performance (Arabic) at the 2026 Crunchyroll Anime Awards. If, for any reason, no winner is declared by June 3",https://polymarket.com/event/anime-awards-best-anime-voice-artist-performance-arabic-winner
anime-awards-best-anime-voice-artist-performance-brazilian-portuguese-winner,Anime Awards: Best Anime Voice Artist Performance (Brazilian Portuguese) Winner,culture,anime|awards|movies|culture,2026-05-23T00:00:00Z,2,2026-04-03T02:14:29.823933Z,18,18,53.92,15918.56,3590.55,466.94,1.000,0,will-bruno-sangregrio-as-levi-ackerman-attack-on-titan-the-last-attack-win-best-anime-voice-artist-performance-brazilian-portuguese-at-the-2026-crunchyroll-anime-awards|will-charles-emmanuel-as-akaza-demon-slayer-kimetsu-no-yaiba-infinity-castle-win-best-anime-voice-artist-performance-brazilian-portuguese-at-the-2026-crunchyroll-anime-awards|will-erick-bougleux-as-zanka-nijiku-gachiakuta-win-best-anime-voice-artist-performance-brazilian-portuguese-at-the-2026-crunchyroll-anime-awards|will-fabio-lucindo-as-katsuki-bakugo-my-hero-academia-final-season-win-best-anime-voice-artist-performance-brazilian-portuguese-at-the-2026-crunchyroll-anime-awards|will-gigi-patta-as-maomao-the-apothecary-diaries-season-2-win-best-anime-voice-artist-performance-brazilian-portuguese-at-the-2026-crunchyroll-anime-awards|will-ursula-bezerra-as-son-goku-dragon-ball-daima-win-best-anime-voice-artist-performance-brazilian-portuguese-at-the-2026-crunchyroll-anime-awards|will-person-a-win-best-anime-voice-artist-performance-brazilian-portuguese-at-the-2026-crunchyroll-anime-awards|will-person-b-win-best-anime-voice-artist-performance-brazilian-portuguese-at-the-2026-crunchyroll-anime-awards|will-person-c-win-best-anime-voice-artist-performance-brazilian-portuguese-at-the-2026-crunchyroll-anime-awards|will-person-d-win-best-anime-voice-artist-performance-brazilian-portuguese-at-the-2026-crunchyroll-anime-awards|will-person-e-win-best-anime-voice-artist-performance-brazilian-portuguese-at-the-2026-crunchyroll-anime-awards|will-person-f-win-best-anime-voice-artist-performance-brazilian-portuguese-at-the-2026-crunchyroll-anime-awards|will-person-g-win-best-anime-voice-artist-performance-brazilian-portuguese-at-the-2026-crunchyroll-anime-awards|will-person-h-win-best-anime-voice-artist-performance-brazilian-portuguese-at-the-2026-crunchyroll-anime-awards|will-person-i-win-best-anime-voice-artist-performance-brazilian-portuguese-at-the-2026-crunchyroll-anime-awards|will-person-j-win-best-anime-voice-artist-performance-brazilian-portuguese-at-the-2026-crunchyroll-anime-awards|will-person-k-win-best-anime-voice-artist-performance-brazilian-portuguese-at-the-2026-crunchyroll-anime-awards|will-another-person-win-best-anime-voice-artist-performance-brazilian-portuguese-at-the-2026-crunchyroll-anime-awards,0x7edd33a370f6c8eac0d5a0b76749de207a1bd37915dc62c3c0159be0d100d28a|0x02589a495bec6f59fcd636b48992231aabe1d4eb9a36120e7fa3c721d0e285fb|0xd0cc800bda5f2970d3c377bd9e8609ef698f68b139abf010f67dc1d9351cb677|0x52556d7436d38d33d6e0e74362ca13d389ec3a0e676a39cf36b8a4edd051a475|0xf145a55e2c7f4a4f759dd6d0587a1546017d733f331bd3576e1204c2696d982c|0x1bea7230158c312bd936f33ee182c7abc2832ce574e41106206477929a4e96c2|0x797539b87a66dc8bef1c507c206b9bcf1bc29bf46dde34c4b511f43f2d815d87|0x70c58f2cacaa4816ac1113a7d4242fc360d8506e43438e3ea7c02ad323981bba|0xa8825072f22874fcc57b89f22e8fa10db5a46f14d4789e26cbdb965e5a7fa76d|0xbd041aa61f4489c12aea30aeeb2cbaca899ad7c8533d423984e977d44111d66c|0xc1eb7994b318415751b20300f6da83846a0219d086407208c4b342bfb0675b9a|0x6a9ed2bdb8f953cda292f829c2cadfb271267a15e06e088995beb952b328bb7c|0x74d10c1922662bcaae52edba1dc58af71fe148ad4e3a23e61693d957d0b06066|0x614c47ecc4acab0d6943b254ae5047731cbf1c638899a0d2d92cf2b8cb1116c3|0x8e6711314335aebfe6b6a8f48032f9f27c7fff9420dc52eadd2a53060ba04ca1|0x1d7acda39dab524527704e83badeace608167015df0e6d17827e83815f992867|0x2ce68ebc58f3e9468730ff5430df9e49a6a67be1de84c14b3134fcec8537159a|0xbd9621eba10e996d1a1776144b14e56f372f06bb9a5f3aa7ddc2b71d686f506f,"The 2026 Crunchyroll Anime Awards are scheduled to occur in Japan on May 23, 2026. This market will resolve according to the listed individual who wins the award for Best Anime Voice Artist Performance (Brazilian Portuguese) at the 2026 Crunchyroll Anime Awards. If, for any reason, no winner is decl",https://polymarket.com/event/anime-awards-best-anime-voice-artist-performance-brazilian-portuguese-winner
anime-awards-best-anime-voice-artist-performance-castilian-spanish-winner,Anime Awards: Best Anime Voice Artist Performance (Castilian Spanish) Winner,culture,culture|movies|anime|awards,2026-05-23T00:00:00Z,2,2026-04-03T02:00:12.356664Z,18,18,0.00,6420.88,1774.05,794.75,0.896,0,will-adrin-pineda-as-rudo-gachiakuta-win-best-anime-voice-artist-performance-castilian-spanish-at-the-2026-crunchyroll-anime-awards|will-carles-teruel-as-akaza-demon-slayer-kimetsu-no-yaiba-infinity-castle-win-best-anime-voice-artist-performance-castilian-spanish-at-the-2026-crunchyroll-anime-awards|will-cristina-pea-as-reze-chainsaw-man-the-movie-reze-arc-win-best-anime-voice-artist-performance-castilian-spanish-at-the-2026-crunchyroll-anime-awards|will-joel-gmez-jimnez-as-okarun-dan-da-dan-season-2-win-best-anime-voice-artist-performance-castilian-spanish-at-the-2026-crunchyroll-anime-awards|will-marisa-marciel-as-nami-one-piece-win-best-anime-voice-artist-performance-castilian-spanish-at-the-2026-crunchyroll-anime-awards|will-marta-barbar-as-kaoruko-waguri-the-fragrant-flower-blooms-with-dignity-win-best-anime-voice-artist-performance-castilian-spanish-at-the-2026-crunchyroll-anime-awards|will-person-a-win-best-anime-voice-artist-performance-castilian-spanish-at-the-2026-crunchyroll-anime-awards|will-person-b-win-best-anime-voice-artist-performance-castilian-spanish-at-the-2026-crunchyroll-anime-awards|will-person-c-win-best-anime-voice-artist-performance-castilian-spanish-at-the-2026-crunchyroll-anime-awards|will-person-d-win-best-anime-voice-artist-performance-castilian-spanish-at-the-2026-crunchyroll-anime-awards|will-person-e-win-best-anime-voice-artist-performance-castilian-spanish-at-the-2026-crunchyroll-anime-awards|will-person-f-win-best-anime-voice-artist-performance-castilian-spanish-at-the-2026-crunchyroll-anime-awards|will-person-g-win-best-anime-voice-artist-performance-castilian-spanish-at-the-2026-crunchyroll-anime-awards|will-person-h-win-best-anime-voice-artist-performance-castilian-spanish-at-the-2026-crunchyroll-anime-awards|will-person-i-win-best-anime-voice-artist-performance-castilian-spanish-at-the-2026-crunchyroll-anime-awards|will-person-j-win-best-anime-voice-artist-performance-castilian-spanish-at-the-2026-crunchyroll-anime-awards|will-person-k-win-best-anime-voice-artist-performance-castilian-spanish-at-the-2026-crunchyroll-anime-awards|will-another-person-win-best-anime-voice-artist-performance-castilian-spanish-at-the-2026-crunchyroll-anime-awards,0x6c7fba078572023b455e1e0292c36cfe4ce46ca5a619d481b5ed99a8434c53dd|0xd92e4646b695e6633794259ddd2858626f9b3d61a1c1337578ada6e6e2280930|0x09b5e4979f6305999412eeccffee67a1945da0d0001d7ac3d1b2880a61722c63|0x6bd947ab57dafff5885f9e39a0fe75fb030590a6d81029f42b1dc00f9166f672|0x1c01d51c70d4820583f504a44c3a8e301d76352cb4ed292416da0b61f9c35060|0x63096b85dccd6f73b55bed5ad8fc8a1c4c3df2b40f47366d95ff14d60ba718a8|0xf9d7c7cd9dcaeccfeef9574a1c82cc444ee457478097d544ff63daaba105606e|0x9e74bd13892f4ab63079fdb1932b7d0697c92fe5a9d6d0e056792ae0aff1b98b|0xe195e6a3c09f0e6a7b4dbe6efb79d2a614d03c0402b2d175dd565aaf11129600|0x1479153be121396b177a4077ced85718fea85fbb69ede0a234b76d891cd9585f|0xbefabc0af14a60db804b13e68e72dcb2df92f4111e8bec531b489fb175c8d36c|0xe512aa79ce23c43283251398add3f360878b3388851361e9b48df95b41a3dff2|0x3b39b682fc73da734476307a3cf611df49f96f77ac3eb791adf0585c2c5d583e|0xcf00314ce2a83c342c9c7b8426aad7572b6f658958f60d7cef9f4113ad6c07ea|0x277654ad6f6d6b45d54a64854a840f60b54bad4a7a58f3bd029e147b078706d8|0xd1bf5c012a16d81b37ac45e61d88294e92c5347ab0b5c0acaa27dc328485889c|0x89e9b37461eaa7f9cc935e23aaff2c07403e8bf90df61ebdd47a07818f2f8f46|0x3e22495a6915570373db1119187056f488459a8353ab569123fe88405e386419,"The 2026 Crunchyroll Anime Awards are scheduled to occur in Japan on May 23, 2026. This market will resolve according to the listed individual who wins the award for Best Anime Voice Artist Performance (Castilian Spanish) at the 2026 Crunchyroll Anime Awards. If, for any reason, no winner is declare",https://polymarket.com/event/anime-awards-best-anime-voice-artist-performance-castilian-spanish-winner
anime-awards-best-anime-voice-artist-performance-english-winner,Anime Awards: Best Anime Voice Artist Performance (English) Winner,culture,movies|awards|anime|culture,2026-05-23T00:00:00Z,2,2026-04-03T02:00:06.381051Z,18,18,89.78,20445.58,3061.32,701.20,0.975,0,will-alexis-tipton-as-reze-chainsaw-man-the-movie-reze-arc-win-best-anime-voice-artist-performance-english-at-the-2026-crunchyroll-anime-awards|will-emi-lo-as-maomao-the-apothecary-diaries-season-2-win-best-anime-voice-artist-performance-english-at-the-2026-crunchyroll-anime-awards|will-justin-briner-as-izuku-midoriya-my-hero-academia-final-season-win-best-anime-voice-artist-performance-english-at-the-2026-crunchyroll-anime-awards|will-lucien-dodge-as-akaza-demon-slayer-kimetsu-no-yaiba-infinity-castle-win-best-anime-voice-artist-performance-english-at-the-2026-crunchyroll-anime-awards|will-morgan-berry-as-shiori-fuyumura-sanda-win-best-anime-voice-artist-performance-english-at-the-2026-crunchyroll-anime-awards|will-paul-castro-jr-as-hikaru-indou-the-summer-hikaru-died-win-best-anime-voice-artist-performance-english-at-the-2026-crunchyroll-anime-awards|will-person-a-win-best-anime-voice-artist-performance-english-at-the-2026-crunchyroll-anime-awards|will-person-b-win-best-anime-voice-artist-performance-english-at-the-2026-crunchyroll-anime-awards|will-person-c-win-best-anime-voice-artist-performance-english-at-the-2026-crunchyroll-anime-awards|will-person-d-win-best-anime-voice-artist-performance-english-at-the-2026-crunchyroll-anime-awards|will-person-e-win-best-anime-voice-artist-performance-english-at-the-2026-crunchyroll-anime-awards|will-person-f-win-best-anime-voice-artist-performance-english-at-the-2026-crunchyroll-anime-awards|will-person-g-win-best-anime-voice-artist-performance-english-at-the-2026-crunchyroll-anime-awards|will-person-h-win-best-anime-voice-artist-performance-english-at-the-2026-crunchyroll-anime-awards|will-person-i-win-best-anime-voice-artist-performance-english-at-the-2026-crunchyroll-anime-awards|will-person-j-win-best-anime-voice-artist-performance-english-at-the-2026-crunchyroll-anime-awards|will-person-k-win-best-anime-voice-artist-performance-english-at-the-2026-crunchyroll-anime-awards|will-another-person-win-best-anime-voice-artist-performance-english-at-the-2026-crunchyroll-anime-awards,0xc915c452b3b34ad3c78a7c3966cbe14406569ed3759aaf52e6947f365936d0c2|0xfc3119cb67f0b45abae0ede8be5a9b8242646cf6cd67600eefa9c9a71c9b55c3|0x5d9222f0110d1ae4269c8e1fc8e5d24bfb930c2afd260e8c9f86f19a27426d59|0xad7234ea06b25c2d98aa2e675f0d3cff8671edd88b8f1747170abc2bdb00a54d|0x3446f0fb8e1d260b7479f1e1e5e15127c0420efc5510c7414763517b44c11fa8|0xafd119c725434e87411d407f3f521e9949dfc02cecafc8c68d91b2a0e38f901c|0xf764a76c4bcbaa9f376400348426f667b29aafcde35ddc743df0ead9ae1049c2|0xf9cdd53b2246ff97dfa1304dd2d578b316904d2d3cf109d352d7f0074629c592|0x722603c334694f603ce0ef2f1116677a0e0463cc9c6b944d587e57d205615567|0x17535e28bc3bdeef51fff2718872d67263d9796d7e369ea6688186f148351fa0|0x47da06b0d8a570f00cc09d9ab787aac8090239c080551b580821dafebf57ee94|0xa043f2ce3cc393df6502e77dc0282ca8845f429ed636f2cae4dd281371bc979a|0x0cec36cbb1ccecaa9d83544931eb14d118de27dd116fb308ab41dcc69db2062d|0xbfd01f772c4bc8be3a337dea0c9c4eff197726a48776a33a427d9b20110fec5d|0x8dd05852a333a048848111f75493a02536108e6250af7cf43a7d6ff462ec2396|0xcfe7e25f6cc886f505eb0d6dcccf29d3b07eacc50b25f84b0c3f71660978a2c4|0x37fadb825bb5f6afaf0297fb1a8c0fd992d56c3caecd7fad2b502576d981418f|0x35658f662b4f5247d1d4b07c0cc9b803e9f6f9dd05926f4d2e44be4fce4f3bae,"The 2026 Crunchyroll Anime Awards are scheduled to occur in Japan on May 23, 2026. This market will resolve according to the listed individual who wins the award for Best Anime Voice Artist Performance (English) at the 2026 Crunchyroll Anime Awards. If, for any reason, no winner is declared by June ",https://polymarket.com/event/anime-awards-best-anime-voice-artist-performance-english-winner
anime-awards-best-anime-voice-artist-performance-french-winner,Anime Awards: Best Anime Voice Artist Performance (French) Winner,culture,culture|anime|movies|awards,2026-05-23T00:00:00Z,2,2026-04-03T01:54:18.462117Z,18,18,0.00,2516.71,868.07,208.60,0.920,0,will-bastien-bourl-as-izuku-midoriya-my-hero-academia-final-season-win-best-anime-voice-artist-performance-french-at-the-2026-crunchyroll-anime-awards|will-bruno-mullenaerts-as-enjin-gachiakuta-win-best-anime-voice-artist-performance-french-at-the-2026-crunchyroll-anime-awards|will-catherine-hanotiau-as-nico-wakatsuki-witch-watch-win-best-anime-voice-artist-performance-french-at-the-2026-crunchyroll-anime-awards|will-clara-soares-as-reze-chainsaw-man-the-movie-reze-arc-win-best-anime-voice-artist-performance-french-at-the-2026-crunchyroll-anime-awards|will-jonathan-gimbord-as-hikaru-the-summer-hikaru-died-win-best-anime-voice-artist-performance-french-at-the-2026-crunchyroll-anime-awards|will-vronique-augereau-as-seiko-dan-da-dan-season-2-win-best-anime-voice-artist-performance-french-at-the-2026-crunchyroll-anime-awards|will-person-a-win-best-anime-voice-artist-performance-french-at-the-2026-crunchyroll-anime-awards|will-person-b-win-best-anime-voice-artist-performance-french-at-the-2026-crunchyroll-anime-awards|will-person-c-win-best-anime-voice-artist-performance-french-at-the-2026-crunchyroll-anime-awards|will-person-d-win-best-anime-voice-artist-performance-french-at-the-2026-crunchyroll-anime-awards|will-person-e-win-best-anime-voice-artist-performance-french-at-the-2026-crunchyroll-anime-awards|will-person-f-win-best-anime-voice-artist-performance-french-at-the-2026-crunchyroll-anime-awards|will-person-g-win-best-anime-voice-artist-performance-french-at-the-2026-crunchyroll-anime-awards|will-person-h-win-best-anime-voice-artist-performance-french-at-the-2026-crunchyroll-anime-awards|will-person-i-win-best-anime-voice-artist-performance-french-at-the-2026-crunchyroll-anime-awards|will-person-j-win-best-anime-voice-artist-performance-french-at-the-2026-crunchyroll-anime-awards|will-person-k-win-best-anime-voice-artist-performance-french-at-the-2026-crunchyroll-anime-awards|will-another-person-win-best-anime-voice-artist-performance-french-at-the-2026-crunchyroll-anime-awards,0xedd30f03b56d1e7d422d50885fd0f78947b355fc84f2c68a49c585612cd7448d|0x207a535d3dd4f3b02102b4cdabe22d88ad6873743aafed71f2ee300be1bb9417|0x4d760a9229914250eaee2b41ed2774889e83c7c7eefc9a0a8415a2f912b2c090|0x50b8c649242620f478dd7e39d42ec8dbaa8f6b179f8020507c48602ee3041eec|0x486b0fa4724f684209a9824f97acf7e5bb9b661d777707192f33798dd9c6cbad|0xb7965bd25f0eceda710029364fd851905832f5993e189cd8634b1323a99e1210|0x3e436fedc53df30f713b3e7d094a2e1a8da28b3a08623eb55157ecff053848c7|0x156d78659fd63b7e30d0f584c3dcdd4d3cead7be267074b701faca65e76a18f5|0xd7e80156bed7cbfbc31e8cc09837207d4bbec30693f1eaa4e1b4f96d25d60d52|0xceb06fd3c06394898534622b748cad794abf640f366257525db5bf159450dcb0|0x312a02eec95755558d4974e38a57b52ee48ad784fd3a88a54c9bf2c3c8a16de6|0xad60e0db23c8cefd4fc0226f685f0321367d5adf90f3ccc79e85f6ba45db1372|0x84b0618e8bb1be7ce72cf5e4d5128197c2f23d1ea1e704503e762655f1b1c67a|0x19bb1a9bbc4ac1e6c5a6b118c59fba5245cac7abf53417936c54ba6cb9b34d7d|0x9844e9a27c8fbeeca90fcae2edfa6a07aac8e0126a444172fe58ef8c8a1a23d9|0x8e82f54db167e539923d5cfb5dbbafa17e2d3413b380fb93ef39310f3c6d49f5|0x01d5b652d8096a25b61b1d800b046ffb73c36600d96fa03b18688948379453da|0x4ef25d13ed040f015df3a2a0fb5ca63aded81750a1d8c04638b60346688d6750,"The 2026 Crunchyroll Anime Awards are scheduled to occur in Japan on May 23, 2026. This market will resolve according to the listed individual who wins the award for Best Anime Voice Artist Performance (French) at the 2026 Crunchyroll Anime Awards. If, for any reason, no winner is declared by June 3",https://polymarket.com/event/anime-awards-best-anime-voice-artist-performance-french-winner
anime-awards-best-anime-voice-artist-performance-german-winner,Anime Awards: Best Anime Voice Artist Performance (German) Winner,culture,anime|culture|movies|awards,2026-05-23T00:00:00Z,2,2026-04-03T02:14:26.950604Z,18,18,0.00,90.17,747.73,57.00,0.952,0,will-dirk-bublies-as-kogoro-mori-detective-conan-oneeyed-flashback-win-best-anime-voice-artist-performance-german-at-the-2026-crunchyroll-anime-awards|will-gerrit-schmidtfo-as-akaza-demon-slayer-kimetsu-no-yaiba-infinity-castle-win-best-anime-voice-artist-performance-german-at-the-2026-crunchyroll-anime-awards|will-laurine-betz-as-reze-chainsaw-man-the-movie-reze-arc-win-best-anime-voice-artist-performance-german-at-the-2026-crunchyroll-anime-awards|will-magdalena-hfner-as-kiui-watase-jellyfish-cant-swim-in-the-night-win-best-anime-voice-artist-performance-german-at-the-2026-crunchyroll-anime-awards|will-markus-feustel-as-rudo-gachiakuta-win-best-anime-voice-artist-performance-german-at-the-2026-crunchyroll-anime-awards|will-patricia-strasburger-as-nico-wakatsuki-witch-watch-win-best-anime-voice-artist-performance-german-at-the-2026-crunchyroll-anime-awards|will-person-a-win-best-anime-voice-artist-performance-german-at-the-2026-crunchyroll-anime-awards|will-person-b-win-best-anime-voice-artist-performance-german-at-the-2026-crunchyroll-anime-awards|will-person-c-win-best-anime-voice-artist-performance-german-at-the-2026-crunchyroll-anime-awards|will-person-d-win-best-anime-voice-artist-performance-german-at-the-2026-crunchyroll-anime-awards|will-person-e-win-best-anime-voice-artist-performance-german-at-the-2026-crunchyroll-anime-awards|will-person-f-win-best-anime-voice-artist-performance-german-at-the-2026-crunchyroll-anime-awards|will-person-g-win-best-anime-voice-artist-performance-german-at-the-2026-crunchyroll-anime-awards|will-person-h-win-best-anime-voice-artist-performance-german-at-the-2026-crunchyroll-anime-awards|will-person-i-win-best-anime-voice-artist-performance-german-at-the-2026-crunchyroll-anime-awards|will-another-person-win-best-anime-voice-artist-performance-german-at-the-2026-crunchyroll-anime-awards|will-person-j-win-best-anime-voice-artist-performance-german-at-the-2026-crunchyroll-anime-awards|will-person-k-win-best-anime-voice-artist-performance-german-at-the-2026-crunchyroll-anime-awards,0xa68dd7a01c7feebe0913cdcea9fd0cc77e1a4579e4248c247a163a0a22490819|0x794d1bf3cb7f25a0e6f46c451e0d654923f235e6fabfbf4f8257702a0a9adc12|0x70eb1f6002cff62193480fb0ee133b1ba44a81e8fab277415e833613b78739dc|0xc3b0bb477c183a70f607ff9ee261e026ba3efdd5e3ac4e3d614a87f1277750b7|0xa58189fdc2642f9133a70e9b4c16f10d06baf5e2c50f17e1063fa6b80fe39d0c|0xc354ba5375f2df450ac34a97f27bd8f7bb6908426c36351ffaa4b19fcedb29ee|0xa04a5430ceb1b646cf1a5b87a69e1bf7ec4689d0c45b01c8857d5f3431bb9443|0x0613aab1c0fe80a412acc81ffe40393a2eee2d829199640bacb50429339c8046|0xeb36266799070d17da849e5df89ec084f69ef956c7707e08d1e96bb2a677211a|0x02a5dad27a7f49f804381f22e1fd7178d84244b305a28c298ec69e62bceb3477|0xa2a01b7eb8b29eeb12c7a2cbdb01ada3bb4c4de425610e89c6ea1857093a5d19|0x9ad95acc4fe740810c75e299af5b6c3ffb24558e7f5c3ed15929abb8c179fc09|0x6d93f0898f853a88320e0e29d679bbfe365e11a7cc6a96c0c5959101c955415f|0x37b82d6ddd3ee524784fd53b02402c7c74166f3d0324e576f222031094352500|0x3b861f106685a21fca18040cb516c83656fd62a01e201a0fdc88228d6487d019|0xf313b295c8076e356c1a9655de93b72a42a0fef50f69469d6498a8318e5e4d7d|0xd90a4c28100a5e503fa9e60767b6313f3063808f750f9913added2b71e8be4a5|0x444a3a1c210f9e2d9bbf42452ccf0edcb20b366990b9da1d66667626bf433ca8,"The 2026 Crunchyroll Anime Awards are scheduled to occur in Japan on May 23, 2026. This market will resolve according to the listed individual who wins the award for Best Anime Voice Artist Performance (German) at the 2026 Crunchyroll Anime Awards. If, for any reason, no winner is declared by June 3",https://polymarket.com/event/anime-awards-best-anime-voice-artist-performance-german-winner
anime-awards-best-anime-voice-artist-performance-hindi-winner,Anime Awards: Best Anime Voice Artist Performance (Hindi) Winner,culture,culture|awards|anime|movies,2026-05-23T00:00:00Z,2,2026-04-03T02:06:16.95343Z,18,18,0.00,112.62,1270.16,102.62,0.999,0,will-abhishek-sharma-as-jinshi-the-apothecary-diaries-season-2-win-best-anime-voice-artist-performance-hindi-at-the-2026-crunchyroll-anime-awards|will-akshita-mishra-as-koyuki-demon-slayer-kimetsu-no-yaiba-infinity-castle-win-best-anime-voice-artist-performance-hindi-at-the-2026-crunchyroll-anime-awards|will-heena-malik-as-reze-chainsaw-man-the-movie-reze-arc-win-best-anime-voice-artist-performance-hindi-at-the-2026-crunchyroll-anime-awards|will-merlyn-james-as-anya-forger-spy-x-family-season-3-win-best-anime-voice-artist-performance-hindi-at-the-2026-crunchyroll-anime-awards|will-shilpie-pandey-as-lufas-maphaahl-a-wild-last-boss-appeared-win-best-anime-voice-artist-performance-hindi-at-the-2026-crunchyroll-anime-awards|will-person-a-win-best-anime-voice-artist-performance-hindi-at-the-2026-crunchyroll-anime-awards|will-person-c-win-best-anime-voice-artist-performance-hindi-at-the-2026-crunchyroll-anime-awards|will-person-d-win-best-anime-voice-artist-performance-hindi-at-the-2026-crunchyroll-anime-awards|will-person-f-win-best-anime-voice-artist-performance-hindi-at-the-2026-crunchyroll-anime-awards|will-person-g-win-best-anime-voice-artist-performance-hindi-at-the-2026-crunchyroll-anime-awards|will-person-h-win-best-anime-voice-artist-performance-hindi-at-the-2026-crunchyroll-anime-awards|will-person-i-win-best-anime-voice-artist-performance-hindi-at-the-2026-crunchyroll-anime-awards|will-person-k-win-best-anime-voice-artist-performance-hindi-at-the-2026-crunchyroll-anime-awards|will-another-person-win-best-anime-voice-artist-performance-hindi-at-the-2026-crunchyroll-anime-awards|will-rajesh-shukla-as-sung-jinwoo-solo-leveling-season-2-arise-from-the-shadow-win-best-anime-voice-artist-performance-hindi-at-the-2026-crunchyroll-anime-awards|will-person-b-win-best-anime-voice-artist-performance-hindi-at-the-2026-crunchyroll-anime-awards|will-person-e-win-best-anime-voice-artist-performance-hindi-at-the-2026-crunchyroll-anime-awards|will-person-j-win-best-anime-voice-artist-performance-hindi-at-the-2026-crunchyroll-anime-awards,0x9194c9ab86019ed79747b9718170580c802df30d750420f63bb8d17d3ebf2aa2|0x807f431074b4440d666dade2c2670f6a6975a97f8c0a141b7a288cf1bc9344f4|0x98772efa2d68876be65420bacab8095c7a2e9ad5f6ce8158a70d8ffc82ae834c|0x58555276fb1d51c68b6f7e8e9e2bb36e309c4fd9ee66d3dd512f2f69440b9b2e|0x3a1b76f42a24c17172f85de52bd43ca765dd37e28c4d51849736c10467338114|0x7d322d9f457775638c007a6edbc048916a4eb3ecdd79f00cb127cc07fe81cf11|0x7390c50d47a380a9b9e68453f5af506421f733d51b767a52b7e358fbff5f340c|0x37334d62fba205dd198852c31134bff1639a7763aa30f34be8e618ad615ad053|0xe3d9fc4c9bbb6987bce5a7b8cd6bc89ce827f3f13f152913d75477b09af3da50|0xbf13fd14ca8c310874bfca91de9b05508ca9f6d8d2f5f0964b1df05f34b73d0e|0x53d5c8ef613b635ad2c38edb4c893d6aa8955aef3d2dd5fbcd4affad7c80d0e3|0x39c9d59128e52ce9d847e1c8db447f3d287d431492f3c61552a21dd78b1e37be|0xe0a132d6ec7166a7471ef1fc9e298de73a068e5514a05ecc91d967fea1f20b86|0x838c59df31f80cc95b6fe86ae792df8117ff9a2ee921f54ca8adb00611f0e028|0x735d5e04468712ff6e21431a33960f572c3a48b37ee37bcfada40685be55391d|0x59157bdcebc17cfdbb1c5732a8413f8fe7c17c0b46f01139696ea994769eeb04|0xdf2d278b89f4d2ea83e4371c2df9210016d5aaedcba4c3f3e4810ee4df41b6c1|0x8b15bd3e2afd016328910804f5120c77cdb13b4df7d2ffaa65ceffda1c7a0d56,"The 2026 Crunchyroll Anime Awards are scheduled to occur in Japan on May 23, 2026. This market will resolve according to the listed individual who wins the award for Best Anime Voice Artist Performance (Hindi) at the 2026 Crunchyroll Anime Awards. If, for any reason, no winner is declared by June 30",https://polymarket.com/event/anime-awards-best-anime-voice-artist-performance-hindi-winner
anime-awards-best-anime-voice-artist-performance-italian-winner,Anime Awards: Best Anime Voice Artist Performance (Italian) Winner,culture,anime|movies|awards|culture,2026-05-23T00:00:00Z,2,2026-04-03T02:14:27.892775Z,18,18,42.44,7190.80,3380.09,262.92,0.904,0,will-katia-sorrentino-as-momo-dan-da-dan-season-2-win-best-anime-voice-artist-performance-italian-at-the-2026-crunchyroll-anime-awards|will-luna-fogu-as-maomao-the-apothecary-diaries-season-2-win-best-anime-voice-artist-performance-italian-at-the-2026-crunchyroll-anime-awards|will-martina-tamburello-as-kikoru-shinomiya-kaiju-no-8-season-2-win-best-anime-voice-artist-performance-italian-at-the-2026-crunchyroll-anime-awards|will-mos-singh-as-denji-chainsaw-man-the-movie-reze-arc-win-best-anime-voice-artist-performance-italian-at-the-2026-crunchyroll-anime-awards|will-simone-lupinacci-as-izuku-midoriya-my-hero-academia-final-season-win-best-anime-voice-artist-performance-italian-at-the-2026-crunchyroll-anime-awards|will-person-a-win-best-anime-voice-artist-performance-italian-at-the-2026-crunchyroll-anime-awards|will-person-b-win-best-anime-voice-artist-performance-italian-at-the-2026-crunchyroll-anime-awards|will-person-c-win-best-anime-voice-artist-performance-italian-at-the-2026-crunchyroll-anime-awards|will-person-g-win-best-anime-voice-artist-performance-italian-at-the-2026-crunchyroll-anime-awards|will-person-h-win-best-anime-voice-artist-performance-italian-at-the-2026-crunchyroll-anime-awards|will-person-i-win-best-anime-voice-artist-performance-italian-at-the-2026-crunchyroll-anime-awards|will-person-k-win-best-anime-voice-artist-performance-italian-at-the-2026-crunchyroll-anime-awards|will-leonardo-graziano-as-naruto-uzumaki-boruto-naruto-the-movie-win-best-anime-voice-artist-performance-italian-at-the-2026-crunchyroll-anime-awards|will-person-d-win-best-anime-voice-artist-performance-italian-at-the-2026-crunchyroll-anime-awards|will-person-e-win-best-anime-voice-artist-performance-italian-at-the-2026-crunchyroll-anime-awards|will-person-f-win-best-anime-voice-artist-performance-italian-at-the-2026-crunchyroll-anime-awards|will-person-j-win-best-anime-voice-artist-performance-italian-at-the-2026-crunchyroll-anime-awards|will-another-person-win-best-anime-voice-artist-performance-italian-at-the-2026-crunchyroll-anime-awards,0x6a33a118fdf69377e46a44c30e0ee984ad338c9b42b2e77282fc88be42cdb3c9|0xae3d7dea055f7a8f7b5a668138427b0cdcce87832e32ee155f5b3ad27a3661a3|0xe5931567aee7efdd5deeaba97f624477b18b787507d8ddb6ae89a46a219c9fbc|0x1982c6d6dd6d4e36d1f1d96f934271ba86a413e75da570c99cd52ffb95a7e165|0x6daec47b64b0ff955dd7eb689e01a9ff0595d74c52a6297b2553fca2551aee87|0x416e2942093d3c8e7d72fc36b5d704daafdc81493b2e0695e1eebfed92c01ac5|0x45fc0033feca713c335feddb825a23eb649040a1bfda01f695a6d5220071eb8f|0x955cc0e5ca42a00c6abc4c8d0c8684c10556bda15acda8a159c9b81af0008a4e|0x1c06898d0bf635a7512d1b6851d502b0f383406a7b5c7036f3d383d77d5e77de|0x50d8ca75474cae0485b5ad6248838d75cd23556af189e51e09103f73ed704b02|0x8d513881249d34c6ed9ef7a2841ae0e630ca48dcd379473a094460863a6d4e58|0xad2eeb331890362b6c8c420632b6907f335546fd2e95ff635b85e49339026f6c|0x0e0a1c60e99c973bdb051b2b64b4631ed877c3c7185d9cade74244e53ccee80d|0xf54cf09637e67ab33d6c45b47c975df1ec4ed8f7444db253d69761ba60fd32e8|0x3651a12fb920fb80d6511d7a5eaaa3054bc5c11d5459c9a77852562ae58e8472|0xc91df86f15eed66025c00ffe48df89f2bb34f6011965e2b1118df744bba1cf0d|0xb568b59608cbfb29d0e2cb0ac2192df35c42fbdbf269c5483835b7a0874e9e04|0x5af12369c03eb782907c323705163473563758333c9f63046c3218a6c00cc8ce,"The 2026 Crunchyroll Anime Awards are scheduled to occur in Japan on May 23, 2026. This market will resolve according to the listed individual who wins the award for Best Anime Voice Artist Performance (Italian) at the 2026 Crunchyroll Anime Awards. If, for any reason, no winner is declared by June ",https://polymarket.com/event/anime-awards-best-anime-voice-artist-performance-italian-winner
anime-awards-best-anime-voice-artist-performance-latin-spanish-winner,Anime Awards: Best Anime Voice Artist Performance (Latin Spanish) Winner,culture,anime|awards|culture|movies,2026-05-23T00:00:00Z,2,2026-04-03T01:54:12.646195Z,18,18,5.00,457.16,1146.02,257.40,0.922,0,will-dion-gonzlez-as-rudo-gachiakuta-win-best-anime-voice-artist-performance-latin-spanish-at-the-2026-crunchyroll-anime-awards|will-erika-langarica-as-marin-kitagawa-my-dress-up-darling-season-2-win-best-anime-voice-artist-performance-latin-spanish-at-the-2026-crunchyroll-anime-awards|will-fernando-moctezuma-as-sung-jinwoo-solo-leveling-season-2-arise-from-the-shadow-win-best-anime-voice-artist-performance-latin-spanish-at-the-2026-crunchyroll-anime-awards|will-jose-antonio-toledano-as-akaza-demon-slayer-kimetsu-no-yaiba-infinity-castle-win-best-anime-voice-artist-performance-latin-spanish-at-the-2026-crunchyroll-anime-awards|will-person-a-win-best-anime-voice-artist-performance-latin-spanish-at-the-2026-crunchyroll-anime-awards|will-person-f-win-best-anime-voice-artist-performance-latin-spanish-at-the-2026-crunchyroll-anime-awards|will-another-person-win-best-anime-voice-artist-performance-latin-spanish-at-the-2026-crunchyroll-anime-awards|will-desire-gonzlez-as-maomao-the-apothecary-diaries-season-2-win-best-anime-voice-artist-performance-latin-spanish-at-the-2026-crunchyroll-anime-awards|will-jessica-ngeles-as-reze-chainsaw-man-the-movie-reze-arc-win-best-anime-voice-artist-performance-latin-spanish-at-the-2026-crunchyroll-anime-awards|will-person-c-win-best-anime-voice-artist-performance-latin-spanish-at-the-2026-crunchyroll-anime-awards|will-person-d-win-best-anime-voice-artist-performance-latin-spanish-at-the-2026-crunchyroll-anime-awards|will-person-e-win-best-anime-voice-artist-performance-latin-spanish-at-the-2026-crunchyroll-anime-awards|will-person-h-win-best-anime-voice-artist-performance-latin-spanish-at-the-2026-crunchyroll-anime-awards|will-person-i-win-best-anime-voice-artist-performance-latin-spanish-at-the-2026-crunchyroll-anime-awards|will-person-b-win-best-anime-voice-artist-performance-latin-spanish-at-the-2026-crunchyroll-anime-awards|will-person-g-win-best-anime-voice-artist-performance-latin-spanish-at-the-2026-crunchyroll-anime-awards|will-person-j-win-best-anime-voice-artist-performance-latin-spanish-at-the-2026-crunchyroll-anime-awards|will-person-k-win-best-anime-voice-artist-performance-latin-spanish-at-the-2026-crunchyroll-anime-awards,0x749e57a26e2f35b8ec4d1839cf6426a958ed739a11b6d34a950313bab85d5533|0x67d8fdc9fd059f86e981cb4c527b18b09004d3e26e077cb8f9e1a51fd3ab03a5|0x7b7526fc12556945bf8bb8bdcff43b05e1ca8189045796c43d0a9fe6342921ae|0x69ed964590a082c83cf0be716669ed5cdb8712605268d8d7e191b1ab908462fd|0x8f3d033dda4907d4738fc15d03fb8934233e801f38df15f01c4d7e0b6a018187|0x061017ac6061614e217801db11dd8541fa8ec929385a00686137a2a336624de4|0xa7bf0fbc6efa61b10e8dcdc40aee63b76643a3c40e87ce510d6ca37fe1f60b7b|0x0047b79bde0b22d1fcb8940dab56a03b05f723d72d0e9e32192913b213344656|0x8a0d10eaa905f2d95116e9483272e5f90a731a0403fc4f269932cabff897dfd9|0x6c534c21e67ba16ea8bac28d0a816e712bc050b868a7d1c3ca7cd952678eb25a|0xfef5f963895b7bfda5eeaefcd2387a467ce5053052caceebddddb0b4f730d327|0xaa7933c74868c9dfdc223a75023db9398395b107c79cefeb3e27c86db32e6a64|0x9fa65bae7fcf98d8040c20ced0b23cf5d5201bc8ff4f4f177e4577d4d408ddd7|0x77fab8ba1f18d0ede571f42740802207ae579e7de53e1d8f24b583ae2a1dbc2c|0x2981d9765de3edde0c866a84ed43768c152fb8890beed60515efdaa6396a620c|0xc6e0a4fb822d0ed075b561b4f091f04288e8a9ebbe6395b2bf7aca301dd53504|0x6795b542c774f0294b9d0dd0bf644f11212cb6cb0ec5a90a7820319fc4bcb676|0xd8a84da5f5cfb303c72e538568c6d4bec9035c5349d19ce79c4b5d45d5ccd027,"The 2026 Crunchyroll Anime Awards are scheduled to occur in Japan on May 23, 2026. This market will resolve according to the listed individual who wins the award for Best Anime Voice Artist Performance (Latin Spanish) at the 2026 Crunchyroll Anime Awards. If, for any reason, no winner is declared by",https://polymarket.com/event/anime-awards-best-anime-voice-artist-performance-latin-spanish-winner
cannes-film-festival-palme-dor-winner,Cannes Film Festival: Palme d'Or Winner,culture,film|culture|movies|awards|cannes|festival,2026-05-23T00:00:00Z,2,2026-04-16T19:03:57.020513Z,33,33,17530.61,269927.11,60635.71,13425.95,0.954,2,will-parallel-tales-by-asghar-farhadi-win-palme-dor-at-the-2026-cannes-film-festival|will-la-bola-negra-by-javier-calvo-javier-ambrossi-win-palme-dor-at-the-2026-cannes-film-festival|will-das-getrumte-abenteuer-by-valeska-grisebach-win-palme-dor-at-the-2026-cannes-film-festival|will-the-unknown-by-arthur-harari-win-palme-dor-at-the-2026-cannes-film-festival|will-sheep-in-the-box-by-kore-eda-hirokazu-win-palme-dor-at-the-2026-cannes-film-festival|will-nagi-notes-by-fukada-koji-win-palme-dor-at-the-2026-cannes-film-festival|will-notre-salut-by-emmanuel-marre-win-palme-dor-at-the-2026-cannes-film-festival|will-the-birthday-party-by-la-mysius-win-palme-dor-at-the-2026-cannes-film-festival|will-fatherland-by-pawel-pawlikowski-win-palme-dor-at-the-2026-cannes-film-festival|will-el-ser-querido-by-rodrigo-sorogoyen-the-beloved-win-palme-dor-at-the-2026-cannes-film-festival|will-film-a-win-palme-dor-at-the-2026-cannes-film-festival|will-film-c-win-palme-dor-at-the-2026-cannes-film-festival|will-film-e-win-palme-dor-at-the-2026-cannes-film-festival|will-film-g-win-palme-dor-at-the-2026-cannes-film-festival|will-film-i-win-palme-dor-at-the-2026-cannes-film-festival|will-film-k-win-palme-dor-at-the-2026-cannes-film-festival|will-amarga-navidad-by-pedro-almodvar-win-palme-dor-at-the-2026-cannes-film-festival|will-a-womans-life-by-charline-bourgeois-tacquet-win-palme-dor-at-the-2026-cannes-film-festival|will-coward-by-lukas-dhont-win-palme-dor-at-the-2026-cannes-film-festival|will-all-of-a-sudden-by-hamaguchi-ryusuke-win-palme-dor-at-the-2026-cannes-film-festival|will-another-day-by-jeanne-herry-win-palme-dor-at-the-2026-cannes-film-festival|will-hope-by-na-hong-jin-win-palme-dor-at-the-2026-cannes-film-festival|will-gentle-monster-by-marie-kreutzer-win-palme-dor-at-the-2026-cannes-film-festival|will-fjord-by-cristian-mungiu-win-palme-dor-at-the-2026-cannes-film-festival|will-moulin-by-lszl-nemes-win-palme-dor-at-the-2026-cannes-film-festival|will-the-man-i-love-by-ira-sachs-win-palme-dor-at-the-2026-cannes-film-festival|will-minotaur-by-andrey-zvyagintsev-win-palme-dor-at-the-2026-cannes-film-festival|will-film-b-win-palme-dor-at-the-2026-cannes-film-festival|will-film-d-win-palme-dor-at-the-2026-cannes-film-festival|will-film-f-win-palme-dor-at-the-2026-cannes-film-festival|will-film-h-win-palme-dor-at-the-2026-cannes-film-festival|will-film-j-win-palme-dor-at-the-2026-cannes-film-festival|will-another-film-win-palme-dor-at-the-2026-cannes-film-festival,0xb4ead6a07e44ddc4af881ccb3dbda1c50347617be69a0a8afdbb09aa18399994|0x0870fd2456996da2ec54fe09cc75f616a4a5dbf6241da7d5953aa0087e9b46b7|0x5112d74db988dd7b6c50abd58ced005254ded278e0164e93a98416702d151532|0xe4c10f2aacfa409408bfc0320c9ce832d40c8240c87f7f345abb1fb8ddc430ef|0x3ec21df3f56f1b9109c969c3a32c1795adc7c5b983bf2d752f2db3b9824d2ac1|0x1c8c609baa7e6e5c37b3e226d725e3f284c152e8048f61000831579a53258ac6|0x17e2d8fbd31eeada73e3876cbe21667e6b5a19c576b870234f5d91873b3e85b3|0xccc272b9bd720afa89f29a37823b35ed4a2ea37b28642e2db0d45de69713b636|0x665a03f2fa0f1e8ebb595d107b6b79059ab74231b4b3aea44bc873bc78e042b5|0x76f4adc19276cf2f3c03aeffd98213ef0e9ade7cd9f3ceab80343c6579321c5e|0x4cebcb9b034c4dc77f6a5ad1bf772f88229ef7e2ca6ff3bfb12415580f9b8f73|0xdb39f7af27fcf253cc01a2507d235bd8f27f088124cb3908b4e222eb4a360087|0x8e96249ef2af4aa58be023ddc6f23d7a91f906c6a123d9db8edbce6609e3c482|0x6cfa09942db1eb6a0ee14752d20c4f04d550395b6035524ed2456650c3a847c8|0x9bd1e9a6f4477d2ba43d036cc5926da8243029a8efcdb0f33688cc8da201d329|0x4896d5eabde6017b0c1185498f2d153b85757ad6c4928efccd3b6571fc8ea1cb|0x6d664798c7c0e1c80b96cf796f2bf054be43d843598e71e88235aad35a0a61e2|0x054947b70e63da9ff61332b6c5c3eb10d43c14f136476cad736292e01765819e|0xbe8bb88e288d9cc7fde7862f72ba6aab59dbd37f2ff9c0d28f8653625b321cfe|0x017c11efc5e718698db5e8137ce125495a7d60f81a532f62df4c7b2c2cf33af4|0xe9f0439e3973a7ce420d1437badfc8a3350598db72aa8e6e2652a99932f648d3|0xf3125ec8969ad69cc5b8609f39d1ff8236b9938bb02698cbc9d4aaea42106135|0xe2f2cb784d51fcbae6c9b3f714a19368d1d0015d945960e2490b6bd47bd0e614|0xf0ecfbeb8c37a3a6e7a9ee400495a96e4630827a1a24009758f8ce63e051b86f|0x6098dd1a663113ac57e430ebb92d09ef8608857b58776ed3ed70f6f94e6b779f|0xfd9cc85e7820de6b36f6cf75cbd99a2c2c83dac9c3271b87c51619be4123bb53|0x4a5721cb581749201696b269a2f4af5d6c0fdf44d1e2d236606df912c39d17f2|0x84b08db6b9e8b86d7c84ba12fd14bba6c6aa474d267c90685d73072d702f2cb1|0xab1520b9984c1235dc217bde2364d5227c15e9cc8d0cf33cb3fa651b0adc0777|0x86eb055257cf5b30557bc9cc8171efc6853b0026da2f0436342afb8d06bf94ad|0xd2cba2d8ebf53b0227d6a057f34b98cd069e26f76797e397a6dac985404e7afc|0x04859036306d9b3f8409af80076c547a83dad6ebff83aa3497d9c360742df3d9|0xa644a7e8f42fae375e638eebfd93e7b39f8c35ee2087489ead0ae67ebfd603ef,"The Cannes Film Festival is held annually in Cannes, France. The 2026 Cannes Film Festival is scheduled to be held on May 23, 2026. This market will resolve according to the listed film that wins the Palme d'Or award at the 2026 Cannes Film Festival. If, for any reason, no winner is declared by June",https://polymarket.com/event/cannes-film-festival-palme-dor-winner
number-of-tsa-passengers-may-18-may-24,Number of TSA passengers May 18 - May 24?,culture,culture|tsa|world|gov-shutdown|travel|economy,2026-05-24T00:00:00Z,3,2026-05-15T22:06:06.20223Z,7,7,196.63,618.91,539.35,541.41,0.818,0,will-the-total-number-of-tsa-passengers-for-may-18-may-24-be-less-than-17500000|will-the-total-number-of-tsa-passengers-for-may-18-may-24-be-between-18000000-and-18500000|will-the-total-number-of-tsa-passengers-for-may-18-may-24-be-between-19000000-and-19500000|will-the-total-number-of-tsa-passengers-for-may-18-may-24-be-between-17500000-and-18000000|will-the-total-number-of-tsa-passengers-for-may-18-may-24-be-between-18500000-and-19000000|will-the-total-number-of-tsa-passengers-for-may-18-may-24-be-greater-than-19500000|will-the-total-number-of-tsa-passengers-for-may-18-may-24-not-be-reported-by-may-31,0x8e557322132d9beca1e0965d4199ee38e714328cf0b42d37915643b2933b997d|0x4f04d346dee57a9a7c2403cffa15cea8dd0e247e898870d1ae3ab2a9bed86dc2|0xb9519b4dea4ea4d3bbcc6dc8f7831910dde8ec450a01e0ff2b0398c5e0c700b3|0x2e35035ba1480ea2a2ccca416223d62f6f0b68e74fa0f74543d790594577cfcd|0xe544152b1329a129a3d42ee0480c40e4efb45a723e004d5e91b4d366c2c6c76d|0x351f0f335438347e730a96b7db32415af24363f9dcd38f209f8666386a79fa40|0xa7a11c684f541f30c37e64f0dc192274d4a3228bcda2f31255e4917f19a355b3,"This market will resolve to the total number of TSA passengers reported between May 18, 2026 and May 24, 2026 (inclusive). The total number of TSA passengers will be calculated by summing all of the TSA daily checkpoint throughputs reported for this date range (e.g. if there were a daily TSA checkpo",https://polymarket.com/event/number-of-tsa-passengers-may-18-may-24
star-wars-the-mandalorian-and-grogu-rotten-tomatoes-score,"""Star Wars: The Mandalorian and Grogu"" Rotten Tomatoes score?",culture,rotten-tomatoes|movies|culture,2026-05-25T00:00:00Z,4,2026-05-04T22:30:21.338011Z,7,7,2137.05,4940.35,17001.83,4488.52,0.899,0,will-star-wars-the-mandalorian-and-grogu-score-at-least-55-on-the-rotten-tomatoes-tomatometer|will-star-wars-the-mandalorian-and-grogu-score-at-least-65-on-the-rotten-tomatoes-tomatometer|will-star-wars-the-mandalorian-and-grogu-score-at-least-75-on-the-rotten-tomatoes-tomatometer|will-star-wars-the-mandalorian-and-grogu-score-at-least-85-on-the-rotten-tomatoes-tomatometer|will-star-wars-the-mandalorian-and-grogu-score-at-least-60-on-the-rotten-tomatoes-tomatometer|will-star-wars-the-mandalorian-and-grogu-score-at-least-70-on-the-rotten-tomatoes-tomatometer|will-star-wars-the-mandalorian-and-grogu-score-at-least-80-on-the-rotten-tomatoes-tomatometer,0x093f50d8c2cda01f24c5e9909d16d367b19381eb01de5a7b79d59b2320ef289a|0x1bdbc801295b9b06778974a21d1f9f30308957c93b7823b79b9118fc206b5698|0x6840eec19b14ef1c58c3fa6992818185c72225eb0edfc827483c8919fa7c6573|0x218a94ae4b9c0ca0dde296374d5ae51974e929b6f3a50b7b11842e968ab837b1|0x8dc7fa6003f8361a58c43ad5442365c26e98c756f79245e604c4181a26190c41|0xe1a66b06f5f0fc35638b0071e41058cee20c19b4956b51d2c780c0adf483ccca|0xcfda0ab014edbc39327eebdbd8a64b06bbb3b470e30547267fb17e043c580ef9,"This market will resolve to “Yes” if the displayed Rotten Tomatoes “All Critics” Tomatometer score for Star Wars: The Mandalorian and Grogu (2026) is at least equal to the specified number at 10:00 AM ET on May 25, 2026. Otherwise, this market will resolve to ""No"". If, for any reason, the resolution",https://polymarket.com/event/star-wars-the-mandalorian-and-grogu-rotten-tomatoes-score
will-drake-have-the-top-3-albums-on-the-billboard-200,Will Drake have the top 3 albums on the Billboard 200?,culture,culture|music|iceman|rewards-50-4-5-20,2026-05-25T00:00:00Z,4,2026-05-15T17:38:37.087015Z,1,1,12770.12,68999.24,5413.88,13339.92,0.894,3,will-drake-have-the-top-3-albums-on-the-billboard-200,0x90e8e027139a26ef704a1d2e579610e2db36d382c0740a105d95ca751a5d6c30,"This market will resolve to ""Yes"" if albums by Drake hold the top 3 spots of the Billboard 200 chart for the week titled ""Week of May 30, 2026"". A qualifying album must credit Drake as a primary artist. This market will resolve as soon as the relevant chart is published. If the Billboard 200 chart f",https://polymarket.com/event/will-drake-have-the-top-3-albums-on-the-billboard-200
billboard-hot-100-1-song-week-of-may-30,Billboard Hot 100 #1 Song Week of May 30,culture,culture|album|celebrities|song|music,2026-05-25T00:00:00Z,4,2026-05-19T19:57:01.105911Z,20,20,1324.91,1324.91,3912.34,1324.91,0.874,0,will-be-her-ella-langley-be-the-billboard-hot-100-1-song-for-the-week-of-may-30|will-janice-stfu-drake-be-the-billboard-hot-100-1-song-for-the-week-of-may-30|will-song-c-be-the-billboard-hot-100-1-song-for-the-week-of-may-30|will-song-f-be-the-billboard-hot-100-1-song-for-the-week-of-may-30|will-song-i-be-the-billboard-hot-100-1-song-for-the-week-of-may-30|will-song-j-be-the-billboard-hot-100-1-song-for-the-week-of-may-30|will-another-song-be-the-billboard-hot-100-1-song-for-the-week-of-may-30|will-choosin-texas-ella-langley-be-the-billboard-hot-100-1-song-for-the-week-of-may-30|will-drop-dead-olivia-rodrigo-be-the-billboard-hot-100-1-song-for-the-week-of-may-30|will-song-d-be-the-billboard-hot-100-1-song-for-the-week-of-may-30|will-hit-the-wall-gracie-abrams-be-the-billboard-hot-100-1-song-for-the-week-of-may-30|will-song-a-be-the-billboard-hot-100-1-song-for-the-week-of-may-30|will-song-b-be-the-billboard-hot-100-1-song-for-the-week-of-may-30|will-song-e-be-the-billboard-hot-100-1-song-for-the-week-of-may-30|will-song-g-be-the-billboard-hot-100-1-song-for-the-week-of-may-30|will-song-h-be-the-billboard-hot-100-1-song-for-the-week-of-may-30|will-song-k-be-the-billboard-hot-100-1-song-for-the-week-of-may-30|will-ran-to-atlanta-drake-be-the-billboard-hot-100-1-song-for-the-week-of-may-30|will-the-great-divide-noah-kahan-be-the-billboard-hot-100-1-song-for-the-week-of-may-30|will-make-them-cry-drake-be-the-billboard-hot-100-1-song-for-the-week-of-may-30,0x950781d26671653490329a9c2a4fef5683e54a6d2713eee727d359280de01c29|0x968fcb88b88fca3a30e4f0e56f92dfb4bd940a1a2a230fa0921d298a86ae7898|0xd3d61b41a5a97688247a93b263049419454d49a923b164e9e819549e477a0b89|0x4415dae1cefd77f61547cf5c6869e2babc0b14960ae709ca54f064fe845cf3be|0x2d53e1281c7b6bf7cc50cf93b07a4c58105951145f7cf6c76c5067ea8c5e23a1|0x646c9558899b982de57bd71b1d0bfbbb55b9ac51fb0ac19d7b735728e78c8c85|0x999355b66d649b10e9a09971bb294358b23214bf61303dc0b564a074d42ba199|0xf579cf418486c2540e3623ccb5952e0f1e5f77746e823235feaf269d7f60c7ab|0x73e14fb2fe05fd9faa35c24e72f7c15a161d35d90afbc86d2150634bc109f76a|0x9d102a68763afb3665b014295f579db463499c1ab742169c4916e90927a8a145|0x4e2a996b199d310feb34591ee60eda13b42b2094dab68eaa55f4a1842be6aa70|0x8c621e0e04428af0861f187ec2c4bbf347366e55d6c756aabc8b78f5b6a3ca95|0xf93ff0ab365409dc37e7f4e7169ccb5c8bfeb67c88405e0de046f9a504364f36|0x5a53d4741750f00e715a74070ea08044ea3f2571e03895dd1dde19741252554d|0x4e2dee72af617c15d9503e6bf92232a71c2f01676295ed952552c018ba1f9f13|0xea5278ece20e609e76da8ead42db38b0168ed6969369ca69ccee43bca2442dff|0x8c39bdf55e3e9bd59d5172366f838a8409b274751ffe4930c63498dc98e5aa49|0x31517fb866d09df1f466bfafbde5010477cd9e0ab25b1292b3661056ffeac2b7|0x9de6ce8d4096bd8a06de70d3daf1420ab94c532eaea6f5e8c482496b10e776d8|0x0f69a1047feda4357ed84f9efb6117cb6b0c089877b683100de383ac13f6319a,"Billboard updates its Hot 100 songs chart each Tuesday (with adjusted release schedules on some holiday weeks), reflecting data from the previous week (Friday-Thursday). Each Billboard chart is then titled “Week of (date of the upcoming Saturday)”. This market will resolve according to the number 1 ",https://polymarket.com/event/billboard-hot-100-1-song-week-of-may-30
passenger-rotten-tomatoes-score,"""Passenger"" Rotten Tomatoes score?",culture,movies|rotten-tomatoes|culture,2026-05-25T00:00:00Z,4,2026-05-19T23:30:51.250174Z,4,4,34.25,34.25,77.58,32.13,0.239,0,will-passenger-score-at-least-60-on-the-rotten-tomatoes-tomatometer|will-passenger-score-at-least-80-on-the-rotten-tomatoes-tomatometer|will-passenger-score-at-least-50-on-the-rotten-tomatoes-tomatometer|will-passenger-score-at-least-70-on-the-rotten-tomatoes-tomatometer,0x6c620c339ad9af64373b7dcdcf0208cfbd94b8b7743e8651253caf5fc2348053|0x2de45f593eb77b9346c8da79aed4da03dbf17e68e61292584c5eca8cb53b0ce4|0x4ec7950538fb4e2c729e55a6416b0b8c28c093db85a52e76a0c0572ebf0f1aed|0x5569a19d511c4cc80156fd8b54bd2760c7165e9720b1381da99e83587dca3c4a,"This market will resolve to “Yes” if the displayed Rotten Tomatoes “All Critics” Tomatometer score for Passenger (2026) is at least equal to the specified number at 10:00 AM ET on May 25, 2026. Otherwise, this market will resolve to ""No"". If, for any reason, the resolution data is unavailable at thi",https://polymarket.com/event/passenger-rotten-tomatoes-score
what-will-be-the-2-us-netflix-movie-this-week-121,What will be the #2 US Netflix movie this week?,culture,culture|movies|top-netflix|netflix,2026-05-26T00:00:00Z,5,2026-05-19T19:57:00.349801Z,22,22,581.72,581.72,2322.82,581.72,0.885,0,will-movie-h-be-the-2-us-netflix-movie-this-week-631|will-movie-j-be-the-2-us-netflix-movie-this-week-958|will-black-phone-2-be-the-2-us-netflix-movie-this-week-347|will-apex-be-the-2-us-netflix-movie-this-week-765|will-nope-be-the-2-us-netflix-movie-this-week|will-swapped-be-the-2-us-netflix-movie-this-week-762|will-goat-be-the-2-us-netflix-movie-this-week|will-movie-a-be-the-2-us-netflix-movie-this-week-771|will-remarkably-bright-creatures-be-the-2-us-netflix-movie-this-week-142|will-the-crash-be-the-2-us-netflix-movie-this-week|will-mothers-day-be-the-2-us-netflix-movie-this-week-829|will-gabbys-dollhouse-the-movie-be-the-2-us-netflix-movie-this-week|will-ladies-first-be-the-2-us-netflix-movie-this-week-148|will-movie-b-be-the-2-us-netflix-movie-this-week-415|will-movie-f-be-the-2-us-netflix-movie-this-week-296|will-movie-k-be-the-2-us-netflix-movie-this-week-279|will-movie-c-be-the-2-us-netflix-movie-this-week-468|will-movie-g-be-the-2-us-netflix-movie-this-week-165|will-movie-d-be-the-2-us-netflix-movie-this-week-121|will-movie-e-be-the-2-us-netflix-movie-this-week-753|will-movie-i-be-the-2-us-netflix-movie-this-week-379|will-another-movie-be-the-2-us-netflix-movie-this-week-672,0xee165e9893d8fa598365f9ef5ea3849fe7f128d15c239a2971237fb82adb0b31|0x471842871c04fe9cd22d891de6d5cd49ab874582793ca8f4240325a64e815e1d|0x2087688f883e53e79c58ac02711d6a4e26fb3c2bf8a7e0f6e5799ef1308abd56|0x1d197c8e22af8f16cbaa83593558454c9b998ef725d7a9fb081b336114889dce|0x62179517434468c9b3ad86e30e140e54b58501831ac1dd307301f1696bc9bc21|0x944c7589de3cafb3557e22b11cb1b3d240da72f9a89148211f36ae74c27f5412|0x989df6959ff56528d0f1949e7db91769567a872be7b295cfa4a22c872371cc0a|0x9bf9cc47bd262e0e588a0d7187eb8342a1472d77ca537b06e72f20b3d6f3995e|0x794cf143707d25f472ad08b6774e167dc9d5feff2dab2d04c28aa1a1eea511a5|0xa83afd6e6e509c129ea0e4addc3ed277e720c2ce076a4b42ff24d65a552c19da|0xa28a7f5873c6c7fd72d951671dc60c7e19bad53b7e051dc3af94f2adcca0c8d1|0xf84e03aa5e96f3e598aacc7a9f77f7a5bf914b1a53b4308010798782bae737aa|0xb1f466fdd821c9e8fbfbeb6e38cccc7f3de8c4ea2a455df354ac58bc345cfddd|0xbcd4f4a3717c3ea02e9acd6d1c0fca6dc91f03171008b47c6608330ec483fa6b|0x0602227c47426c3bde17e9436ce4174c02b3d1e8d8ccc3e9e55ea883d916a8d0|0x6e41a7160503a2e7de542990a725668e3206d0a786d6c97f92789624f2536d2d|0xc04633931f08a99da3e519bf4520d546b33edfdda8a53c44540bc3c70bda04e6|0x3a2ba7c12b8d42195f6abfacdeab1f045a786d58bc469408c82d794edb710af5|0xb40ca17efec0868c029d1355009e3dbdda96d65ede2542c3589ec62cc5a9cd79|0x465a541fd6b342f2e431ad2b46227003486862a59acbc57f4280bc91966fd499|0x50b7926e3a3813fd97984ad60022081a3703624dcfce398e4e52ab37008e94c9|0xd0006caf0b4702486bfaa94a4ac650c3778fad59d2e75ed9941025c8fa3de0d6,"Netflix is expected to update its Top 10 Movies list on top10.netflix.com on Tuesday, May 26, 2026, 3:00 PM ET, reflecting viewership from the previous week (Monday to Sunday). This market will resolve based on which movie this update ranks as the #2 Netflix movie in the United States. The ranking i",https://polymarket.com/event/what-will-be-the-2-us-netflix-movie-this-week-121
what-will-be-the-top-global-netflix-movie-this-week-912,What will be the top global Netflix movie this week?,culture,top-netflix|culture|movies|netflix,2026-05-26T00:00:00Z,5,2026-05-19T20:24:37.261471Z,22,22,1430.89,1430.89,7360.25,1115.86,0.991,0,will-movie-g-be-the-top-global-netflix-movie-this-week-761|will-movie-i-be-the-top-global-netflix-movie-this-week-345|will-nope-be-the-top-global-netflix-movie-this-week|will-the-crash-be-the-top-global-netflix-movie-this-week|will-gabbys-dollhouse-the-movie-be-the-top-global-netflix-movie-this-week|will-mothers-day-be-the-top-global-netflix-movie-this-week-892|will-movie-b-be-the-top-global-netflix-movie-this-week-955|will-movie-c-be-the-top-global-netflix-movie-this-week-996|will-movie-d-be-the-top-global-netflix-movie-this-week-224|will-movie-e-be-the-top-global-netflix-movie-this-week-845|will-movie-f-be-the-top-global-netflix-movie-this-week-832|will-movie-k-be-the-top-global-netflix-movie-this-week-295|will-another-movie-be-the-top-global-netflix-movie-this-week-588|will-black-phone-2-be-the-top-global-netflix-movie-this-week-314|will-swapped-be-the-top-global-netflix-movie-this-week-677|will-remarkably-bright-creatures-be-the-top-global-netflix-movie-this-week-696|will-movie-j-be-the-top-global-netflix-movie-this-week-161|will-apex-be-the-top-global-netflix-movie-this-week-594|will-ladies-first-be-the-top-global-netflix-movie-this-week-529|will-goat-be-the-top-global-netflix-movie-this-week|will-movie-a-be-the-top-global-netflix-movie-this-week-943|will-movie-h-be-the-top-global-netflix-movie-this-week-449,0x531416517c33c6bf2d054a952a40b4e560c62bef6675dd810298593ed5126387|0xe776c5827147a06326dde1facb3d48ca459e06f45b97d5ee3e2ebd9fac5f968e|0xe0f9961826b154a0b72dc842f97030ad03204210c3a1198d509fe7a9fa4f49c6|0xc9f5479e962ae76526773d6e0a451322b318b457ff0f42065fee8f465e39773e|0xa1ed4b4831d1dfbd54121a4e4b70741f166e000840fe7e4582e0e0d35f78d31e|0xb39b30a95c37668124a6ad0f822acc25104de1824d8b5c66748ca8500cc0ccc2|0x68aed85b1e88c4ddf3a29d4794be3a7205d7783ece7b09094034a9dfa2f54ace|0x975efbfb20a5db4ef2132a4ec4bf80ebfff9302d784c88f94962bc0ba2a4df71|0x4a9cff4b8e032524d114559b25e123f3fc904318eed86a3517c250ef29662d17|0xc445c1fe780278c6e3d66f052733dd934551c45934a434e5f832452d2a2bc2f8|0xb015ba6e66644cdfa04c52ff998dc97f7e93c7d62b250dd627df876dd91ac9a2|0x634be573a4238740dcbf277d605fef92836280703a30d6fd687b032cc8476662|0xe7f6f172e90a9004dca13c9bc65d0f0fe70660f81d07bd3ad0e78c6b9cfcc247|0xeee071f26c7da6ba1442107ebc2db88660ccec4ec45b8d32488e77b2bbcdc914|0x904c0aa1cb9c3c78fd7bb2eaf1b475377949fd0f05dc1de59d3b542b2b1d8f2c|0x7d96c1da28db9ee12ec1615ae60beb677a26a4e50cbcc3161c5c43b2a2845359|0x605e80957a0d880fe0f30ec3d5d04172d8ec9d1aea64ca8d0fc4790a5d2c4c97|0xfa749d873196bd0204e8cf40c4dcfe6c4523497b546cdbe8fb7b26ecef1f8e86|0x224f15e3adf84cc3fa105d96f060d9c72fae25fabab983a4233a8e835c7ff7a7|0xd073ac8f842bd03a00018f6f2cf0aed0ed80d33d444c47cfcb46ba0bef801bff|0xe9678679d95286a10ffc2f1c907473ee6f98621ac094ac4a105b213c7b39cec7|0x585930272ba88599374c15265c4e74c6588474fab2fb9a66e7e3db74c085e797,"Netflix is expected to update its global Top 10 TV movies list on top10.netflix.com on Tuesday, May 26, 2026, 3:00 PM ET, reflecting viewership from the previous week (Monday to Sunday). This market will resolve based on which movie this update ranks as the #1 global Netflix movie. The ranking is ba",https://polymarket.com/event/what-will-be-the-top-global-netflix-movie-this-week-912
what-will-be-the-2-global-netflix-movie-this-week-135,What will be the #2 global Netflix movie this week?,culture,culture|movies|top-netflix|netflix,2026-05-26T00:00:00Z,5,2026-05-19T20:28:17.962831Z,22,22,672.24,672.24,3885.01,640.72,0.907,0,will-apex-be-the-2-global-netflix-movie-this-week-242|will-ladies-first-be-the-2-global-netflix-movie-this-week-756|will-movie-b-be-the-2-global-netflix-movie-this-week-559|will-movie-d-be-the-2-global-netflix-movie-this-week-531|will-movie-k-be-the-2-global-netflix-movie-this-week-613|will-black-phone-2-be-the-2-global-netflix-movie-this-week-967|will-swapped-be-the-2-global-netflix-movie-this-week-942|will-movie-a-be-the-2-global-netflix-movie-this-week-491|will-movie-i-be-the-2-global-netflix-movie-this-week-128|will-movie-j-be-the-2-global-netflix-movie-this-week-994|will-remarkably-bright-creatures-be-the-2-global-netflix-movie-this-week-933|will-the-crash-be-the-2-global-netflix-movie-this-week|will-mothers-day-be-the-2-global-netflix-movie-this-week-929|will-movie-e-be-the-2-global-netflix-movie-this-week-419|will-movie-f-be-the-2-global-netflix-movie-this-week-472|will-movie-h-be-the-2-global-netflix-movie-this-week-625|will-nope-be-the-2-global-netflix-movie-this-week|will-gabbys-dollhouse-the-movie-be-the-2-global-netflix-movie-this-week|will-goat-be-the-2-global-netflix-movie-this-week|will-movie-c-be-the-2-global-netflix-movie-this-week-979|will-movie-g-be-the-2-global-netflix-movie-this-week-717|will-another-movie-be-the-2-global-netflix-movie-this-week-661,0x80b03beba2ac362884d0fb20b10fd515f2296b3adb735744838d19280368c791|0x5390c7c1ac44eeb5a038ce48cd9dd943c7c9a0166163ee1077b453daa5a8047e|0x593a037b36c018e1f845467dd7f370dd8f69fe207bd850f8f6379fb7032907fd|0x0d30b6c85881e08098f53ef541b11786d21f67581daf8d28ab970c83704d17a1|0x06427693419321c7f00982cf40c9e452fcf5234fffd4221d5dbeb8ca27ccaf28|0x98e70f9df3ddbeac8f587647ee7bd8246bfc291ae0a9e65d604006dc3fceb40c|0xf789e90295af812fe5fb1b76b2c92b172bdb367807a445f2ccff4a769ee4329e|0x7bdc68e34ce55780a9be0ffa2d42a5131ef7a857280ebe9db8f02b7f2b22bb14|0x7b3035668896644cc99dadab2f8858db534df3f2abd7b99bba420bf2550885fe|0xf623980a76a96dc0669b2084c82315a4aa8379890da587248e14f6a144186fe8|0x1a24b1c916b4a957e09c9c035fbc7036aa5a939947ad8e6db8dde3fa633158e8|0x730b075562bdb17e8e830c888373486b302c916fed731140cacb997fa804cc0a|0x6a1d22a75f5001914c2bfe22ca19197fe003b8d3bf1713399d99fd912d1932b2|0x111e5fee1ca1875a955904b373a951afa8e15b868b3a393484af2dfae84c2b00|0x2f61d3010beb0e26b75c53c73f453d7ec0cdcb4ce18639db722983686f5fe5fb|0x3adeef1b71ccc9cdb7f4bd829a7fc65d86879cf8f10002325fa1a121a84f59ac|0x478d2d4f339687e1dbd65a328f620c58d49e98dda53b1fe22140cfc35b37f581|0x442a1ca9fe1004e0b257f801158b01663db33b0cd3245b41490b6448ba7a5311|0x82b9ed63b3ce8f40e933fe4bf8fb1f678bede7a1063cd48f481729cf7cebd285|0x99d5dda299545acfb22a8ab2d9c11b7e0196f1b30c04dea086a2224a89569a35|0xe6b0e76fa5c7f2c5f05c859a1bcd94466f09e449882fcf912d063c1de1dab719|0xbc9b78e79c2bd84efbd9c1d5290cca77e3572509b42a6f5521126535fa150411,"Netflix is expected to update its global Top 10 TV movies list on top10.netflix.com on Tuesday, May 26, 2026, 3:00 PM ET, reflecting viewership from the previous week (Monday to Sunday). This market will resolve based on which movie this update ranks as the #2 global Netflix movie. The ranking is ba",https://polymarket.com/event/what-will-be-the-2-global-netflix-movie-this-week-135
what-will-be-the-top-us-netflix-show-this-week-149,What will be the top US Netflix show this week?,culture,culture|netflix|top-netflix|movies,2026-05-26T00:00:00Z,5,2026-05-19T23:34:32.959852Z,22,22,5740.40,5740.40,7053.44,3176.61,0.841,0,will-the-boroughs-be-the-top-us-netflix-show-this-week-448|will-the-roast-of-kevin-hart-be-the-top-us-netflix-show-this-week-558|will-worst-ex-ever-season-2-be-the-top-us-netflix-show-this-week-315|will-mating-season-be-the-top-us-netflix-show-this-week|will-perfect-match-season-4-be-the-top-us-netflix-show-this-week|will-show-a-be-the-top-us-netflix-show-this-week-673|will-show-c-be-the-top-us-netflix-show-this-week-872|will-show-e-be-the-top-us-netflix-show-this-week-719|will-show-g-be-the-top-us-netflix-show-this-week-399|will-show-i-be-the-top-us-netflix-show-this-week-341|will-show-k-be-the-top-us-netflix-show-this-week-632|will-bad-thoughts-season-2-be-the-top-us-netflix-show-this-week|will-man-on-fire-be-the-top-us-netflix-show-this-week-843|will-show-b-be-the-top-us-netflix-show-this-week-985|will-show-d-be-the-top-us-netflix-show-this-week-344|will-show-f-be-the-top-us-netflix-show-this-week-922|will-show-h-be-the-top-us-netflix-show-this-week-369|will-show-j-be-the-top-us-netflix-show-this-week-489|will-another-show-be-the-top-us-netflix-show-this-week-134|will-nemesis-be-the-top-us-netflix-show-this-week-253|will-devil-may-cry-season-2-be-the-top-us-netflix-show-this-week-672|will-wanda-sykes-legacy-be-the-top-us-netflix-show-this-week,0xa0fa0de1199c18a8d79d99701a870e92ef4de4902bad4158c1246597f863062f|0x7a08c997455fd4429cb367d8186c29f4290b79c42a518cbfac537c809d4dd849|0x26ffcbf5485ff265f2e6a8c8a9e74c04d8c5fa85bc9d9b143e4551c368d1f765|0x2b9a228706a092d8e57730ba72f3a24bd2dad6fe011d595d5c88f32f979ba036|0xc29eabdcfff84fc98af839cd98d8d1ec8f1cf80fbe0cbe5d6b7eef5b6675d311|0x37d470c3ce9c6082964ae9d402d8e62025d3f86cbbae009d94096b07deb2c744|0x9ded6d7050159ac87d0a90d72ff7d54908211c1ce48342d43ba705a2ac95fbe6|0x2d0c84a2bc1c42bf19822da069466191a5b25d239d67c82c3409fd333600ad36|0x31bdc232d33be72fe3afc32b99fa9492630e4f920a485dc945c62ba6756418e7|0x986b342573defe9131897aa25b6019757e547fc87366c3c1fb5742a0dec0fbaf|0x44bdfa0ad69f501c6fbde9a663f76d278359b6d555c0225e5d8bcd531fa5b407|0x7d0ab72181b1fa78ab9cdef4695bda67bb410f81da31fc19fc7f7ac5073c233c|0xe1377f74726e1ba1433afdaabf05aa73790c6e381d6fff39e8844d2b59d3e42d|0x4a8042801939a0f7dcd3879cc0a7e2f4642d7a712b3a9c44844d610de874e6f4|0x540d967fa340b27942f687336f5b6d1e91265ebeecf2b23ae91c515cd32ab71b|0x637512aad5bc0375ca76533402d7257fbdaa3a9015af9fa1952d05917124fcff|0x9a0ec9e9e306159a647bc6d5b2e130fbf6f1f20e75ba162c466f0b7cb277f6f6|0x637682dd2ce864b9253d282dfd898d6965a50718c7e9b41623e03227f4605cc7|0x01604279e769432241c5abd1d8d466ec581da6fa009fd557c0b9997b8d1be0a3|0x75b8cd0c5807daae953ced7c44261a21a8fa65a5752c7b5a53f5d3daaa567a8f|0xeb4d076c190656830ff4dd65423bd6a4745b7fb6fb1df4d78f04a57d72ecac23|0xbfacb63bd84200200c4caef0af4941382bf97b5e1061ca619246d527382d9935,"Netflix is expected to update its Top 10 TV shows list on top10.netflix.com on Tuesday, May 26, 2026, 3:00 PM ET, reflecting viewership from the previous week (Monday to Sunday). This market will resolve based on which show this update ranks as the #1 Netflix show in the United States. The ranking i",https://polymarket.com/event/what-will-be-the-top-us-netflix-show-this-week-149
what-will-be-the-2-us-netflix-show-this-week-156,What will be the #2 US Netflix show this week?,culture,culture|netflix|top-netflix|movies,2026-05-26T00:00:00Z,5,2026-05-19T23:44:41.622056Z,22,22,772.44,772.44,2081.74,684.74,0.819,0,will-nemesis-be-the-2-us-netflix-show-this-week-987|will-wanda-sykes-legacy-be-the-2-us-netflix-show-this-week|will-show-a-be-the-2-us-netflix-show-this-week-495|will-show-b-be-the-2-us-netflix-show-this-week-499|will-show-f-be-the-2-us-netflix-show-this-week-556|will-show-h-be-the-2-us-netflix-show-this-week-781|will-show-j-be-the-2-us-netflix-show-this-week-188|will-the-boroughs-be-the-2-us-netflix-show-this-week-267|will-worst-ex-ever-season-2-be-the-2-us-netflix-show-this-week-897|will-bad-thoughts-season-2-be-the-2-us-netflix-show-this-week|will-man-on-fire-be-the-2-us-netflix-show-this-week-626|will-show-d-be-the-2-us-netflix-show-this-week-496|will-another-show-be-the-2-us-netflix-show-this-week-315|will-the-roast-of-kevin-hart-be-the-2-us-netflix-show-this-week-617|will-devil-may-cry-season-2-be-the-2-us-netflix-show-this-week-393|will-show-c-be-the-2-us-netflix-show-this-week-791|will-show-k-be-the-2-us-netflix-show-this-week-856|will-mating-season-be-the-2-us-netflix-show-this-week|will-perfect-match-season-4-be-the-2-us-netflix-show-this-week|will-show-e-be-the-2-us-netflix-show-this-week-735|will-show-g-be-the-2-us-netflix-show-this-week-698|will-show-i-be-the-2-us-netflix-show-this-week-977,0x411df10eaf7de815b8509e9e5ef5d416e528fd19857c6a506fde6313bfa4ba66|0x7176de9a1548ee15710110e6cab3753947af982846d59d88df5621d6b161dc1d|0x2be2e226146d790454b574ee3f7251b64518ddc5dbd5c9131173a45d9d225612|0x0b60b916002948708e152d1a6ffcd4c7ed8fbfd45c258b21da3e727873cfcf4f|0x8fefd6afbf0deec99817c1d4d5bb792a3d7d95663f2416446db9c794339a7599|0xf9763435ff4319288d80fe5f7436165d16dc28ec9586a9a6172a1d2c92e48265|0x74100b172834bfcdccbe9efe398fb3d579977afd09131b77b175e626d7c27e3c|0xbe983a7c22b19e57d2ca392c21b79c28b5c64dd8405006174a877a77ca2ca76e|0x9a05b0ae22922ab4bfe7f11f53c732a5d61e47fe58864eb0a3abce1f18151a1e|0xc1785e964267366736962e2416dade7334a9e54362088ddb25c18d40833b1c41|0xa56dc7fecb1b1deb498b963fbb41c283670e61f2c8a151ed9819482031c571a1|0x9963e517dfe5197b5889f78096eef3a87af9b9ce76c197df256f66368bbae782|0xfb4029da813b07a016fb8f15164c8555de4ecadbf89b73bd277a96194a6f1cf8|0xb27fc58495f8e484dcf7354f4a66d9f0ea1dd57cedddb1d2d7d93f2ce4515705|0x9fa6aea14026f7076257c8b808d67ab7a8d3712d626c9e12b9a7b17122cdcd5b|0x2ad0c7c8fc155bb85b3a1a0eb3540ff730f06cddde86e5029f21feee12a29ac0|0x13b9ee45417c0fd5dddda08aeafd1cb87510a6ba2950acc772eb92c1a892175e|0xab556bab4b239ec0b40624cc2b4fab5d8f4cdf4327379837a6ceaf1b1c032395|0xba017fcbcce1351a849c050775a4bd551109d1f7bde030da65045eb23ee74f5b|0x8dc920dd63a2209936807ac310caaecee7029244d7ed658873899d5851516ca8|0xf99a5c1973ae3e5340039c3b271289f1e62bfbcc41986c2954a787990e3c8e9b|0x2e2fa61fac6b543143493af5a03c7b29b3ef0a8accf76defb9e7050785d020af,"Netflix is expected to update its Top 10 TV shows list on top10.netflix.com on Tuesday, May 26, 2026, 3:00 PM ET, reflecting viewership from the previous week (Monday to Sunday). This market will resolve based on which show this update ranks as the #2 Netflix show in the United States. The ranking i",https://polymarket.com/event/what-will-be-the-2-us-netflix-show-this-week-156
what-will-be-the-top-global-netflix-show-this-week-854,What will be the top global Netflix show this week?,culture,culture|top-netflix|movies|netflix,2026-05-26T00:00:00Z,5,2026-05-19T23:23:03.664556Z,22,22,607.15,607.15,6923.58,389.90,0.847,0,will-show-d-be-the-top-global-netflix-show-this-week-214|will-show-g-be-the-top-global-netflix-show-this-week-273|will-show-k-be-the-top-global-netflix-show-this-week-269|will-perfect-match-season-4-be-the-top-global-netflix-show-this-week|will-man-on-fire-be-the-top-global-netflix-show-this-week-375|will-show-b-be-the-top-global-netflix-show-this-week-783|will-show-e-be-the-top-global-netflix-show-this-week-614|will-show-i-be-the-top-global-netflix-show-this-week-379|will-show-j-be-the-top-global-netflix-show-this-week-952|will-bad-thoughts-season-2-be-the-top-global-netflix-show-this-week|will-show-c-be-the-top-global-netflix-show-this-week-168|will-show-h-be-the-top-global-netflix-show-this-week-837|will-another-show-be-the-top-global-netflix-show-this-week-613|will-the-boroughs-be-the-top-global-netflix-show-this-week-749|will-nemesis-be-the-top-global-netflix-show-this-week-722|will-the-roast-of-kevin-hart-be-the-top-global-netflix-show-this-week-517|will-worst-ex-ever-season-2-be-the-top-global-netflix-show-this-week-815|will-wanda-sykes-legacy-be-the-top-global-netflix-show-this-week|will-show-f-be-the-top-global-netflix-show-this-week-873|will-devil-may-cry-season-2-be-the-top-global-netflix-show-this-week-469|will-mating-season-be-the-top-global-netflix-show-this-week|will-show-a-be-the-top-global-netflix-show-this-week-473,0x6a07e9fd6bdbff6fcec28a12191565e4d3c393223cd7fc5d142c162de2ce7e8a|0x7913847ffe54932df48ec1887b3e18b90dfb98291788cd6c02992c4d834243b4|0x45a9862db3c95f20857445dd28eff2875519a0b1e52a8f2ad271c600239584dc|0x8360254dc9d8f258b2ecb810c8a62c5cd3d61a8152982ef2e43236a7584a6a2a|0x3be5936d7896b01950f5d7b41d3d917640011b06b7b836553564490c9985ccab|0xcddaafaf21f9b1644ae57d1dd865379009d235ff233cbdd9ab43ec27355e11fc|0xa87efa1a612d8373f9ead5c47055fe76cc2785ec595476560cfffc2b5274eb76|0xc60c14b8569ffecb586f61a50a1fe7f58af2abddd8df5bf76d5e3c1790c07b0e|0x3c70bae5dd8e79fba3ed4edfcc3d49331c14895dc4c493a6ba833fb635ee7003|0x874376c035c82558068b280049bf67a3b432d0d0d027b5f46d0e2a8734312acd|0x354677f60ecf890d452c5a0183e0f8debe56868bfc50febc4ae7acace0bafade|0x183a85f7d672f233f65beac8cbe5527c79a6861633f5f0092e3ebb933f5b16e3|0x125ba1b619eefaa5d93f7560b29ff2f017cde2022a1acf3a674ff29de5512957|0xa1e786ae1f989d1c891d3dcd9f02d0eaf0f9ed48cd851acab11e0bb40ff533f8|0x3a51b32fdfd64065814e2207f60260487b88c706146bd68a81181b227b541a88|0x0ec198fd36d904d1c94b0ef37e1afc0e7f036a616a1deb02b73f92f212a9937c|0xe13804d2732fb573aeefeecf6e397d0182e16156a6960918f583f58cd1f27f63|0x63aa2a4605401ab7a9e15994933529f6a827dce623c56229d6be12f750fdde3d|0x4c01183ec7edcd940aa94b2d191b8041c93a318471dc35a49cdd57feedd822b1|0x941b00731061fbf029588392d46b554cf6ead58b6b342dfe8d7684903e047229|0xf07c1e6a1227398bf60ba581d5c4c554dfe58f47f806d44d804199564e00b519|0xb299f8b2d1c63a5448801a6c62f20afea88191741d1ba3e345beaf19b715aaf6,"Netflix is expected to update its global Top 10 TV shows list on top10.netflix.com on Tuesday, May 26, 2026, 3:00 PM ET, reflecting viewership from the previous week (Monday to Sunday). This market will resolve based on which show this update ranks as the #1 global Netflix show. The ranking is based",https://polymarket.com/event/what-will-be-the-top-global-netflix-show-this-week-854
what-will-be-the-2-global-netflix-show-this-week-699,What will be the #2 global Netflix show this week?,culture,movies|culture|netflix|top-netflix,2026-05-26T00:00:00Z,5,2026-05-19T23:34:19.846554Z,22,22,138.33,138.33,2263.81,138.33,0.865,0,will-nemesis-be-the-2-global-netflix-show-this-week-251|will-devil-may-cry-season-2-be-the-2-global-netflix-show-this-week-326|will-wanda-sykes-legacy-be-the-2-global-netflix-show-this-week|will-bad-thoughts-season-2-be-the-2-global-netflix-show-this-week|will-man-on-fire-be-the-2-global-netflix-show-this-week-624|will-show-b-be-the-2-global-netflix-show-this-week-815|will-show-d-be-the-2-global-netflix-show-this-week-878|will-show-f-be-the-2-global-netflix-show-this-week-618|will-show-h-be-the-2-global-netflix-show-this-week-378|will-show-j-be-the-2-global-netflix-show-this-week-363|will-another-show-be-the-2-global-netflix-show-this-week-812|will-the-boroughs-be-the-2-global-netflix-show-this-week-499|will-the-roast-of-kevin-hart-be-the-2-global-netflix-show-this-week-346|will-worst-ex-ever-season-2-be-the-2-global-netflix-show-this-week-868|will-mating-season-be-the-2-global-netflix-show-this-week|will-perfect-match-season-4-be-the-2-global-netflix-show-this-week|will-show-a-be-the-2-global-netflix-show-this-week-944|will-show-c-be-the-2-global-netflix-show-this-week-447|will-show-e-be-the-2-global-netflix-show-this-week-513|will-show-g-be-the-2-global-netflix-show-this-week-318|will-show-i-be-the-2-global-netflix-show-this-week-417|will-show-k-be-the-2-global-netflix-show-this-week-964,0x6b866e5b570f2793cf75291871d0496447a6fcc01ffbb5cf51b544e879f54f87|0xb2981bd22b61b3bb4f1d03cf59a9441f11bc0c0802173519fad0acef7fcaa0dc|0x9bcdd5dd00785301b082c0661543e1bd804faab6ff7d28b37ef12f6c7b2692d7|0x6ff08391b31505a1b11e670144a831d90b774e31265890cfa7f3fa2adeba77d1|0x2e2396c5c57be473c6bd55bf4d5873a8bb291626a89cc9e35a9114b8afb6d0b2|0x90cbb4b330a6e1081b02cfaf8d90e4540acd05fd18b9cc83b68d0bf65e6e0e38|0x4e6ea4cbc8d0f2018e6f0a6faeaf5d7c8b05d13be1a0d7510631e65f90bb2ad7|0x19b5ad7d1efde63ad763c06001eda1c7f682b49cd4bf3508146889e552e9200e|0x775846a665ae336feaf3b845afae5840b9bc8b2389cb91f2521379b6efd4c73f|0x54ce91973734ac2adfb27c37ca2f0f909f636a5e396f6cdd6ac81141b6239827|0x6111142ebe01a3c8c3f0e34faa6dca5fcbececd1e527e67c2bc78e0a08b29df4|0x5b4cb8f9b9de5c7f3731f0c3ffc5f4d8f3821cd7e22641d9f806190ac26efb55|0x033e4f6190ae0e6ce01f8a01d9e535cfbfb4f171507e0d980f6bf9d99e5c7b1e|0xb61f1ec805e24457c48435a919917824e7463c14a0893cdea2c2aecbad2cea27|0xc41c51ae008f53aa8ce6d9c64f6bba8095df2e6670b1799f671bc8e4d89e3b43|0x4462171afaf76ebd861fb81f37b8aaa604a60fb9b083edd46cb33aa400e60db6|0xf8f10f711854b69c39d5573da03feb7a7e729c045d1671872c3eadfdb2b868b6|0x377323673a7fd5bf6b7ab3752e11c5eaa0d54316b143e48a6e3056245db2d874|0x956ec7fa35259666c1c54e4650c838634e5c1c0c2d46c9946869e8757e5af311|0x12eb2105f7756a2b7c75387a98556ff052d0ed6de85ebdb8061b78bba5fd86d7|0x25f1f27f393acfeba2ebc4cb980b8606cb940b9a9cb1b947f32611876f34d887|0x0a41fbf676c9f9562e83aab6ff734175138c6a700c813c72417d2fb6af6b0836,"Netflix is expected to update its global Top 10 TV shows list on top10.netflix.com on Tuesday, May 26, 2026, 3:00 PM ET, reflecting viewership from the previous week (Monday to Sunday). This market will resolve based on which show this update ranks as the #2 global Netflix show. The ranking is based",https://polymarket.com/event/what-will-be-the-2-global-netflix-show-this-week-699
i-love-boosters-rotten-tomatoes-score,"""I Love Boosters"" Rotten Tomatoes score?",culture,movies|rotten-tomatoes|culture,2026-05-26T00:00:00Z,5,2026-05-19T23:40:54.579838Z,5,5,239.52,239.52,2101.27,239.52,0.930,0,will-i-love-boosters-score-at-least-89-on-the-rotten-tomatoes-tomatometer|will-i-love-boosters-score-at-least-91-on-the-rotten-tomatoes-tomatometer|will-i-love-boosters-score-at-least-97-on-the-rotten-tomatoes-tomatometer|will-i-love-boosters-score-at-least-93-on-the-rotten-tomatoes-tomatometer|will-i-love-boosters-score-at-least-95-on-the-rotten-tomatoes-tomatometer,0x5e7e8b8731becd5f02a9f6ed90d0c2ee250dc40e724946d473f4371a63c16169|0x3089b9ab8485f403b3639f0d8cb68f4be7e858a3964e7b620a01e6e37929790f|0xd22bc17df94cc75372c82177f55f5eae5b8750893e51f4b5016f3c333b98987c|0x8af652c85eb33c5ad059b13a73da161a453f90df1789c6f1900682b43876a295|0xbe617d5253beeed35fb38a8dc8f8a618fb67868360ebea1f6128f4b2c565244e,"This market will resolve to “Yes” if the displayed Rotten Tomatoes “All Critics” Tomatometer score for I Love Boosters (2026) is at least equal to the specified number at 10:00 AM ET on May 25, 2026. Otherwise, this market will resolve to ""No"". If, for any reason, the resolution data is unavailable ",https://polymarket.com/event/i-love-boosters-rotten-tomatoes-score
the-mandalorian-and-grogu-4-day-opening-weekend-box-office,"""The Mandalorian and Grogu"" 4-day Opening Weekend Box Office",culture,movies|culture|box-office|rewards-50-4-5-20,2026-05-26T12:00:00Z,6,2026-05-12T22:40:44.12755Z,5,5,50408.42,90665.26,52629.40,48442.95,0.997,0,will-the-mandalorian-and-grogu-4-day-opening-weekend-box-office-be-between-92m-and-102m|will-the-mandalorian-and-grogu-4-day-opening-weekend-box-office-be-between-112m-and-122m|will-the-mandalorian-and-grogu-4-day-opening-weekend-box-office-be-less-than-92m|will-the-mandalorian-and-grogu-4-day-opening-weekend-box-office-be-between-102m-and-112m|will-the-mandalorian-and-grogu-4-day-opening-weekend-box-office-be-greater-than-122m,0x9d5bcba0e0375a5185b6f61b428332dbf301f2f7cb708dcce207106a80609a01|0x17e85726b0e8bf15ecf34fff93fd3cb702c4c21c5506eb49bad3bdf644211b09|0x1443e0183e6d60532402dfd8c32589432f679bc3079f511351ccb7e3e1b43deb|0x7abff4a0904d7fab165ea2a2f7d3af2a87307136862bc63e30626367b098f397|0x729f4201e50c01ed5d7721dc035159193c30be9f540af40b0aa30ec6a75b3558,"This market will resolve according to how much ""The Mandalorian and Grogu"" Opening Weekend Box Office will gross domestically on its opening weekend. The ""Daily Box Office Performance"" figures found on the “Box Office” tab on this movie's The Numbers (https://www.the-numbers.com/) page will be used ",https://polymarket.com/event/the-mandalorian-and-grogu-4-day-opening-weekend-box-office
how-long-will-it-take-ant-middleton-to-summit-everest-924,How long will it take Ant Middleton to summit Everest?,culture,uk|culture|everest,2026-05-30T00:00:00Z,9,2026-05-16T19:14:49.929377Z,7,7,352.82,2040.70,3781.02,1854.31,0.871,2,will-ant-middleton-summit-everest-in-less-than-2-days-378|will-ant-middleton-summit-everest-in-between-4-and-5-days-432|will-ant-middleton-summit-everest-in-between-5-and-6-days-133|will-ant-middleton-summit-everest-in-between-2-and-3-days-898|will-ant-middleton-not-summit-everest-by-june-30-673|will-ant-middleton-summit-everest-in-between-3-and-4-days-859|will-ant-middleton-summit-everest-in-more-than-6-days-931,0x327f22ecfeee749be8ea8f98da89c3f6ba1075000f7c4262f929250a33714f82|0x862f9bc4e6bbe3421bb670d974147719c1b5d8b5f28eff4e21dd32a16f8cd526|0x9078ae1f9e55f39c4716d3c24a7a9b4bd2d1e06543a0fa1b9cf5b4420bfbf943|0xc7c651433a171139061d5962d53f431d4c697b87d3f1017f168fc897b28fb1f3|0xe24545daed7bb16f2a9dd0c73a3ed088146c7531046858a35a643f7faa6de84c|0x03289422268691dcb5e547c053cac1e25a551f6ee6124befe46637bf1245d421|0xbd8cbaf0ec41392f445fac8ceb1bcbd7dbc5a21429ce2422c4c4ecf1ce04179a,"Ant Middleton is scheduled to climb from Base Camp to the summit of Everest, beginning Monday, May 18, 2026. This market will resolve according to the amount of time that it takes Ant Middleton to reach the summit. Middleton's climb will begin when the event's official timer begins, and considered c",https://polymarket.com/event/how-long-will-it-take-ant-middleton-to-summit-everest-924
who-will-die-in-euphoria-season-3,Who will die in Euphoria: Season 3?,culture,movies|culture,2026-05-31T00:00:00Z,10,2026-01-20T16:01:45.348915Z,10,10,2890.09,218880.83,25611.17,42637.46,1.000,14,will-elliot-die-in-euphoria-season-3-137|will-cal-jacobs-die-in-euphoria-season-3-193|will-cassie-howard-die-in-euphoria-season-3|will-nate-jacobs-die-in-euphoria-season-3|will-rue-bennett-die-in-euphoria-season-3|will-lexi-howard-die-in-euphoria-season-3|will-faye-die-in-euphoria-season-3-865|will-jules-vaughn-die-in-euphoria-season-3|will-maddy-perez-die-in-euphoria-season-3|will-ethan-daley-die-in-euphoria-season-3,0x180daa2c20ea71d163c2aba7bdbb7277acdff11b381123b6b24136a2549ef5a2|0xf530b2b6339922008935a59da78d4ca76962e919950e7079669c2db3cdc031c8|0x5110deaae9d4e815f8a9c79afa932ba7d8df3494fdc5be8379e75dc8a58c5604|0xe29494b99ca89d6f65017a30bd5507af551533f30c2715205c37fd1be7d3dee0|0x30b8e5f4f3670e9be29c36be3826cbdf86e24b4e71ad7c752bf1f3a072d6da03|0x9121e8c618c5bda91192f6c4f76a5179bbd43cf250967948b10f9aa7f8c3131d|0x2666174d59b0066cf45a0cb06391f7830ac01b97f17c0ff27263f6db0d4f738d|0x1da7aca33abbb2e62493bd43feda72d723888a83979cb166d68abce04794b7db|0x5dc4a87db81b947b62518e64840ad34f30acf69449ab0cad53ea2fb262d3071d|0xb5a2d1c6a62269a87adc690f8fc20beeeac3c3cddb0f95f3d78dd9cc5041b88a,"""Euphoria: Season 3"" is scheduled to air eight episodes weekly on Sundays at 9PM ET, beginning April 12. This market will resolve to “Yes” if the specified character dies during ""Euphoria: Season 3"". Otherwise, this market will resolve to “No”. A qualifying death must show the specified character de",https://polymarket.com/event/who-will-die-in-euphoria-season-3
highest-domestically-grossing-april-film-on-may-31,Highest Domestically Grossing April Film on May 31?,culture,movies|culture,2026-05-31T00:00:00Z,10,2026-03-25T21:28:04.750584Z,23,23,1049.92,265278.67,45455.77,16089.12,0.804,6,will-the-super-mario-galaxy-movie-be-the-april-film-with-the-highest-domestic-gross-on-may-31|will-mother-mary-be-the-april-film-with-the-highest-domestic-gross-on-may-31|will-michael-be-the-april-film-with-the-highest-domestic-gross-on-may-31|will-wasteland-cop-be-the-april-film-with-the-highest-domestic-gross-on-may-31|will-you-me-tuscany-be-the-april-film-with-the-highest-domestic-gross-on-may-31|will-the-whistler-be-the-april-film-with-the-highest-domestic-gross-on-may-31|will-lorne-be-the-april-film-with-the-highest-domestic-gross-on-may-31|will-movie-a-be-the-april-film-with-the-highest-domestic-gross-on-may-31|will-movie-b-be-the-april-film-with-the-highest-domestic-gross-on-may-31|will-movie-c-be-the-april-film-with-the-highest-domestic-gross-on-may-31|will-movie-d-be-the-april-film-with-the-highest-domestic-gross-on-may-31|will-movie-e-be-the-april-film-with-the-highest-domestic-gross-on-may-31|will-movie-f-be-the-april-film-with-the-highest-domestic-gross-on-may-31|will-movie-g-be-the-april-film-with-the-highest-domestic-gross-on-may-31|will-movie-h-be-the-april-film-with-the-highest-domestic-gross-on-may-31|will-movie-i-be-the-april-film-with-the-highest-domestic-gross-on-may-31|will-movie-j-be-the-april-film-with-the-highest-domestic-gross-on-may-31|will-movie-k-be-the-april-film-with-the-highest-domestic-gross-on-may-31|will-movie-l-be-the-april-film-with-the-highest-domestic-gross-on-may-31|will-movie-m-be-the-april-film-with-the-highest-domestic-gross-on-may-31|will-movie-n-be-the-april-film-with-the-highest-domestic-gross-on-may-31|will-movie-o-be-the-april-film-with-the-highest-domestic-gross-on-may-31|will-another-movie-be-the-april-film-with-the-highest-domestic-gross-on-may-31,0xc31a2b8108095d44b03f070d8b473460988faff601b94e0ee3d7d832de253a29|0x264dde20ff3f1e330c069a73fcc52ce93f0b2d05b23ca9664d2bdd594a625b8d|0xcf4dab4fc1109714e3f0e43e6766baadb7f42496448d6a2afe6c0bf10c3a6646|0x911ba6b03338eadb70effb8e98f4b684ab9b204a2e9a5cde3acda26f4a83e3bd|0x0bdf0c8c103d2251e6aa4b39991ef5d6a453b2a496362e6cd40a26d820551449|0xc39b846e59520e7b68133fe1bc5deb845109087bc07e1e78edc763a4dc08150f|0xa8c9226abcc0064312d0a1a27a59b130bea025ee732f870d7a5fc9ef3ba36162|0xc46235242bacc5e8c86b1ec9b26ac41455c32cf248350dc0634f87cad8b27b01|0x4a1c8db28ec34bd69e5438cb1ce2dd5f873bb653cc8b271105f1c93f7d63d7a1|0x5a0714c2efd55d2cdac610ddd56c7d0c78772f986362d9bd5bc8d710253b6456|0x306becd848c8003697f99ac0955ffd85b00825eb89f039f4fcb3bd2e9d57715a|0xf865089282b8f8c50ab0ce94ea0d6855cb35baf6d1ebd5d0255e63431370de07|0x5e75366cf4fec70da3e98fa606a656ecfe2789fb81e982cff0fe3b3a82b7d4ae|0x3158918c14dcaf64eda39f1c362388f04df1b72fa3f973cd08de68ff97cb688a|0xd4d9787e1bf4c4926184e6d9f310fdf6ece3be92e271eeb03882d2fd46555e2e|0x2367fda5ffda26603d229a405a01b4022c7d03b0d593040f4890a51c124bd539|0xd0a677771f3cfd19001362bd5e599d679c9f3268fea5cd78701186dbce134c44|0x3b42e5a9de8e6d53936555557b9f0be548e1495b02b44157bc102922dd62db18|0x0c1148638b17f09bc0e5c4fa654ce822f66b6f7a12fce68af3029f3d4a0cbcde|0xb8d2b06dfbd12e9c19e0c29e747e50cb1f8d29bc12c3fa908cd33935e1f0f4a4|0x70f87f2676242186177b1572a76307c8fd9ca61fffcb3b49f3f30472f8da828c|0x3dcacfbc735bbf2988f3892a48ce2e91355cbbb69d04b5d47e0f43f02bb37020|0x78e69e7fe404876eb9ee56bf1074f44cc7002299ba3f8c83ec8142617e051749,"This market will resolve according to the title of the film released in April 2026 with the highest domestic gross between opening and May 30, 2026 according to ""Daily Box Office Performance"" figures found on the “Box Office” tab on this movie's The Numbers (https://www.the-numbers.com/) page. In th",https://polymarket.com/event/highest-domestically-grossing-april-film-on-may-31
clavicular-banned-from-kick-by,Clavicular banned from Kick by...?,culture,culture|clavicular|youtube|internet,2026-05-31T00:00:00Z,10,2026-03-30T22:04:13.146204Z,2,1,0.00,1057.53,459.45,261.16,0.831,1,will-clavicular-be-banned-from-kick-by-april-30|will-clavicular-be-banned-from-kick-by-may-31,0x5173af28b6ff4cfc2e7448d37a2fe5b8dde3332c25fa0b8fa063d305b68d1fd8|0x0ad58146bdd9f58ad5c6e3a942cbae968d9adc8ad3f88247e6aa0faf93bc3b17,"This market will resolve to ""Yes"" if Braden Eric Peters (known as Clavicular) is banned from Kick by the listed date, 2026, 11:59 PM ET. Otherwise this market will resolve to ""No"". Official announcements from Kick that Clavicular will be banned will qualify regardless of whether the ban has gone int",https://polymarket.com/event/clavicular-banned-from-kick-by
another-7pt0-or-above-earthquake-by-811,Another 7.0 or above earthquake by...?,culture,earthquakes|weather|natural-disasters|science|culture,2026-05-31T00:00:00Z,10,2026-04-21T14:42:27.430376Z,3,1,3291.34,33482.15,2155.83,4942.26,0.962,1,another-7pt0-or-above-earthquake-by-may-30-2026|another-7pt0-or-above-earthquake-by-april-30-2026-489|another-7pt0-or-above-earthquake-by-may-15-2026,0xdc1f4454acb0ea3d8c6df00ef2a5dc4fd542fbb6131bd0db04015d29025a729c|0xae93218e0a14a6ebe6e0c52bdf0e77537af0595ad418999a42ec774305fe4218|0x3dba3674fe9c4dbdaf9467905d91cb90794d7861a94cc7799bd4ada1b62bdd9a,"This market will resolve to “Yes” if one or more earthquakes with a magnitude of 7.0 or higher occur anywhere on Earth between market creation and the listed date ET. Otherwise, this market will resolve to “No”. The resolution source for this market is the United States Geological Survey (USGS) Eart",https://polymarket.com/event/another-7pt0-or-above-earthquake-by-811
which-artists-will-have-1-hits-in-may,Which artists will have #1 hits in May?,culture,music|culture|billboard|taylor-swift|spotify|iceman|celebrities,2026-05-31T00:00:00Z,10,2026-04-27T20:42:34.392634Z,14,13,357.89,5463.59,7114.06,1897.16,0.965,0,will-the-weeknd-have-a-1-hit-in-may|will-beyonce-have-a-1-hit-in-may|will-ariana-grande-have-a-1-hit-in-may|will-gracie-abrams-have-a-1-hit-in-may-195|will-taylor-swift-have-a-1-hit-in-may|will-bad-bunny-have-a-1-hit-in-may|will-noah-kahan-have-a-1-hit-in-may|will-don-toliver-have-a-1-hit-in-may|will-bruno-mars-have-a-1-hit-in-may|will-olivia-dean-have-a-1-hit-in-may|will-alex-warren-have-a-1-hit-in-may|will-kanye-west-have-a-1-hit-in-may|will-drake-have-a-1-hit-in-may|will-olivia-rodrigo-have-a-1-hit-in-may,0x3cb278f13580cd0d1d71719cc490a24db85d010a6943105adc129c77db3f618b|0x485dac84dd45da7d92173d81c0c477f4614e945d5b116ae4e2b780b2e47ed255|0xdce069a791c1a68197ba9a906e7173c004dbac539baa5142c6ee6d7f55af0ca5|0xd6a4d6ae11f86719231d4db20955c2b4c6abd9c1b9809e4ebd2124f0a11aba5e|0xc3536609d05b35ba3f24eaf86e53e74b104e6d9c96bdd5a4e95e6ab3a788bfff|0x75deb64e13942e6da68c83de7720da398094f9909ee1e070b9c086f91a340f1b|0xb047e37419fc623fe8240e4143e94774fe42190b3e495613077be9c4de027c39|0x1babd8419c1aafeb139303fd4bafb59759409b2162fee514ce6bc26d465331ad|0x7c38140460b69db44f7a6b3cce8ae70f2f4533846bf2810be4f0d51efd20295c|0x1f6498eec4bd489647ff8b1b5277c200d95d3d697f0cc0363b05df627206fc6f|0x5aabd042ed3748eb02b32333a5a38beda45713cade6677a037908a6e4a021bec|0x2c7df5f9b7f6fb8dfe5e9e48b8d22d2d03b393916533abd650af2fb44b251abb|0xecf7a855072ef51cce5f9d0f8390facc659ff760c63c0499136a8c43308404fa|0xf5f656b6e43d5dafaa6347bd841f972cc663a4ab6ab3b1001607fd7c3cfa3247,"This market will resolve to ""Yes"" if any song by the listed artist is in the #1 spot on the Spotify Top 50 - Global chart for any day of the relevant month, ET. Otherwise, this market will resolve to ""No"". Only primary artist profiles will qualify; features or collaborations under another artist pro",https://polymarket.com/event/which-artists-will-have-1-hits-in-may
50m-views-on-a-mrbeast-video-in-the-first-day-by-may-31,50m views on a MrBeast video in the first day by May 31?,culture,mrbeast|culture|youtube,2026-05-31T00:00:00Z,10,2026-04-27T20:48:09.72547Z,1,1,45.04,9372.83,4047.23,3111.71,0.811,3,50m-views-on-a-mrbeast-video-in-the-first-day-by-may-31,0x6537e930ae517c3874fde483e4911d8e4559d71002b8d386085511e422dabd09,"This market will resolve to ""Yes"" if the number of views any YouTube video posted by MrBeast gets in the first day after being posted is greater than or equal to 50 million between market creation and May 31, 2026, 11:59PM ET. Otherwise, this market will resolve to ""No"". If MrBeast does not post a Y",https://polymarket.com/event/50m-views-on-a-mrbeast-video-in-the-first-day-by-may-31
will-mrbeast-hit-billion-views-by-may-31,Will MrBeast hit ___ Billion views by May 31?,culture,mrbeast|youtube|culture,2026-05-31T00:00:00Z,10,2026-04-27T20:48:07.715983Z,7,3,5651.91,36355.77,11322.39,12625.82,0.866,0,will-mrbeast-hit-121pt5-billion-views-by-may-31|will-mrbeast-hit-122-billion-views-by-may-31|will-mrbeast-hit-122pt5-billion-views-by-may-31|will-mrbeast-hit-123-billion-views-by-may-31|will-mrbeast-hit-123pt5-billion-views-by-may-31|will-mrbeast-hit-124-billion-views-by-may-31|will-mrbeast-hit-124pt5-billion-views-by-may-31,0x73088ffcbef70c1031a209c20aac1c62e7f608def13caf1fe38f538804ef17ad|0x1ac6a50ea18106d36ced054f2f426c62ca87a13ae5306896d95780bbd1fd13ef|0x49e7e9cdef829910bebb61a7b6855260335a7cdf68e7f8bd9befefc450b36715|0xf72567cf345433ea1176de5e5bdde25535f4360365a5e9ae66680d277b94fbb7|0x899015d9feca2ce046f4bb82d680f8148d1444a099d8e6cd37df0898537c6fd8|0x46f43a28f25eeb5820eccd695a4cc72ed78936250508234fefbad27562ad3ed7|0x99479680e2a8fb777a8ae55c5b295a860b71471cf2db2d6799ac7803d0572114,"This market will resolve to ""Yes"" if the MrBeast YouTube channel (https://www.youtube.com/@MrBeast) hits the specified number of views by May 31, 2026, 11:59 PM ET. Otherwise, this market will resolve to ""No"". The primary resolution source for this market will be the MrBeast YouTube channel (https:/",https://polymarket.com/event/will-mrbeast-hit-billion-views-by-may-31
2-spotify-artist-in-may,#2 Spotify artist in May?,culture,music|culture|spotify,2026-05-31T00:00:00Z,10,2026-04-28T22:46:27.673196Z,40,40,44.70,1969.28,5674.37,1969.28,0.822,2,will-bruno-mars-have-the-second-greatest-number-of-monthly-spotify-listeners-this-month-743|will-kendrick-lamar-have-the-second-greatest-number-of-monthly-spotify-listeners-this-month-892|will-lady-gaga-have-the-second-greatest-number-of-monthly-spotify-listeners-this-month-962|will-coldplay-have-the-second-greatest-number-of-monthly-spotify-listeners-this-month-122|will-artist-d-have-the-second-greatest-number-of-monthly-spotify-listeners-this-month-251|will-artist-h-have-the-second-greatest-number-of-monthly-spotify-listeners-this-month-634|will-artist-l-have-the-second-greatest-number-of-monthly-spotify-listeners-this-month-343|will-artist-p-have-the-second-greatest-number-of-monthly-spotify-listeners-this-month-916|will-artist-t-have-the-second-greatest-number-of-monthly-spotify-listeners-this-month-167|will-artist-x-have-the-second-greatest-number-of-monthly-spotify-listeners-this-month-333|will-noah-kahan-have-the-second-greatest-number-of-monthly-spotify-listeners-this-month-951|will-taylor-swift-have-the-second-greatest-number-of-monthly-spotify-listeners-this-month-553|will-kanye-west-have-the-second-greatest-number-of-monthly-spotify-listeners-this-month-217|will-artist-a-have-the-second-greatest-number-of-monthly-spotify-listeners-this-month-889|will-artist-e-have-the-second-greatest-number-of-monthly-spotify-listeners-this-month-111|will-artist-i-have-the-second-greatest-number-of-monthly-spotify-listeners-this-month-962|will-artist-m-have-the-second-greatest-number-of-monthly-spotify-listeners-this-month-939|will-artist-q-have-the-second-greatest-number-of-monthly-spotify-listeners-this-month-531|will-artist-u-have-the-second-greatest-number-of-monthly-spotify-listeners-this-month-992|will-artist-y-have-the-second-greatest-number-of-monthly-spotify-listeners-this-month-573|will-the-weeknd-have-the-second-greatest-number-of-monthly-spotify-listeners-this-month-867|will-billie-eilish-have-the-second-greatest-number-of-monthly-spotify-listeners-this-month-697|will-ed-sheeran-have-the-second-greatest-number-of-monthly-spotify-listeners-this-month-667|will-artist-c-have-the-second-greatest-number-of-monthly-spotify-listeners-this-month-398|will-artist-g-have-the-second-greatest-number-of-monthly-spotify-listeners-this-month-982|will-artist-k-have-the-second-greatest-number-of-monthly-spotify-listeners-this-month-756|will-artist-o-have-the-second-greatest-number-of-monthly-spotify-listeners-this-month-811|will-artist-s-have-the-second-greatest-number-of-monthly-spotify-listeners-this-month-289|will-artist-w-have-the-second-greatest-number-of-monthly-spotify-listeners-this-month-915|will-another-artist-have-the-second-greatest-number-of-monthly-spotify-listeners-this-month-286|will-bad-bunny-have-the-second-greatest-number-of-monthly-spotify-listeners-this-month-152|will-drake-have-the-second-greatest-number-of-monthly-spotify-listeners-this-month-221|will-rihanna-have-the-second-greatest-number-of-monthly-spotify-listeners-this-month-882|will-artist-b-have-the-second-greatest-number-of-monthly-spotify-listeners-this-month-987|will-artist-f-have-the-second-greatest-number-of-monthly-spotify-listeners-this-month-359|will-artist-j-have-the-second-greatest-number-of-monthly-spotify-listeners-this-month-689|will-artist-n-have-the-second-greatest-number-of-monthly-spotify-listeners-this-month-936|will-artist-r-have-the-second-greatest-number-of-monthly-spotify-listeners-this-month-389|will-artist-v-have-the-second-greatest-number-of-monthly-spotify-listeners-this-month-748|will-artist-z-have-the-second-greatest-number-of-monthly-spotify-listeners-this-month-816,0x7536b15f80f2f842c7525d38eff3fb0d0783be605dd0eede70624bf5e41a5fa3|0xf362a15824b987e29d342c037a6dd4a27fa8da5417e9a417824207a5a0f726ef|0x353b4be7d994b6d59bffdda9dddba571ddc904c1effc91c116dc4a42bb21296b|0x276eab2212b068a08b33777f6d81e7c3e3eeb7901e01f9b81b098754083d36f5|0xaa25e81f0a2cfb217de6e0be3f4adc305ed6c124988212a3e0fd7bbc4c214acb|0x59e8cd3cc30d37ea56c809df6a549cbeac9089fa199771b7bab042719279731f|0x5e8f47f0769761ee8b3247d72eb852fdbff388d4c0f881ffb0083197e13e8cbd|0xd091c58d0404213c409804cde0716d9b239e5dcb3dff8d65aacbb60b8c8ebf38|0xe43fd876d1b939336ec286bfc556a93888d83018918d0ddbabe2606c25e2207a|0xee205fad35e771e3593f164ffae5c0b38d819c3108bafc6db51956f2a4324892|0x6de517f0219d9cfe5a770154957e2e0e2d2d8d35544d96325af63bd4050ea19a|0xb77ce7cf66fef90bedbd1db374a847c59f0d0e523c7fa814b842568ff92c1828|0x55ae33c4e845e0bc7ff1407192536caa6cd154d49f6f98575de4456c26d4e5e3|0x4a73426ea1059506d98d9cc5580a3ac8d5ad44a9fff261267b05ab00fd52125b|0x1f6daa31ae7ad0f439341223ab0e49632f995490b5d3e4d5b3c5e2ae75a990cb|0x188fc1bc5b1fb7c69797296dcbec2333d7486b07282f04825b43fe1ed75a35b5|0xaf440b39d00f1410f853edddcd9e6e53d7b3c0d5f112f2dd19ea1c23a317042b|0xded3f60293762cc4b3c55b4775c0398c7d044e7c7506f6c96442d20fd6804af2|0x82bf222db9ded8cd6f02684febf9f8afd1fa8809ba6b467381165e63c674a52b|0xc40dd1c2d08dd18e43b6aa8113390a7154ce29aa7f7457dcd210e3deeb625b74|0x479ac50c83b5817cbafde9979af9ce1bc55d4f10b11362cad793067a334f4ea2|0xfb6125830bff1c1fcbc91de597afaa19958ec03da4294bc6b95dd67adaf45386|0x63e6e61046b2c89e94d39fb59536a71ca4461eb235c943d31afedaccbcc772ec|0x28f047869ee8be32e25ea0bf07935ec206bc797eed60c28e552fa279f90a6331|0xaab4edff6f90f9524c8af7c08373ea1bc2858eddc18166893c7e73c0e01d9704|0x35b15926b7b36a517fa5e7c15f45779472fab2502b8916fa11a2f4d89ebae364|0x02962b97ae90aa27b3c1e27cdb66a485b1d9939a17f85bd6d3ff891af551b9b9|0x11f6b3aa5d1a2ad162ee98e7e1323a535588ab78a5f7f43802176e578d456c7c|0xc30ed60a47941cf8bfca320e243e815ea8cb2ce08d71563463e4009468d94b77|0x47aa30483d04f7f75f2e2f848fb7962a660eed80c6506a0b35a880a1d228fa23|0x1927c93bacf5c0b2c8f663546692f1e448df078609ad29208b9d24e21f5b6a3a|0x030de0e59cdcee0bbcccb93f414e693bc69b5025ac64e97116cd4de70d823719|0xb60e09b984eb85891d69e55beafad094d707514877a2e3c9e728109ae9f8d037|0xa3d82d5df04423e85327136e22fb78dcc40011087f342bae99e4298d04a49da7|0x442e27816c7398defbf045670aee5c70b07bb7f79ec8b05d89e0a69084d574fe|0xad8dbd6f3b8411b6c9b83ba19fc8f5ee16c4fc560d7df9f7358ea53e64fa9fb6|0xf66a37600ad6720af47329364cc0c5652f627958cd13b3d58c3ca1fd89ed77d9|0x0989fa49612242a604bf1c24b5a70f85ba5636e2dae45679555a038fb9194e0b|0x27d557886b95cfb6c184af214f5440831dd4f6a412a12d19f65fde912c61cb29|0xaaa8bd6ea3d09ae1788d38d660771bb8f56611fea8771c5a791c19b7517eaa6f,"This market will resolve according to the listed artist with the second greatest number of monthly listeners according to Spotify on May 31, 2026, 12PM ET. The monthly listener count is listed on each artist's public Spotify profile. Only primary artist profiles will qualify; features or collaborati",https://polymarket.com/event/2-spotify-artist-in-may
which-artists-will-have-1-hits-in-the-us-in-may,Which artists will have #1 hits in the US in May?,culture,billboard|celebrities|culture|spotify|iceman|music|taylor-swift,2026-05-31T00:00:00Z,10,2026-04-28T22:44:22.98465Z,14,12,8663.40,21984.67,8124.53,13933.47,0.880,0,will-ariana-grande-have-a-1-hit-in-the-us-in-may|will-beyonce-have-a-1-hit-in-the-us-in-may-761-377|will-the-weeknd-have-a-1-hit-in-the-us-in-may-788-661-325|will-gracie-abrams-have-a-1-hit-in-the-us-in-may-663|will-bad-bunny-have-a-1-hit-in-the-us-in-may|will-olivia-dean-have-a-1-hit-in-the-us-in-may|will-olivia-rodrigo-have-a-1-hit-in-the-us-in-may|will-don-toliver-have-a-1-hit-in-the-us-in-may|will-kanye-west-have-a-1-hit-in-the-us-in-may|will-taylor-swift-have-a-1-hit-in-the-us-in-may|will-noah-kahan-have-a-1-hit-in-the-us-in-may|will-bruno-mars-have-a-1-hit-in-the-us-in-may|will-alex-warren-have-a-1-hit-in-the-us-in-may|will-drake-have-a-1-hit-in-the-us-in-may,0x3822760f24b05033f129f9704f29038775ec49639d6a10e240138d25a824c689|0xc3bca4495d43cf3b407838563e63bf7a3ea0f57348446506f8ded4503f1dcddb|0x3c1af9432cc40443750731cd8c5655e21e006e8b2993acc52812fd57327e6796|0x273c9876718e7307cad11cfeee7ab017d5eacc0d1e041296711ed4a2fa5201fd|0x096be8f67ba6b19791a4f0eadd9e89ff18498ef5c6713b4b69101435978bbf89|0x88b8af5f303343bf813bcf1648f16c6d848f5494a7ba4984a464393cac393210|0x3465c2f55df8949bc53610ef3be80a8b863fa49663e108ae7428280e55c3bba5|0xe3b7fb649abfb1775b6be5d2d6b433357048d8eb94820d87529ca7351fd24454|0x09f80ee877de4b244766a6c56b71b40e221f1cd4e88c08d405a2fec277875469|0x6dc5a86af811a567c65595a3af7844cd132f647589db0d24b22f51ae1a6365d5|0xd9c7f1ef5456d3b1072c7c27b278af0aa0e9c31a555b29e08a068ea8a639ec1f|0x99478d99fdea42cf57aa9d1aeddf1bc5b49555821ea0495ee5389469abafc7c3|0xa552c11c989a28e6a24bc127dfd268cca0489f4c6910f71e0e9c17619b6480e6|0xcb2bd50fe42cd7ee48979e7658bfad3aac4cb990d8ac0fdbe6cab3b29aea5214,"This market will resolve to ""Yes"" if any song by the listed artist is in the #1 spot on the Spotify Top 50 - USA chart for any day of the relevant month, ET. Otherwise, this market will resolve to ""No"". Only primary artist profiles will qualify; features or collaborations under another artist profil",https://polymarket.com/event/which-artists-will-have-1-hits-in-the-us-in-may
will-bryan-johnson-have-sex-again-by-may-31,Will Bryan Johnson have sex again by May 31?,culture,bryan-johnson|don-t-die|culture,2026-05-31T00:00:00Z,10,2026-04-30T15:14:33.418634Z,1,1,454.38,27061.92,2346.99,7761.08,0.979,17,will-bryan-johnson-have-sex-again-by-may-31,0x8be79c60bf17a0b5f8c07f10e8be5aff34eff05c17be2d4f6d17540cc67bc985,"This market will resolve to “Yes” If Bryan Johnson publicly announces that he has had sex between market creation and May 31, 2026, 11:59 PM ET. Otherwise, this market will resolve to “No”. The primary resolution source for this market will be official information from Bryan Johnson, including throu",https://polymarket.com/event/will-bryan-johnson-have-sex-again-by-may-31
another-gta-vi-trailer-released-by-may-31,Another GTA VI trailer released by May 31?,culture,culture|gta-vi|games,2026-05-31T00:00:00Z,10,2026-05-05T19:40:21.778498Z,1,1,6216.59,77726.53,3405.36,28779.19,0.956,61,another-gta-vi-trailer-released-by-may-31,0x2463e3245ae7c4d8e9b8f86128ac0b9c9f2edfb284eb16dcab3d8c6bbe01241d,"This market will resolve to ""Yes"" if another official trailer for the next GTA (GTA VI) is released by Rockstar Games or any of its official accounts, including but not limited to Rockstar's official website, YouTube channel, Twitter, or any other official social media platform between market creati",https://polymarket.com/event/another-gta-vi-trailer-released-by-may-31
of-views-of-next-mrbeast-video-on-week-1-254,# of views of next MrBeast video on week 1?,culture,mrbeast|youtube|culture|rewards-300-4-5-50,2026-05-31T00:00:00Z,10,2026-05-11T22:18:54.667423Z,7,7,171133.97,352705.04,66965.91,96352.55,0.904,0,will-mrbeasts-next-video-get-between-80-and-90-million-views-on-week-1-156|will-mrbeasts-next-video-get-less-than-50-million-views-on-week-1-885|will-mrbeasts-next-video-get-between-50-and-60-million-views-on-week-1-179|will-mrbeasts-next-video-get-between-60-and-70-million-views-on-week-1-487|will-mrbeasts-next-video-get-between-70-and-80-million-views-on-week-1-844|will-mrbeasts-next-video-get-between-90-and-100-million-views-on-week-1-181|will-mrbeasts-next-video-get-100-million-or-more-views-on-week-1-215,0x4277f8438dd4bbe7b863efe3c49dda997ed96eea49e0a5c61bfd3cbc8860ffc4|0x4e4ed57bf0b480f6853b6a597f60d4254d565fb05d3588e91051b09293421841|0x60f4b1948804321c655a4d5c44ec13dc235440fbdf0043c3d7264d9163bad5b0|0x9c80dedbfd8f905d25af4a79b508db2b962376ec6bdb7b2731b178c31d6a046b|0x19d4a8e41faeebc6d6e4f13ad007897463a3e46207008864abe34301b1799e2d|0xb6337982b35109e08d82f040921e10296eaaa293c0c39b35fc56cbce0a489a74|0xe8460c98cbe2874761cccb64d64e3caecda08683614d6a5d9bc8655658a8ae06,"This market will resolve according to the number of views the next YouTube video posted by MrBeast after this market's creation gets in the first 7 days after being posted. If MrBeast does not post a YouTube video by June 30, 2026, 11:59 PM ET, this market will resolve to the lowest range bracket. I",https://polymarket.com/event/of-views-of-next-mrbeast-video-on-week-1-254
gta-vi-released-before-june-2026,GTA VI released before June 2026?,culture,culture|gta-vi|breaking-news,2026-05-31T12:00:00Z,11,2025-05-02T17:00:29.269386Z,1,1,84369.96,14549554.55,104368.26,333443.65,0.802,31,gta-vi-released-before-june-2026,0xcccb7e7613a087c132b69cbf3a02bece3fdcb824c1da54ae79acc8d4a562d902,"This market will resolve to ""Yes"" if it Grand Theft Auto VI is officially released in the US by May 31, 2026, 11:59 PM ET. Otherwise, this market will resolve to ""No"". For the purposes of this market, ""release"" refers to the game becoming publicly available for purchase or download in the US. Early ",https://polymarket.com/event/gta-vi-released-before-june-2026
who-will-be-cast-on-love-island-uk-season-13,Who will be cast on Love Island UK: Season 13?,culture,culture|reality-tv|celebrities,2026-06-01T00:00:00Z,11,2026-05-19T15:44:09.169042Z,4,4,0.00,0.00,24.86,0.00,0.170,0,will-aidan-murphy-be-cast-on-love-island-uk-season-13|will-grace-avelli-be-cast-on-love-island-uk-season-13|will-charleen-murphy-be-cast-on-love-island-uk-season-13|will-lorenzo-alessi-be-cast-on-love-island-uk-season-13,0xa3d08746a82c6a9261e682e7e6834f9b114a5233f299117451ea439322d78c66|0xdf85d488fa88613fb989d34f7b42056173267d6f2ac5f905ecb4d658b30e8952|0x1c085898e72ff5e034b34382ec4b62ae7a50b5acf549f874a03f954f6fe185d6|0x804a9ce6d83b68bcbbdc781964901cc2e9b3fdc23304ac40c41426419fbc4722,"This market will resolve to ""Yes"" if the listed individual is announced as a participant on Love Island UK: Season 13. Otherwise, this market will resolve to ""No"". If the listed individual is not announced as a participant by the end of the first episode of Love Island UK: Season 13, this market wil",https://polymarket.com/event/who-will-be-cast-on-love-island-uk-season-13
backrooms-opening-weekend-box-office,"""Backrooms"" Opening Weekend Box Office",culture,movies|culture|box-office|rewards-50-4-5-20,2026-06-01T12:00:00Z,12,2026-05-12T22:40:44.164Z,5,5,7298.18,20307.08,31510.53,10873.96,0.888,0,will-backrooms-opening-weekend-box-office-be-less-than-23m|will-backrooms-opening-weekend-box-office-be-between-27m-and-31m|will-backrooms-opening-weekend-box-office-be-greater-than-35m|will-backrooms-opening-weekend-box-office-be-between-23m-and-27m|will-backrooms-opening-weekend-box-office-be-between-31m-and-35m,0xc1467a8c98061dc1f20463af5f925dca59f30bd3b6e06d9b19a61b5a1fd41d82|0x989bb4ace30de2f259fee261f8d3f4b01906c0a6037cc49e1c13541740a98b0b|0x9a0fbcc97db0553c83969cba8b9bab318d4abe50c048fc793803031c48ae3cab|0xeee0cea24c3f78e2331227bb1d1fcb9b7c6d8a032a4412107fcaf51f17dcc542|0x1e6b10934362bea737b5580e1ecea9e38b37b31d1ba365bc2770ae03654b8675,"This market will resolve according to how much ""Backrooms"" Opening Weekend Box Office will gross domestically on its opening weekend. The ""Daily Box Office Performance"" figures found on the “Box Office” tab on this movie's The Numbers (https://www.the-numbers.com/) page will be used to resolve this ",https://polymarket.com/event/backrooms-opening-weekend-box-office
tony-awards-best-play-winner,Tony Awards: Best Play Winner,culture,awards|culture|movies,2026-06-07T00:00:00Z,17,2026-05-07T19:29:08.653497Z,16,16,0.00,716.68,1274.58,519.22,0.925,0,will-the-balusters-win-best-play-at-the-2026-tony-awards|will-giant-win-best-play-at-the-2026-tony-awards|will-liberation-win-best-play-at-the-2026-tony-awards|will-little-bear-ridge-road-win-best-play-at-the-2026-tony-awards|will-play-a-win-best-play-at-the-2026-tony-awards|will-play-b-win-best-play-at-the-2026-tony-awards|will-play-c-win-best-play-at-the-2026-tony-awards|will-play-d-win-best-play-at-the-2026-tony-awards|will-play-e-win-best-play-at-the-2026-tony-awards|will-play-f-win-best-play-at-the-2026-tony-awards|will-play-g-win-best-play-at-the-2026-tony-awards|will-play-h-win-best-play-at-the-2026-tony-awards|will-play-i-win-best-play-at-the-2026-tony-awards|will-play-j-win-best-play-at-the-2026-tony-awards|will-play-k-win-best-play-at-the-2026-tony-awards|will-another-play-win-best-play-at-the-2026-tony-awards,0x9f886f00e8b2b799f7823e3be8ff11f7589a8b87dd23978f7be11692e2953662|0xc19fd9f540c9ab97ec45fd98c60328ea2b62dc4c85416dbb275f9163b1e69dcf|0x4ba91a9aa63dcccc0a177854b14cbf748301b04b6593a35ace971cf9e0cdc2bc|0xa97a0415a150d97092330d085125b60c603d1843b5f2270b6dd14b4cb6830eff|0xb4c5a5053c11712d2f70b5b7d42fcc5bf8cb6d5d773eb7d36018096feeb8f48e|0x2ab45052ed51dd35b8f27d60d6f8a060c0e3eefd9c962cf34e87fc4db1df1c6b|0xdf7b37cc296d8639fd1caac60ca40a71c79f438f5520839557c6200c70c11ef5|0x635c5e08883983b5dfebe3ab392b12d3c13b500f57d99c75adef785ad968c5ae|0x0f856be7e92e6d495e2a86ab46c410fca8ea34d203636170e02e6b5134f456fa|0xcbe997d66a81f906c2a73466741ff6b35d88748e98249fc5b416c8f21a939800|0x741f8dc902eba81c1da7eefb84eb653adb2b6b7dea1bd56c66dbba4bc27d40c4|0x53175353bd1fc19e6e70e980374f9091aae343749276059e91d86c7fcf3853ec|0x66c70f5c8e1be18911fe62da3b2e7cbf5068b4c520eeaa39deb11b0bbfcecb06|0x571e36d05a06bd07ffff0d59149a5b6c11528c68bbe431c8bc959d423f2b33cc|0xff9d891ad355c3b3964422681c2c86126ef9971a5d29048d9842d73baf6004a5|0xaf382b631e00b536476e2191f81b238f5a21e86360472c66785b7ddb2ba54dc4,"The ceremony for the 79th Annual Tony Awards is scheduled for June 7, 2026. This market will resolve according to the listed show that wins the award for Best Play at the 79th Annual Tony Awards. If, for any reason, no winner is declared by August 31, 2026, 11:59 PM ET, or in case of a tie for the w",https://polymarket.com/event/tony-awards-best-play-winner
tony-awards-best-musical-winner,Tony Awards: Best Musical Winner,culture,movies|awards|culture,2026-06-07T00:00:00Z,17,2026-05-14T20:19:19.282683Z,16,16,0.00,389.01,533.04,389.01,0.543,0,will-the-lost-boys-win-best-musical-at-the-2026-tony-awards|will-schmigadoon-win-best-musical-at-the-2026-tony-awards|will-titanque-win-best-musical-at-the-2026-tony-awards|will-two-strangers-carry-a-cake-across-new-york-win-best-musical-at-the-2026-tony-awards|will-musical-a-win-best-musical-at-the-2026-tony-awards|will-musical-b-win-best-musical-at-the-2026-tony-awards|will-musical-c-win-best-musical-at-the-2026-tony-awards|will-musical-d-win-best-musical-at-the-2026-tony-awards|will-musical-e-win-best-musical-at-the-2026-tony-awards|will-musical-f-win-best-musical-at-the-2026-tony-awards|will-musical-g-win-best-musical-at-the-2026-tony-awards|will-musical-h-win-best-musical-at-the-2026-tony-awards|will-musical-i-win-best-musical-at-the-2026-tony-awards|will-musical-j-win-best-musical-at-the-2026-tony-awards|will-musical-k-win-best-musical-at-the-2026-tony-awards|will-another-musical-win-best-musical-at-the-2026-tony-awards,0xe6d9a3f806edcbbbd1c65cc43ecb6ba82f59e46c3207f47682fd2888b9e04cac|0x5391a9f56911f6ed699cdc096ab5a9e62cefdc2926ac21014347eb5a67b5c02e|0x5661524495eb9a764f2c2f39db9a625b1186d333d5289daed2773283353f7bf3|0x6b10ac1b8f21a4baef2c63d2c27211760860884896784b18a098879c1414505a|0xb6825aedadc673b478869647644eea724e862ebed3690c171692f0aee19b11b6|0x08f021f0c0253a070688721db8e3334c2db8f2e31a72e983c05c2fa074d3c173|0x69704999fc56c23d3d82329603d4e5ab5a923c90720f7c99e8d185ff1df1c85c|0x66432951ff273c91f798c8b9b6a7105b9463d9c0d6c76beb989dee7477426929|0x1540bcb347cc546c54a1fda92296db3604a85f8c050c07ff9769648be24d3647|0xe379a69b7ba9ee4df29d5d637b690456e33d7e35bc5905d026a0011840cd2237|0xb087818f60ed35505c935c3abd11d54d3a779a42577790ccf0323838acb82fe7|0xe446b1a1a1898f44c8901f89cc4b51d6042b6a9fd53c499c41785ec266ff9dfd|0x1bfe22635cff33096505e9615d296b3f98c0c4ce4fdcc9f8596320855713f640|0xeb60b1d967965cac291a1ce41adbb9f53ed64e602b557fcc5c1ce5c8f142ca9a|0x94a6927a78186b339c63fdb74c7def3e1e9bda0376cc9947c3125692034ebf3f|0xd0dff199c45993a851aa0eac8856801ab0fd177f48d0b32b6423aa0cee9064e6,"The ceremony for the 79th Annual Tony Awards is scheduled for June 7, 2026. This market will resolve according to the listed show that wins the award for Best Musical at the 79th Annual Tony Awards. If, for any reason, no winner is declared by August 31, 2026, 11:59 PM ET, or in case of a tie for th",https://polymarket.com/event/tony-awards-best-musical-winner
tony-awards-best-book-of-a-musical-winner,Tony Awards: Best Book of a Musical Winner,culture,movies|culture|awards,2026-06-07T00:00:00Z,17,2026-05-14T20:19:19.34424Z,16,16,0.00,2606.94,679.37,629.02,0.838,0,will-the-lost-boys-win-best-book-of-a-musical-at-the-2026-tony-awards|will-book-g-win-best-book-of-a-musical-at-the-2026-tony-awards|will-book-h-win-best-book-of-a-musical-at-the-2026-tony-awards|will-book-k-win-best-book-of-a-musical-at-the-2026-tony-awards|will-schmigadoon-win-best-book-of-a-musical-at-the-2026-tony-awards|will-book-f-win-best-book-of-a-musical-at-the-2026-tony-awards|will-book-i-win-best-book-of-a-musical-at-the-2026-tony-awards|will-book-j-win-best-book-of-a-musical-at-the-2026-tony-awards|will-another-book-win-best-book-of-a-musical-at-the-2026-tony-awards|will-two-strangers-carry-a-cake-across-new-york-win-best-book-of-a-musical-at-the-2026-tony-awards|will-book-a-win-best-book-of-a-musical-at-the-2026-tony-awards|will-book-d-win-best-book-of-a-musical-at-the-2026-tony-awards|will-marla-mindelle-constantine-rousouli-and-tye-blue-win-best-book-of-a-musical-at-the-2026-tony-awards|will-book-b-win-best-book-of-a-musical-at-the-2026-tony-awards|will-book-c-win-best-book-of-a-musical-at-the-2026-tony-awards|will-book-e-win-best-book-of-a-musical-at-the-2026-tony-awards,0x9bb5b48427ecf9a563e33b465995d3057a9f483186fba14e5c1422f4588cbe1e|0xcd21671d37ba32729c2279778f4e6b62d102e67e0f7aefce10ca20503a5bede0|0x7a241dd6096e981fd69247413d4850f1010cf33f225e6542676df122d8f11dda|0xc7065879502cbdbf49f5c975a8b0d9eabb8aad2fb35f3e89f7517ca11bddd2e6|0xd92f13a7a41ad540c60fe14d43d059b8e04eb84ab64349c100c93b5330a477ee|0xe9d340634b44b161443b6aaf39dd341f080aaf2f8c3b9fd0c483f2d555f193ac|0x6aa9b4c99c24bceda5cffe6cd88ce0e5500bf76d276da2b18e3a799cfc614726|0x9024261e0a26d619266c2f9d7245b18bd1489dfb583c8babcadc8c674b09730d|0x87d6ac716a3c75239ba038c99a4a6a6f455a3d0fdbce42cb04da0eef71779d12|0xbf7ff429bd5aaa450ed4d732fddfca7d5faefe9f65e8c638595964977b83a9c2|0xa0a98cf2612bb42890db550565ae2a135248c4cf83e63077387187eed528debf|0x8d2c466c3a5ec795bd2da8e9a7f0c626fa72a6b75c19026490527a33c5d16dc0|0xa71edaf10fafcaef374cb2865934adfb2cfa88d98f2d017e16f4c1fff0e1dcd3|0xb85c6041a858eb62eb5c107b6b696065d60f6c239c3bbfd2076d40e34a235090|0x4065eb16d93f2ac0dad33848f448157659bab191cc345a65f420db23757f5c1f|0x09ade53cb66eba737ef258cfdcb315420508b93d5738eaa31205a11c614df71f,"The ceremony for the 79th Annual Tony Awards is scheduled for June 7, 2026. This market will resolve according to the listed show that wins the award for Best Book of a Musical at the 79th Annual Tony Awards. If, for any reason, no winner is declared by August 31, 2026, 11:59 PM ET, or in case of a ",https://polymarket.com/event/tony-awards-best-book-of-a-musical-winner
who-will-be-featured-on-you-seem-pretty-sad-for-a-girl-so-in-love,"Who will be featured on ""You Seem Pretty Sad for a Girl So in Love""?",culture,music|culture|celebrities,2026-06-12T00:00:00Z,22,2026-05-04T23:22:05.392846Z,6,6,0.00,2.50,272.79,1.25,0.696,0,will-phoebe-bridgers-be-featured-on-olivia-rodrigos-new-album|will-hayley-williams-be-featured-on-olivia-rodrigos-new-album|will-billie-eilish-be-featured-on-olivia-rodrigos-new-album|will-addison-rae-be-featured-on-olivia-rodrigos-new-album|will-lorde-be-featured-on-olivia-rodrigos-new-album|will-fiona-apple-be-featured-on-olivia-rodrigos-new-album,0xbf3190c6c2c29e3d64727c0a9d5b0512b387f6f877bfd950074bf42da88d32e4|0xd3d388372c5832755fdadd0ef43575647847f617afb0cba9551aa18c621b0377|0x442e9cc0108a47d73b94b1ba04ad930e2c765d7a49d49006db4d188bcd0b8331|0xd330063b0f45965b06b7a24b28a2fc984fbfe9d282c266c798f532ac67e96a0b|0x1e4c97eaef3c5a3e1293eb145d1566f318b96d85b9e2860efcefc4537637cb7f|0x4cccb0153919f3b4cf01b951cee40a5f91eb3cd088ccb90e7e3afa32fb406dba,"This market will resolve according to the listed artists who feature on Olivia Rodrigo's album ""You Seem Pretty Sad for a Girl So in Love"". To qualify as ""featured"", the listed artist must be credited on at least one song on the album according to at least one major streaming platform: namely Spotif",https://polymarket.com/event/who-will-be-featured-on-you-seem-pretty-sad-for-a-girl-so-in-love
olivia-rodrigo-you-seem-pretty-sad-for-a-girl-so-in-love-first-week-album-sales,Olivia Rodrigo 'you seem pretty sad for a girl so in love' First Week Album Sales?,culture,music|song|celebrities|spotify|album|billboard|culture,2026-06-19T00:00:00Z,29,2026-04-07T22:18:00.159878Z,7,7,0.00,3167.96,3240.89,2617.71,0.956,1,will-you-seem-pretty-sad-for-a-girl-so-in-love-olivia-rodrigo-debut-week-album-sales-be-between-350k-and-400k|will-you-seem-pretty-sad-for-a-girl-so-in-love-olivia-rodrigo-debut-week-album-sales-be-at-least-450k|will-you-seem-pretty-sad-for-a-girl-so-in-love-olivia-rodrigo-debut-week-album-sales-be-between-300k-and-350k|will-you-seem-pretty-sad-for-a-girl-so-in-love-olivia-rodrigo-debut-week-album-sales-be-between-400k-and-450k|will-you-seem-pretty-sad-for-a-girl-so-in-love-olivia-rodrigo-debut-week-album-sales-be-less-than-200k|will-you-seem-pretty-sad-for-a-girl-so-in-love-olivia-rodrigo-debut-week-album-sales-be-between-250k-and-300k|will-you-seem-pretty-sad-for-a-girl-so-in-love-olivia-rodrigo-debut-week-album-sales-be-between-200k-and-250k,0x1dc0ba41c11e0088509a2b3d38bcbc83c7ca5fc581f02102df161ae0cb1ed4ae|0xa0de46b27ad846a9e1085a8d2e81fc71c593187086864b769c0f62d3909511d5|0xfce7a369c452036112a590de72a867155df2100783497f76fc1dd9228fcfd4fa|0x7c6e62c6659b09d685292c944a69cb8487b3a6833a81ad29e8e117bf6f86039d|0xd226c6e56fb56bb1447811bc47c371420562b9ca3dcb226deed368f486a37f65|0xf7d43d04efb874daca551c0b0c67095595afb960c4517188687087c5427003fe|0x9dd0219eb57b21d53d9f563026f97a889f13130aecfff043e6c72685b35a62fd,"Olivia Rodrigo's new album 'you seem pretty sad for a girl so in love' is expected to release June 12, 2026. This market will resolve according to the debut week sales for Olivia Rodrigo's album 'you seem pretty sad for a girl so in love', according to Hits Daily Double. If the album 'you seem prett",https://polymarket.com/event/olivia-rodrigo-you-seem-pretty-sad-for-a-girl-so-in-love-first-week-album-sales
next-james-bond-actor-635,Next James Bond actor?,culture,movies|culture,2026-06-30T00:00:00Z,40,2025-08-04T22:53:00.425545Z,31,31,33131.80,2855329.77,102483.35,88682.19,0.932,27,aaron-taylor-johnson-announced-as-next-james-bond|no-one-announced-as-next-james-bond-962|james-norton-announced-as-next-james-bond-575|placeholder-13-announced-as-next-james-bond-765-469|paul-mescal-announced-as-next-james-bond|placeholder-14-announced-as-next-james-bond-919-727|placeholder-15-announced-as-next-james-bond-847-748|placeholder-17-announced-as-next-james-bond-522-788|jacob-elordi-announced-as-next-james-bond-216|placeholder-16-announced-as-next-james-bond-233-234|harris-dickinson-announced-as-next-james-bond-784|placeholder-18-announced-as-next-james-bond-751-122|tom-hardy-announced-as-next-james-bond-996-479|placeholder-19-announced-as-next-james-bond-844-359|pierce-brosnan-announced-as-next-james-bond-557|placeholder-20-announced-as-next-james-bond-588-421|tom-holland-announced-as-next-james-bond-679|henry-cavill-announced-as-next-james-bond-857-642|placeholder-1-announced-as-next-james-bond-568|callum-turner-announced-as-next-james-bond|jack-lowdon-announced-as-next-james-bond|theo-james-announced-as-next-james-bond|placeholder-8-announced-as-next-james-bond-335|james-collier-announced-as-next-james-bond|placeholder-6-announced-as-next-james-bond-114|placeholder-7-announced-as-next-james-bond-736|placeholder-9-announced-as-next-james-bond-847|placeholder-10-announced-as-next-james-bond-632|placeholder-11-announced-as-next-james-bond-846|placeholder-12-announced-as-next-james-bond-442|someone-else-announced-as-next-james-bond-435-441,0x31eaf3b4bfb0c7107250f8aae9dfaf18a821a6c58fe1b5254a1b77542a4c836c|0x6a01c1687c781829cc90198cfd3c73f9ce64bca2a8960527868b0ad737e53f89|0xde15533da479594354a3f1a27b53a90ac1812da4d91fba29fe65aa53f3fdc504|0x37a219ae8c8685833d100fd40fe781b092e448bf8b6e53dc42f219b95b0c9209|0x0a995babae8f9a1df994c210d2b36f05e8422271af369a33d9b643e65f1bd194|0xd8df3100a74523fb7ba3c163e704d11354d00ac5d85bea190eef111ef526724c|0x65bbca904ef75c2011500ce97b6fd41796ac97c4d2dddc19b46def5b9d350407|0xfecae39440835113c27e86510f30a9401d718e6a4df5eb661e8ea02c682bbbff|0x4e7734d08c3a532cf0b9c67cfba476f4910bddedf15c5d613d1ef94d1f15e533|0x6b363ed7a1d48a55b04caa74f9550cf0bec9fd6e8ce7542e37e324ae4142ca27|0x157b4aebf3ff1f45ca5d41bdffb66c3a888a0ceaec9f7a7167e08cf2138130cc|0x4c2861b4eaa4549b5f503e10fa4e5aad28e1d5b5a5b464e457956a12550ff154|0x95916211e91a408a5a160b03bfe837277bf3e269f65c2f8ecba3370a392c72a3|0x10c93869e42f420fbc6ced9846ec9944bcbd49fe2aef13f86e7464451036dbb9|0x8128163cd9ddf1549bf3d73fe3276857273a768366e4c13d7a6f80e3cb814e2d|0xbc0129dc655ce3e29bd27f3faa9ad3eae933f5fd5800d262615ce6cb1dbef865|0xb9e518a563d955037698fec22b03bca649aeb4423fc0999c6862b805e23a1ec9|0x16d52b2db68983b9078e0299a86096725664ca7a434017922f7ea1c06b92b034|0x64cf2cb279630ac3c287ae3c95642dd8b304539be14761af30cb2259a53723b1|0xd7482c59ec03c0def1d1f3caef6e22aa95498a567522de7f0780f1f362ecf522|0xe9b672b601ac4a6bcf132490d3ecd48213fc5983262b1f941e996dbc7b47cac6|0x2d116412f432cdb566c6eb4f0f35cf36c9842998085e13a5a0a2a6c01907b837|0xafcef024e906e09d9416a6d10abf7cab9e18b79b0189de2564f4e0862172febb|0xbaf1fe074410506bcd871ee43a6ea0230686b3a0b59eb93d014631fd4214decf|0xd32bf453f9f034a5d30cebd29355a49fdf7b083a722b6c218409f4c4bb694a07|0xaa2ed950b4d71d3436bb74c38fa301e3a6d6bcfae91151e5c68f7157d812e7af|0x0871e660f3cc361be30abb99da4545a43ff56efdf13b18f70887ef3bed275ad6|0x72da97ec9cd2468bcf36388e42ae8457069a79e5c9737c3ad5585658cad0cf14|0x29017cf88eb45a02df3d0ababf130b2e326fb76972c83b68fe6e15040f0ba6d4|0x4fdfb9a10f526572446072ffe27c855ee9dd98170bdd3288a33ad8d0bfe0f306|0xad64702b11d1dd39c1f60ebb86dbd29d5958b7d23c2c1fc62f5b2d5e3d0b4233,This is a market on who will be the next actor to play James Bond in the upcoming film series.,https://polymarket.com/event/next-james-bond-actor-635
new-half-life-game-by,New Half-Life game by...?,culture,culture|games,2026-06-30T00:00:00Z,40,2025-11-20T20:42:11.626835Z,3,1,57.20,16497.34,373.97,604.33,0.596,3,new-half-life-game-by-march-31|new-half-life-game-by-december-31|new-half-life-game-by-june-30,0x4f4e779ccc54934157a3dde6882fc7a44448b7f65075897fe68fd92491e2f6f5|0xdcd4eba4b08da773f8630b1f59327e52c263bf9d80370891386f2cf9c4075534|0x56f57a25cb3788c5468b0463914b28294f49223981a082aa732e154dbca64c97,"This market will resolve to if Valve publicly and explicitly announces that a new Half-Life game is in production by the specified date, 11:59 PM ET. Otherwise, this market will resolve to ""No"". To qualify for a ""Yes"" resolution, the game must be explicitly acknowledged by Valve to be an installment",https://polymarket.com/event/new-half-life-game-by
timothy-chalamet-confirmed-to-be-esdeekid-by-june-30,Timothy Chalamet confirmed to be EsDeeKid by June 30?,culture,culture|celebrities,2026-06-30T00:00:00Z,40,2025-12-01T05:32:52.381422Z,1,1,0.00,120849.79,5404.14,8160.97,0.807,22,timothy-chalamet-confirmed-to-be-esdeekid-by-june-30,0x8fecdb41f3fb6426df679c652197f5318fe1295fee1d4ee6c21884347cfe52ce,"This market will resolve to ""Yes"" if definitive evidence confirming that Timothy Chalamet is EsDeeKid, the anonymous rapper supposedly from Liverpool, England, is made public by June 30, 2026, 11:59 PM ET. Otherwise, this market will resolve to ""No"". Definitive evidence includes, but is not limited ",https://polymarket.com/event/timothy-chalamet-confirmed-to-be-esdeekid-by-june-30
mh370-underwater-wreckage-found-by-june-30-2026,"MH370 underwater wreckage found by June 30, 2026?",culture,culture|mh370,2026-06-30T00:00:00Z,40,2025-12-04T20:13:20.219776Z,1,1,77.91,118830.60,5271.67,18549.90,0.812,9,mh370-underwater-wreckage-found-by-june-30-2026,0x437f095880aa1008305ec7260c6dda3539d33b16fa8624e0575f6a641005aac1,"This market will resolve to “Yes” if new underwater wreckage from Malaysia Airlines Flight MH 370 is found by June 30, 2026, 11:59 PM ET. Otherwise, this market will resolve to ""No"". For the purposes of resolving this market, 'found' means that new underwater wreckage must be discovered between Dece",https://polymarket.com/event/mh370-underwater-wreckage-found-by-june-30-2026
how-many-7pt0-or-above-earthquakes-by-june-30,How many 7.0 or above earthquakes by June 30?,culture,weather|culture|science|climate-science|natural-disasters|earthquakes,2026-06-30T00:00:00Z,40,2025-12-04T20:35:17.135781Z,9,2,662.63,1856005.52,4243.17,44514.41,0.915,30,will-there-be-exactly-0-earthquakes-of-magnitude-7pt0-or-higher-worldwide-by-june-30|will-there-be-exactly-2-earthquakes-of-magnitude-7pt0-or-higher-worldwide-by-june-30|will-there-be-exactly-4-earthquakes-of-magnitude-7pt0-or-higher-worldwide-by-june-30|will-there-be-exactly-1-earthquake-of-magnitude-7pt0-or-higher-worldwide-by-june-30|will-there-be-exactly-3-earthquakes-of-magnitude-7pt0-or-higher-worldwide-by-june-30|will-there-be-exactly-5-earthquakes-of-magnitude-7pt0-or-higher-worldwide-by-june-30|will-there-be-8-or-more-earthquakes-of-magnitude-7pt0-or-higher-worldwide-by-june-30|will-there-be-exactly-7-earthquakes-of-magnitude-7pt0-or-higher-worldwide-by-june-30|will-there-be-exactly-6-earthquakes-of-magnitude-7pt0-or-higher-worldwide-by-june-30,0xbe13361c91a0be5b182202638ea09390f67ef29ab7bee2fff9227e80f09a0c41|0xc24eb4117f0afd9c6f7d7d141500ef960e472a04baab50b1645ea2147d6d82cf|0xdf4e0e5a4825e829490808d950849cc1350263c38aeafaa7ef9207fd61fb0ad8|0x24e13e6090771ef993af1f9d7f00d41bd947deb31343c35266e74c78f2d16020|0x28123eb9eff2b8939327a7c4cda4f4b248579a46e988ac5ff1c78289bc270f4a|0xf829129cd05db888741ad290c786a1d71db5f8bb8493d8bc07e21b826db4d328|0x897a2f88e1b65776ac5af0440833eea638395f0af0df4bed47e83f64c9b9a1e3|0x3acc06a95895e69efeeaae4dfdce738b91702c94556b230208b4f0438be8e4e5|0x42c5b40ce67dd7730d4bd522c2971217e4071c0a1c814ba0998fa8fa59bcfa3b,"This market will resolve according to the total number of earthquakes with a magnitude of 7.0 or higher that occur anywhere on Earth between December 4, 2025, 12:00 PM ET, and June 30, 2026, 11:59 PM ET. The resolution source for this market is the United States Geological Survey (USGS) Earthquake H",https://polymarket.com/event/how-many-7pt0-or-above-earthquakes-by-june-30
zendaya-confirmed-pregnant-by-june-30,Zendaya confirmed pregnant by June 30?,culture,culture|movies|music,2026-06-30T00:00:00Z,40,2025-12-23T22:36:45.11921Z,1,1,0.00,17824.45,2744.42,9016.07,0.828,9,zendaya-confirmed-pregnant-by-june-30,0x2b01d141fa93c1588d21bc7f49fa9f23bb75957ae33f2425b74c0e43999f0730,"This market will resolve to ""Yes"" if Zendaya announces that she is pregnant between market creation, and June 30, 2026, 11:59 PM ET. Otherwise, this market will resolve to ""No"". Only credible announcements will qualify. Pregnancy announcements that are not credible, for example jokes, will not suffi",https://polymarket.com/event/zendaya-confirmed-pregnant-by-june-30
jacob-elordi-and-olivia-jade-confirmed-relationship-by-june-30,Jacob Elordi and Olivia Jade confirmed relationship by June 30?,culture,movies|culture|celebrities,2026-06-30T00:00:00Z,40,2026-01-18T19:11:39.382541Z,1,1,10.00,1097.68,31.32,306.46,0.709,4,jacob-elordi-and-olivia-jade-confirmed-relationship-by-june-30,0xb8a5f7e900a774f817e9fe7a970061b9d704a25c1ec5c00064c855bb76029637,"This market will resolve to ""Yes"" if Jacob Elordi and Olivia Jade are confirmed to be in a romantic relationship between market creation and June 30, 2026, 11:59 PM ET. Otherwise, this market will resolve to ""No"". Confirmation must come directly from Jacob Elordi or Olivia Jade or their official rep",https://polymarket.com/event/jacob-elordi-and-olivia-jade-confirmed-relationship-by-june-30
margot-robbie-divorce-by-june-30,Margot Robbie divorce by June 30?,culture,culture|movies|celebrities,2026-06-30T00:00:00Z,40,2026-01-26T22:35:00.433137Z,1,1,0.00,687.91,1532.26,240.41,0.808,1,margot-robbie-divorce-by-june-30,0x3d9964b2568141a46203cf1217a7aa033daefcf8fab613a997f4c753fdb6f393,"This market will resolve to ""Yes"" if Margot Robbie and/or Tom Ackerley announce their intention to divorce by June 30, 2026, 11:59 PM ET. Otherwise, this market will resolve to ""No"". An announcement by the specified date of their intention to divorce will be sufficient for a ""Yes"" resolution, regard",https://polymarket.com/event/margot-robbie-divorce-by-june-30
will-lana-del-rey-release-a-new-album-by-june-30,Will Lana Del Rey release a new album by June 30?,culture,lana-del-rey|celebrities|culture|music,2026-06-30T00:00:00Z,40,2026-01-27T22:29:07.366268Z,1,1,0.00,3625.13,67.76,200.23,0.480,2,will-lana-del-rey-release-a-new-album-by-june-30,0x03ddc235d917eb09fded05d1d2e0326a12e261c1922a2f7f049f0e44251efdf1,"This market will resolve to “Yes” if Lana Del Rey officially releases a new album between market creation and June 30, 2026, 11:59 PM PT (Los Angeles time). Otherwise, this market will resolve to “No”. Officially released means that a newly released album is officially available for download or stre",https://polymarket.com/event/will-lana-del-rey-release-a-new-album-by-june-30
katy-perry-confirmed-pregnant-by-june-30,Katy Perry confirmed pregnant by June 30?,culture,music|culture|celebrities,2026-06-30T00:00:00Z,40,2026-02-22T16:05:30.547988Z,1,1,0.00,17218.63,3550.16,4291.67,0.817,3,katy-perry-confirmed-pregnant-by-june-30,0xf3c082e1721097384d2d7fe28b6f3628290fd6683b857fb1e3fb9dfad7762749,"This market will resolve to ""Yes"" if Katy perry announces that she is pregnant between market creation and June 30, 2026, 11:59 PM ET. Otherwise, this market will resolve to ""No"". Only credible announcements will qualify. Pregnancy announcements that are not credible, for example jokes, will not suf",https://polymarket.com/event/katy-perry-confirmed-pregnant-by-june-30
mcdonalds-ceo-out-by-june-30,McDonald's CEO out by June 30?,culture,culture|burger|mcdonald-s,2026-06-30T00:00:00Z,40,2026-03-06T21:23:40.259577Z,1,1,38.24,9078.09,2612.56,4334.06,0.812,7,mcdonalds-ceo-out-by-june-30,0x9566455deaf24300905fa4f13ca2c462325337b1b15be799ce36532f737caa24,"This market will resolve to “Yes” if Chris Kempczinski ceases to be the CEO of McDonald's Corporation for any period of by the listed date, 11:59 PM ET. Otherwise, this market will resolve to “No”. An announcement of Kempczinski's resignation/removal before this market's end date will immediately re",https://polymarket.com/event/mcdonalds-ceo-out-by-june-30
either-tate-brother-arrested-by,Either Tate brother arrested by...?,culture,tate|culture|andrew-tate|tristan-tate,2026-06-30T00:00:00Z,40,2026-03-18T21:16:31.626985Z,3,1,0.00,5589.47,833.53,63.00,0.588,3,will-either-tate-brother-be-arrested-by-april-30|will-either-tate-brother-be-arrested-by-march-31|will-either-tate-brother-be-arrested-by-june-30,0x8fcf8870c958dd52d66aac2a6c6e2ae96128b1f46b503249eec97b234c382eb5|0x62cb89d0496aec7420d73fe2557cba3845b6abb7283e04a09bb5b8b81fdc3081|0x5005adaac0211b84ff06ec99ab507f9b79fcb5305b7794ad1d512cf40364eaa6,"This market will resolve to ""Yes"" if either Andrew Tate or Tristan Tate is arrested or detained by law enforcement by the listed date, 11:59 PM ET. Otherwise, this market will resolve to ""No"". Temporary holding at a detention facility while awaiting a judge’s decision on whether to grant a detention",https://polymarket.com/event/either-tate-brother-arrested-by
how-many-7pt0-or-above-earthquakes-by-june-30-higher-strikes,How many 7.0 or above earthquakes by June 30? (Higher Strikes),culture,weather|science|natural-disasters|culture|earthquakes,2026-06-30T00:00:00Z,40,2026-04-02T22:34:19.924166Z,7,7,15.00,90582.21,7993.15,11467.08,1.000,0,will-there-be-exactly-12-earthquakes-of-magnitude-7pt0-or-higher-worldwide-by-june-30|will-there-be-14-or-more-earthquakes-of-magnitude-7pt0-or-higher-worldwide-by-june-30|will-there-be-8-or-fewer-earthquakes-of-magnitude-7pt0-or-higher-worldwide-by-june-30|will-there-be-exactly-9-earthquake-of-magnitude-7pt0-or-higher-worldwide-by-june-30|will-there-be-exactly-10-earthquakes-of-magnitude-7pt0-or-higher-worldwide-by-june-30|will-there-be-exactly-11-earthquakes-of-magnitude-7pt0-or-higher-worldwide-by-june-30|will-there-be-exactly-13-earthquakes-of-magnitude-7pt0-or-higher-worldwide-by-june-30,0xa3990fd5f543978a5449a6bda990103b645cef01d35d73f5ad958068ca2ec0c0|0x9795c74dee64799e0e25484c075dcc44f11ba03b95b9e41540004df544d639c0|0xafe51cdedad143d1f220b328aae33e0084e44d849e3f7180ae0f14fc33082b88|0x33c2e986cd71e942ae35fd6c25b8effb4132fedfe74a98a4241980c2ea6ebea7|0x5c555c4530020f13a57f42e15991170a0c372be6e419233c08099809bf94102a|0x9db7047919d5245e67093111dc43444cea7c9aef9b2b00a22752792677af750a|0xf2ba3178ff8ae7c6c3d5f7ff68f4be63874f3796b7ce96c7b3905a001f15c395,"This market will resolve according to the total number of earthquakes with a magnitude of 7.0 or higher that occur anywhere on Earth between December 4, 2025, 12:00 PM ET, and June 30, 2026, 11:59 PM ET. The resolution source for this market is the United States Geological Survey (USGS) Earthquake H",https://polymarket.com/event/how-many-7pt0-or-above-earthquakes-by-june-30-higher-strikes
will-kanye-west-visit-israel-by-june-30,Will Kanye West visit Israel by June 30?,culture,culture|israel|celebrities|music,2026-06-30T00:00:00Z,40,2026-04-07T15:56:46.070649Z,1,1,468.23,87720.74,8729.43,29542.23,0.832,14,will-kanye-west-visit-israel-by-june-30,0xcb8a519f4d8c10c3e60c5c604cac30f38341e4b35f5bcce8356c0ea4698f8952,"If Kanye West visits Israel between market creation and June 30, 2026, 11:59 PM ET, this market will resolve to ""Yes"". Otherwise, this market will resolve to ""No"". For the purpose of this market, a ""visit"" is defined as Kanye West physically entering the terrestrial or maritime territory of Israel. ",https://polymarket.com/event/will-kanye-west-visit-israel-by-june-30
will-kanye-west-visit-the-uk-by-june-30,Will Kanye West visit the UK by June 30?,culture,uk|music|celebrities|wireless|culture,2026-06-30T00:00:00Z,40,2026-04-07T16:00:10.388903Z,1,1,0.00,3498.02,5267.35,2322.83,0.838,0,will-kanye-west-visit-the-uk-by-june-30,0x5a9d318b1e09d60e6724c5f2fe5790270d8386c5f5de73f288bdca80d8f6812b,"If Kanye West visits the United Kingdom between market creation and June 30, 2026, 11:59 PM ET, this market will resolve to ""Yes"". Otherwise, this market will resolve to ""No"". For the purpose of this market, a ""visit"" is defined as Kanye West physically entering the terrestrial or maritime territory",https://polymarket.com/event/will-kanye-west-visit-the-uk-by-june-30
pluto-reclassified-as-a-planet-by-june-30,Pluto reclassified as a planet by June 30?,culture,space|culture|planet|trump|pluto|dwarf-planet,2026-06-30T00:00:00Z,40,2026-04-09T20:06:14.555873Z,1,1,7.34,22196.81,2188.89,3894.08,0.833,3,pluto-reclassified-as-a-planet-by-june-30,0xc75cbfb859de805a7557c7784c1b97a03f894368230a608558d9051fd92ff066,"Pluto is currently classified as a dwarf planet by the International Astronomical Union. NASA administrator Jared Isaacman has urged Donald Trump to declare Pluto a planet again. This market will resolve to ""Yes"" if Pluto is declared a planet by June 30, 2026, 11:59PM ET. Otherwise, this market will",https://polymarket.com/event/pluto-reclassified-as-a-planet-by-june-30
jacob-elordi-and-kendall-jenner-confirmed-relationship-by-june-30,Jacob Elordi and Kendall Jenner confirmed relationship by June 30?,culture,culture|movies|kendall|celebrities|jenner|kardashian|elordi,2026-06-30T00:00:00Z,40,2026-04-22T23:48:38.534671Z,1,1,5.88,70.25,13.29,32.90,0.160,0,jacob-elordi-and-kendall-jenner-confirmed-relationship-by-june-30,0xbd90f7771986193f2705528da38e7de246fdeab07ce9b69c272e287cd2445c1f,"This market will resolve to ""Yes"" if Jacob Elordi and Kendall Jenner are confirmed to be in a romantic relationship between market creation and June 30, 2026, 11:59 PM ET. Otherwise, this market will resolve to ""No"". Confirmation must come directly from Jacob Elordi or Kendall Jenner or their offici",https://polymarket.com/event/jacob-elordi-and-kendall-jenner-confirmed-relationship-by-june-30
kim-kardashian-and-lewis-hamilton-confirmed-relationship-by-june-30,Kim Kardashian and Lewis Hamilton confirmed relationship by June 30?,culture,music|kardashian|culture|jenner|celebrities,2026-06-30T00:00:00Z,40,2026-04-22T23:53:30.233851Z,1,1,8.22,1623.29,724.35,661.80,0.920,0,kim-kardashian-and-lewis-hamilton-confirmed-relationship-by-june-30,0xdd11bc66dd89d80bbf4f6e8f5a1af8bbeada5508097636a545c0e5a5fe47fcae,"This market will resolve to ""Yes"" if Kim Kardashian and Lewis Hamilton are confirmed to be in a romantic relationship between market creation and June 30, 2026, 11:59 PM ET. Otherwise, this market will resolve to ""No"". Confirmation must come directly from Kim Kardashian or Lewis Hamilton or their of",https://polymarket.com/event/kim-kardashian-and-lewis-hamilton-confirmed-relationship-by-june-30
will-mrbeast-hit-billion-views-by-june-30,Will MrBeast hit ___ Billion views by June 30?,culture,mrbeast|culture|youtube|internet,2026-06-30T00:00:00Z,40,2026-04-27T20:50:29.303404Z,7,6,0.00,9591.89,4196.52,3046.71,0.859,0,will-mrbeast-hit-123-billion-views-by-june-30|will-mrbeast-hit-124-billion-views-by-june-30|will-mrbeast-hit-125-billion-views-by-june-30|will-mrbeast-hit-126-billion-views-by-june-30|will-mrbeast-hit-127-billion-views-by-june-30|will-mrbeast-hit-128-billion-views-by-june-30|will-mrbeast-hit-129-billion-views-by-june-30,0xe1f40692ecf085cb4058affdc293c940a0848bba9d7f3a6006bc8ea6165c584e|0x9be2d1f96a47235dd2dc265a778a66e9809a16da2f539f564f698c055ad439a9|0xa6c07517027ffab0dac600fecd6f76957a30535656129b911ede6e0d4f5c222e|0xada697d0caa3d6b29470b56bab3d35b902df2bf06db744760f6131c211b97c45|0x689a24ea74bae5e84c3d3be87856c4ca399b7af5de2563a50c8a6681eca754bd|0x6f51fc8a277dd2aeea8368dc927d46015e2868865c1e9fa10d844a0ebbfd6820|0x518301a471c1e86c7b11d8eea58be6936f57c6a7d5f8b7f0fbefa6c87f145d31,"This market will resolve to ""Yes"" if the MrBeast YouTube channel (https://www.youtube.com/@MrBeast) hits the specified number of views by June 30, 2026, 11:59 PM ET. Otherwise, this market will resolve to ""No"". The primary resolution source for this market will be the MrBeast YouTube channel (https:",https://polymarket.com/event/will-mrbeast-hit-billion-views-by-june-30
will-mrbeast-hit-million-subscribers-by-june-30,Will MrBeast hit ___ Million subscribers by June 30?,culture,youtube|culture|mrbeast,2026-06-30T00:00:00Z,40,2026-04-27T20:50:25.519397Z,6,4,2205.00,39875.73,15373.87,15855.49,0.904,0,will-mrbeast-hit-485-million-subscribers-by-june-30|will-mrbeast-hit-488-million-subscribers-by-june-30|will-mrbeast-hit-491-million-subscribers-by-june-30|will-mrbeast-hit-494-million-subscribers-by-june-30|will-mrbeast-hit-497-million-subscribers-by-june-30|will-mrbeast-hit-500-million-subscribers-by-june-30,0x7e540eb03bd9294d224400bf9de5520216cfe8fbd74e25fdebf8866d3598fb50|0xa3da078b8a854b7aeb1153ce531ca6fb9a471a6d0380bba2bbd6355971fdfc2b|0x86e172b8cfd35a556f108086615c3fbaac577abb75c9a09e02f846bda7a82353|0x6f4dfac5a6a193e6290ce4c7e0c84365c3edd0b43cd8deb08a4a36fbbad23a15|0x4a608ee36394674e0322f233f8313f33c357a5af181bdf8a11751b52e4dddb60|0x766713c2dce11a8b4e3b2e4afb4a96f94338a77ae00bf16370cd5251cc45872a,"This market will resolve to ""Yes"" if the MrBeast YouTube channel (https://www.youtube.com/@MrBeast) hits the specified number of subscribers by June 30, 2026, 11:59 PM ET. Otherwise, this market will resolve to ""No"". The primary resolution source for this market will be the MrBeast YouTube channel (",https://polymarket.com/event/will-mrbeast-hit-million-subscribers-by-june-30
100m-views-on-a-mrbeast-video-in-the-first-week-by-june-30,100m views on a MrBeast video in the first week by June 30?,culture,culture|youtube|mrbeast,2026-06-30T00:00:00Z,40,2026-04-28T22:18:33.464491Z,1,1,21.74,687.03,229.05,323.91,0.912,0,100m-views-on-a-mrbeast-video-in-the-first-week-by-june-30,0x6761cdf7442a871edc80ce680754a70364e3a90886b00999c3630a48dad954e6,"This market will resolve to ""Yes"" if the number of views any YouTube video posted by MrBeast gets in the first 7 days after being posted is greater than or equal to 100 million between market creation and June 30, 2026, 11:59PM ET. Otherwise, this market will resolve to ""No"". If MrBeast does not pos",https://polymarket.com/event/100m-views-on-a-mrbeast-video-in-the-first-week-by-june-30
will-nate-and-cassie-get-divorced-in-euphoria-season-3,Will Nate and Cassie get divorced in Euphoria: Season 3?,culture,culture|sweeney|elordi|jacob|celebrities|movies|euphoria|sydney,2026-06-30T00:00:00Z,40,2026-05-04T22:55:50.18654Z,1,1,0.00,348.14,38.89,175.29,0.480,1,will-nate-and-cassie-get-divorced-in-euphoria-season-3,0xbbcbdbef5375f0468cb72a366b062ea70adfcd391b16b2d2996d05cf5745ccc5,"This market will resolve to ""Yes"" if Cassie Howard and Nate Jacobs get divorced in ""Euphoria: Season 3"". Otherwise, this market will resolve to ""No"". A qualifying divorce must show Nate Jacobs and Cassie Howard getting a divorce on screen, or a divorce must be said or otherwise accepted to have occu",https://polymarket.com/event/will-nate-and-cassie-get-divorced-in-euphoria-season-3
hantavirus-outbreak-by-june-30,Hantavirus outbreak by June 30?,culture,health|hantavirus|culture|public-health-emergency-of-international-concern|weather|world-health-organization|pheic,2026-06-30T00:00:00Z,40,2026-05-11T20:14:35.581421Z,1,1,4773.38,42404.09,23358.78,26326.98,0.823,2,hantavirus-outbreak-by-june-30,0x57c9a5817bc945d71686ed859417a1d26bd63f0e416f8b21156fa1c87f05f77a,"This market will resolve to “Yes” if the World Health Organization (WHO) officially declares the hantavirus (or any strain or outbreak of the hantavirus) a Public Health Emergency of International Concern by June 30, 2026, 11:59 PM ET. Otherwise, this market will resolve to “No”. Only a determinatio",https://polymarket.com/event/hantavirus-outbreak-by-june-30
hantavirus-lab-leak-confirmed-by-june-30-1,Hantavirus lab leak confirmed by June 30?,culture,culture|hantavirus|weather,2026-06-30T00:00:00Z,40,2026-05-07T17:56:39.330839Z,1,1,8928.41,386486.10,105539.33,171835.22,0.811,3,hantavirus-lab-leak-confirmed-by-june-30-1,0x4cd71e7b8c5c3f7cd1fc025002b2982aae1e5f70a65bf1faaae121299127537b,"This market will resolve to “Yes” if any hantavirus case linked to the hantavirus outbreak on the MV Hondius cruise ship is confirmed to have originated from a medical laboratory or research facility by June 30, 2026, 11:59 PM ET. Otherwise, this market will resolve to “No.” Confirmation that the ha",https://polymarket.com/event/hantavirus-lab-leak-confirmed-by-june-30-1
will-evil-morty-appear-in-rick-and-morty-season-9,Will Evil Morty appear in Rick and Morty: Season 9?,culture,movies|culture,2026-06-30T00:00:00Z,40,2026-05-19T20:54:51.354078Z,1,1,44.78,44.78,526.73,37.17,0.486,0,will-evil-morty-appear-in-rick-and-morty-season-9,0xebc5f61b71c85a095c00c10c6468c39a20fb562825901c50dcd0a330ff02fcae,"Rick and Morty: Season 9 is scheduled to begin airing on May 24, 2026. This market will resolve to ""Yes"" if Evil Morty appears on-screen at any point during Rick and Morty: Season 9. Otherwise, this market will resolve to ""No"". A qualifying appearance must include Evil Morty on screen. Characters ac",https://polymarket.com/event/will-evil-morty-appear-in-rick-and-morty-season-9
who-will-win-the-2026-fields-medal,Who will win the 2026 Fields Medal?,culture,awards|science|culture,2026-07-30T00:00:00Z,70,2026-01-06T19:06:12.711366Z,10,10,549.93,526060.90,6976.64,23341.86,0.997,0,will-yu-deng-win-the-2026-fields-medal|will-will-sawin-win-the-2026-fields-medal|will-jack-thorne-win-the-2026-fields-medal|will-alexander-efimov-win-the-2026-fields-medal|will-hong-wang-win-the-2026-fields-medal|will-john-pardon-win-the-2026-fields-medal|will-aleksandr-logunov-win-the-2026-fields-medal|will-jacob-tsimerman-win-the-2026-fields-medal|will-julian-sahasrabudhe-win-the-2026-fields-medal|will-sam-raskin-win-the-2026-fields-medal,0xce361643116d65999278058d79744d37ba0a9ef6c439e095df21716bdd5d949f|0xf7a786e2562ac4087406521ed0b1cea006949ac070e2aa3f5c443a53427a1be7|0x31ff4152662e8e50faff8ad80ff5561054753b27a5a4801aa95d3b08ccd2494e|0x8a8a885a2d36304757780431ebf620f4a31ab78a254020cb0f6300f9de81bed3|0xd74fcb17049c77b2e4312931de0c8d6c06ca28e23645cfd19772a142a92c88fe|0xdef79aab7ed2ea2b1cf53f2c20d353380ff1583eb7e4b29109dc7c667f0d298f|0xc8fd0988416e7299aaf762cf3c6c7a83e5c0ef4093e927ee48b1a85fe8062942|0xb7867ccbeebaaa4a51278c4b7bb08c5d7de8e5d4e48f6150f03cc776dce2f817|0xaec72d4f87e99615a333176329a7f62310eb68e3a32c1b73a882a9110ccd254c|0x7014fc8058f02a7acc7cb0051a24d75bdbcf08db04392e119ceacf3e791c9e43,"The Fields Medal is a prize regarded as the top award in the field of mathematics worldwide. It is awarded to two, three, or four mathematicians under 40 years of age at the International Congress of the International Mathematical Union (IMU), a meeting that takes place every four years. The Interna",https://polymarket.com/event/who-will-win-the-2026-fields-medal
who-will-win-top-chef-season-23,Who will win Top Chef Season 23?,culture,culture|reality-tv,2026-07-31T00:00:00Z,71,2026-02-04T22:19:58.696122Z,31,31,39.00,85956.01,32854.54,5200.32,0.848,0,will-rhoda-magbitang-win-top-chef-season-23|will-duyen-ha-win-top-chef-season-23|will-brandon-dearden-win-top-chef-season-23|will-oscar-diaz-win-top-chef-season-23|will-sherry-cardoso-win-top-chef-season-23|will-sieger-bayer-win-top-chef-season-23|will-jaspratap-jassi-bindra-win-top-chef-season-23|will-brittany-cochran-win-top-chef-season-23|will-jonathan-dearden-win-top-chef-season-23|will-jennifer-lee-jackson-win-top-chef-season-23|will-anthony-jones-win-top-chef-season-23|will-day-anas-joseph-win-top-chef-season-23|will-laurence-louie-win-top-chef-season-23|will-justin-tootla-win-top-chef-season-23|will-nana-araba-wilmot-win-top-chef-season-23|will-chef-a-win-top-chef-season-23|will-chef-c-win-top-chef-season-23|will-chef-e-win-top-chef-season-23|will-chef-g-win-top-chef-season-23|will-chef-h-win-top-chef-season-23|will-another-chef-win-top-chef-season-23|will-chef-b-win-top-chef-season-23|will-chef-d-win-top-chef-season-23|will-chef-m-win-top-chef-season-23|will-chef-n-win-top-chef-season-23|will-chef-o-win-top-chef-season-23|will-chef-f-win-top-chef-season-23|will-chef-i-win-top-chef-season-23|will-chef-k-win-top-chef-season-23|will-chef-j-win-top-chef-season-23|will-chef-l-win-top-chef-season-23,0x81ad6f4551dc467fb3530a3052241126a5d687aa7258a490f378472a4806c252|0x3d4addb4b1d64d68636804dfd0dcac83f19bed4b1fcd064198044ea6087a4bee|0x08866a05254eed6c31ba53381b119bba31c098a71031a3ac3b2a9339bd5e50ac|0x347b007406eec6821c7bced7649446afaee1fb6e9b44dc674c1aad5bb3b131d1|0xe46e5b018bf37bf19490dd1013ce383d1536e910a71ff029813b88100ec539ff|0x4c12fd7f805da799ff33b877a73d417070ceec06c324cc19209f19c8088207e0|0xd48a17177a2fd2fe7c96be269c350fa34ceb954de88afde9c261f0c3e9d25cd4|0x53722f16cf40cfd953d07d87ad998544f29887636481eec85f12c9400ea39ea5|0x8cf03276201d179263f5893e7b2079c3e1a27bc2a96334726b49f70fccfbe56f|0x61919db4b669d00d712a2bffacf54585d9ff3228160d4d836483e8643548b6e7|0x9a8df482a0d428f9f65be166c5c81731321593414931bf6cef6e5699af75caf6|0xc57f2aaa43a255e340fb7dad7c8d7cfe01a7ec5ad0c2c90fa2f6e9d460e32918|0x52d0ad7b71d830d32b6eade6a03b2c54348e66b2376c8848a0531a5390a55a00|0x893b099a58efda3f24f758df010a814fc542e287eb49573ffc0ea3400c8d9150|0xd9696bd231eb765584e2b664cee6c4cb2e3d3156f3c1563407ae0e963089c1c6|0xa19d98f782bae69f298f4747f835827a6547933c67c44fbffc658714b8775006|0x2f5826f1de59e8012a6c001bc64f768475fe731ac050247919b1676a98f8c8ea|0x20de6bd382b8921a6bfd3d3b358b1b767df048d7ec684fd24d334c815729e3b0|0x67aef19330301574e9a840b94e3e002e1aa8e2d97089bb85dad727279048f60c|0xfa638754c37658ffa51ed93bfea60714a9a7873245c81247404c0d316eef53f2|0x1311fdcb3b1439620a14a06bac2b3fa7d044ffa5361be68d967eb738ed39023d|0x62c64eaeeee5927a2cafd2fb9ebfa28a7e3a5644428ede964488f1c9021a37ed|0xc1f27d19888ebb5a7ebf8a91ae7ff7f79a0568333632993eac6d4dca1044380d|0xdef0080203e24c5ba3211bca1a661e77394a4653427bc82a39bb33e499e5c30d|0xfe53bc3fae25ec5063cc4dbeb4d205a0b781d25e9064344349f9f70ca373cd20|0x180faa518e441e810e142407c96def8e5d1286689eefc042ac7ad6a727666fee|0x65c52540d299ed9b39bbc9b020948ca822f90e0205fbaee41f176970b352808a|0x3f0a0a80dd87cd33637030ce64039492b29da5ac6ceb012e8c450ce1accbb473|0xe7cf222ce6dc76726b910bf1d49d6897dad4083a8d832cd4fff3dae95d1f5de3|0xc7671b60f4e2872bed56f5612c70fd1c6e92f5a13e1c104cf2651642c4b34a6c|0x346ca33eb4084fcff7f15868acbf11a47ca891b1c72bbd3e4e04535b2f78826c,"This market will resolve to the contestant who wins Top Chef Season 23. If Top Chef Season 23 concludes without a winner being declared, or if Top Chef Season 23 has otherwise not concluded by July 31, 2026, 11:59PM ET this market will resolve to ""Other"". In the case of a tie, this market will resol",https://polymarket.com/event/who-will-win-top-chef-season-23
katy-perry-and-justin-trudeau-breakup-before-august,Katy Perry and Justin Trudeau breakup before August? ,culture,music|canada|culture|celebrities,2026-07-31T00:00:00Z,71,2026-03-25T21:13:50.806258Z,1,1,0.00,630.80,35.32,362.68,0.260,6,katy-perry-and-justin-trudeau-breakup-before-august,0x10c7f906fbd022b2136becc38fc97623aa9fb14fd625a23c65bceb141918b58e,"This market will resolve to ""Yes"" if Katy Perry and Justin Trudeau end their romantic relationship by July 31, 2025, 11:59 PM ET. Otherwise, this market will resolve to ""No"". If it's unclear whether or not they are in a romantic relationship, this market will resolve to the side with the stronger ar",https://polymarket.com/event/katy-perry-and-justin-trudeau-breakup-before-august
will-charli-xcx-release-a-new-original-album-by-july-31,Will Charli XCX release a new original album by July 31?,culture,culture|music|album|song|celebrities,2026-07-31T00:00:00Z,71,2026-04-09T20:30:11.650659Z,1,1,0.00,44.72,26.70,23.00,0.410,1,will-charli-xcx-release-a-new-original-album-by-july-31,0x4409e1a9624df8d22dd9e32c4884babb89fe5c1f555f60b7b4a5088ee7ea21af,"This market will resolve to “Yes” if Charli XCX officially releases a new album between market creation and July 31, 2026, 11:59 PM PT (Los Angeles time). Otherwise, this market will resolve to “No”. Officially released means that a newly released album is officially available for download or stream",https://polymarket.com/event/will-charli-xcx-release-a-new-original-album-by-july-31
will-charli-xcx-announce-a-new-album-by-july-31,Will Charli XCX announce a new album by July 31?,culture,culture|album|music|song|celebrities,2026-07-31T00:00:00Z,71,2026-04-09T20:30:11.329702Z,1,1,10.00,1604.06,2162.82,209.81,0.722,0,will-charli-xcx-announce-a-new-album-by-july-31,0x59b20bc290871e7bab3b34c7a0c4df653cb7cf3810cc5acaee7ea91abb9e4beb,"This market will resolve to “Yes” if Charli XCX officially announces a new album between market creation and July 31, 2026, 11:59 PM PT (Los Angeles time). Otherwise, this market will resolve to “No”. Re-recorded albums, deluxe/expanded/reissue editions, live albums, greatest-hits/compilations, remi",https://polymarket.com/event/will-charli-xcx-announce-a-new-album-by-july-31
how-many-weeks-will-iceman-be-no1-on-the-billboard-200-866,How many weeks will ICEMAN be No.1 on the Billboard 200?,culture,drake|celebrities|music|song|album|culture|rewards-50-4-5-100|rewards-50-4-5-20,2026-07-31T00:00:00Z,71,2026-04-23T21:59:27.853306Z,5,5,105.07,18884.50,7793.55,4288.27,0.988,1,will-iceman-be-no1-for-0-weeks-489|will-iceman-be-no1-for-2-weeks-766|will-iceman-be-no1-for-4-weeks-or-more-245|will-iceman-be-no1-for-1-week-131|will-iceman-be-no1-for-3-weeks-239,0xb44a765f56ee77c94114582c89654a9080155696d5038aec950d9713956d532b|0xbdd246a0b2283a963b946a1272db382e508ada8bb8d454b7839006d587a7d48a|0x04e6c15f41c52efc6b9c003f96f23437b6ad5f0ca93407d467b49383cd20d2b9|0x980cd972572ab0fd9d9ec1836da082ed98be2cb6c69ec54c7402561effbdaae6|0x78e2751b90f4a3e878242df8c26f7243782c5b7b01e3006c92c17874635b95bf,"Drake's new album ""ICEMAN"" is expected to release in 2026. This market will resolve according to the number of weeks in a row ""ICEMAN"" holds the No. 1 spot on the Billboard 200 albums chart. If Drake does not release a new album by December 31, 2026, 11:59 PM ET, this market will resolve to the lowe",https://polymarket.com/event/how-many-weeks-will-iceman-be-no1-on-the-billboard-200-866
who-will-win-chopped-castaways,Who will win Chopped Castaways?,culture,cook|culture|reality-tv|chef,2026-07-31T00:00:00Z,71,2026-04-28T22:55:54.807132Z,24,24,0.00,590.92,1251.46,282.06,0.853,0,will-ara-zada-win-chopped-castaways-season-1|will-cate-meade-win-chopped-castaways-season-1|will-hannah-flora-win-chopped-castaways-season-1|will-jean-paul-bourgeois-win-chopped-castaways-season-1|will-paulette-tejada-win-chopped-castaways-season-1|will-sunny-moody-win-chopped-castaways-season-1|will-chef-b-win-chopped-castaways-season-1|will-chef-d-win-chopped-castaways-season-1|will-chef-f-win-chopped-castaways-season-1|will-chef-h-win-chopped-castaways-season-1|will-chef-j-win-chopped-castaways-season-1|will-another-chef-win-chopped-castaways-season-1|will-aidan-barry-owens-win-chopped-castaways-season-1|will-carrie-baird-win-chopped-castaways-season-1|will-dwight-hudgins-win-chopped-castaways-season-1|will-james-peck-win-chopped-castaways-season-1|will-logan-sandoval-win-chopped-castaways-season-1|will-stephen-kina-win-chopped-castaways-season-1|will-chef-a-win-chopped-castaways-season-1|will-chef-c-win-chopped-castaways-season-1|will-chef-e-win-chopped-castaways-season-1|will-chef-g-win-chopped-castaways-season-1|will-chef-i-win-chopped-castaways-season-1|will-chef-k-win-chopped-castaways-season-1,0xba0736d9d3aef894bfc8a3dc6de28a06315bdf37c8785ff2e965973d66aac0ca|0x40907efff0ad4a265188eb83bf41ff7f2fb38e090187059f9792063e93b3a919|0x246ba2f2915cb41a8ce02a274a052e78b3b4817cdd7355fcc845520d0d0cb28a|0x0385fa16d11390be7090f3d2c6c65540f5ecf36d5e74d434f536c031140cd45b|0x001508d963419721d6bf4146f49923756acae4c34acace6525d3c9b092b598b4|0xd1dfd347db44fabb8ebe6431b425205cf111fafeec2717b4a3884d120d7e3511|0xea8f4de9925dafaf4cce4693a15a332387f4a2fcddf46c4bf20a6de147d4a648|0xc93a646866fd99939778909fc2b6970ce1ed18dcc6d2374eb9bee1b1c91d43d5|0x310e59ba02357789f245ed0a374162b4541e4d4dc64ad61f44669b0f83e2fecb|0xabc013223baf6d876fc3253fd84fed575b1d25c2542341ab4a59148aed1a312a|0x08ed855fd89369bf5c625b887c8ccbee17c0e6e06429bcd6bccc7f5370318dad|0xc13bac09fb8afe285759ae96a5cac40a2affc93c36a451a21463034758873fe0|0xae4514957200dbcc78d80eb6df6e0327b8a66336d69f9c18502a72fb656418c0|0x3acef8b7ac0737995a6de8fad8c534f855d30a583aac79afba67b9636132f1bc|0xe846d0c40f010b7d16d35217f83528281023103db310e202d63cd02103a05e7c|0xf6c822c4b2f15735379cc7ed139a98aeeb95896bfe52bf531100bcaf9279135f|0xe5edebb0dbca6ae9b2a9ed49901ef1b5ba68f0a3d5b87f50870c44dcf2de42e8|0x28de13f15fdb5a89b445233acac31bf3ae4f5e88efee7c650b13d21fcf499bca|0x36c8f7b09103778b3cd4cae0960dec71bd43ec2ed286e0f10547f2497e6849f6|0xdfb8ea0839c8084d3c3741ed62a485e10d24228fe6934ebdcd8942acbd6a0567|0x4d366bbc5bd25c0d7a09d8034a52be0f8cefcf56d256051baf8f76a94e45b4ce|0xd405278672079949eed09fe7600cc80b21c31e0e5f8bc5316a4c6129d085473a|0xd1bb984cc832d1c899eebfca3628420e613339ed818cce0674a1117d5c993a3c|0x6f04f1a0956c57bdce139fb755d1e93caf100186452cc12b2fc26f0474be8e78,"This market will resolve to the contestant who wins Chopped Castaways Season 1, scheduled to premiere May 12, 2026. If Chopped Castaways Season 1 concludes without a winner being declared, or if Chopped Castaways Season 1 has otherwise not concluded by December 31, 2026, 11:59PM ET this market will ",https://polymarket.com/event/who-will-win-chopped-castaways
who-will-be-featured-on-petal,Who will be featured on Petal?,culture,billboard|culture|celebrities|petal|grande|ariana|musk-v-altman|album|music|spotify,2026-07-31T00:00:00Z,71,2026-04-30T19:45:24.165293Z,16,16,0.00,99.52,923.54,98.27,0.642,0,will-ariana-grande-feature-olivia-rodrigo-on-petal|will-ariana-grande-feature-tyla-on-petal|will-ariana-grande-feature-the-weeknd-on-petal-932-341|will-ariana-grande-feature-doja-cat-on-petal-921-874|will-ariana-grande-feature-billie-eilish-on-petal-658-993|will-ariana-grande-feature-drake-on-petal-336-843|will-ariana-grande-feature-frank-ocean-on-petal-222-279|will-ariana-grande-feature-taylor-swift-on-petal|will-ariana-grande-feature-zara-larsson-on-petal|will-ariana-grande-feature-doechii-on-petal|will-ariana-grande-feature-nicki-minaj-on-petal-475-467|will-ariana-grande-feature-sza-on-petal-245-332|will-ariana-grande-feature-troye-sivan-on-petal-398-298|will-ariana-grande-feature-kanye-west-on-petal-555-369|will-ariana-grande-feature-imogen-heap-on-petal-644|will-ariana-grande-feature-mariah-carey-on-petal,0x349bd3f1b98db1d1538b84e5f7b27b6d10ed63f91d16438e58602f143e83d1a9|0x033ec847946377761be9a5731866e642db1f3a64651831cb7918992e266c74ce|0x5a8d7442b851a1a689281609c287299ac71ee82e1ca6732ca9eebdc02f76f633|0xf0c270d12eb65823fc28e4b26ca565d9c0531635de200199d58a5da1c647ed30|0x0c23b012acd48e531c8f388060e50a4c67359c2e62dbf8863fcd760b27335d76|0x97d6ba07278d0bcca3d21000665695c3a5c09b842fe852a4bb9fd67c8c5809ca|0xad722b356686d1fcff6ee0bedb999aa7a16e9bb04724729640af283d56f99d48|0x1f01d902c61f71fa3d043aeda6ba6f9117b8d66cff5bf5bfca67e3b3ce7808e8|0x7e50c0411acb76e471d86e0b1e5df84f3da2e89501379760077cf535b89521f4|0xae0eae941b1e6bec939ec16c327024a1413d3388cd30046664e4aa041ed33a6e|0x19c6be74eb11f826b444b925f7520fa005b676833d5bc74c4ea231dd5855235d|0x19007471d0edd75a2cd5da08ee08c807ce79d95ef8389165aca3eb29bfaf394b|0x077bb8dc5d23e848055b9a1660b684cebe3ececa554ab078dc965c062f841746|0xb55ea914f0a62d99ec7d4885fe8fcd2ebc611a2f1d5761b546d5083280979e12|0xc2ac7d03b5a0a31ea8ee0a9316a0c2ff33683631977122db9764885683c4830f|0xf80f2e4971815d434989fe1a927a1878e72d1b9feaef86497f43b0aad82c8bd3,"This market will resolve according to the listed artists who feature on Ariana Grande's album ""Petal"". To qualify as ""featured"", the listed artist must be credited on at least one song on the album according to at least one major streaming platform: namely Spotify, Apple Music, Amazon Music, or YouT",https://polymarket.com/event/who-will-be-featured-on-petal
will-ariana-grande-release-petal-by,Will Ariana Grande release Petal by...?,culture,petal|billboard|culture|grande|album|celebrities|spotify|ariana|music,2026-07-31T00:00:00Z,71,2026-04-30T19:45:25.685633Z,3,3,0.00,361.45,50.09,122.32,0.257,1,will-ariana-grande-officially-release-petal-by-june-30-2026|will-ariana-grande-officially-release-petal-by-august-31-2026|will-ariana-grande-officially-release-petal-by-july-31-2026,0x36e94a2201a079b24f40ab45fc2f5ce87b7fb542f00fa2406c72cbbc8a7beb23|0xbc388479aa8c6b380bd48f3a587cd7ff5a3a75e28e163a6ed2a31b4da5486598|0x6912edf1cf029a2f70bc304e99bfc76447d90c8add5a18ae90c47874406603a0,"This market will resolve to “Yes” if Ariana Grande officially releases Petal by the listed date, 11:59 PM PT. Otherwise, this market will resolve to “No”. Officially released means that Petal is officially available for download or streaming (not including live events) by the resolution date. Any Ar",https://polymarket.com/event/will-ariana-grande-release-petal-by
will-little-joe-escape-again,Will Little Joe escape again?,culture,zoo|frankie|culture|animals|harambe|gorilla,2026-07-31T00:00:00Z,71,2026-05-14T21:12:54.508346Z,1,1,1.02,894.70,2432.72,800.98,0.818,1,will-little-joe-escape-again,0xd19131fb51b57eae97a9d67333b10848677455a7a48994288c8a3f2478eafc60,"This market will resolve to ""Yes"" if Little Joe the gorilla escapes again between market creation and July 31, 2026. Otherwise, this market will resolve to ""No"". For the purposes of this market, an ""escape"" consists of the gorilla getting out of his enclosure in an uncontrolled way. For example, his",https://polymarket.com/event/will-little-joe-escape-again
taylor-swift-pregnant-before-marriage,Taylor Swift pregnant before marriage?,culture,taylor-swift|culture|music|celebrities,2026-08-31T00:00:00Z,102,2025-08-28T17:01:15.048593Z,1,1,155.76,200461.66,17099.38,51224.11,0.829,19,taylor-swift-pregnant-before-marriage,0xfcde7eec764a4e3dd2c43e92efec3cd23d8df64cceff357914a31d2c7820a6ea,"This market will resolve to ""Yes"" if Taylor Swift announces that she is pregnant before she announces that she is married to Travis Kelce. Otherwise, this market will resolve to ""No"". Only credible announcements will qualify. Pregnancy or marriage announcements that are not credible, for example jok",https://polymarket.com/event/taylor-swift-pregnant-before-marriage
will-olivia-rodrigo-release-a-new-original-album-by-august-31,Will Olivia Rodrigo release a new original album by...?,culture,song|music|album|culture,2026-08-31T00:00:00Z,102,2026-03-18T21:14:11.005461Z,2,2,0.00,13650.38,5650.06,6933.80,0.804,0,will-olivia-rodrigo-release-a-new-original-album-by-august-31-535|will-olivia-rodrigo-release-a-new-original-album-by-june-12,0xf6381e76dcb3d6d67f660fb0af1e5cdc64852fcd0e64889f5d3a3f07420d56c4|0x38d3e0caf39dba18f9a21a801d65068fec061af468c2c183809cf2301a0d8e7c,"This market will resolve to “Yes” if Olivia Rodrigo officially releases a new album between market creation and the listed date, 2026, 11:59 PM PT (Los Angeles time). Otherwise, this market will resolve to “No”. Officially released means that a newly released album is officially available for downlo",https://polymarket.com/event/will-olivia-rodrigo-release-a-new-original-album-by-august-31
drake-iceman-first-week-album-sales,Drake 'Iceman' First Week Album Sales?,culture,culture|music|celebrities|billboard|album|spotify|song|iceman|drake|rewards-300-4-5-50,2026-08-31T00:00:00Z,102,2026-04-07T22:17:58.792312Z,8,8,330333.61,1536821.64,103274.69,177124.37,0.878,112,will-iceman-drake-debut-week-album-sales-be-less-than-300k|will-iceman-drake-debut-week-album-sales-be-between-350k-and-400k|will-iceman-drake-debut-week-album-sales-be-between-450k-and-500k|will-iceman-drake-debut-week-album-sales-be-between-550k-and-600k|will-iceman-drake-debut-week-album-sales-be-between-300k-and-350k|will-iceman-drake-debut-week-album-sales-be-between-400k-and-450k|will-iceman-drake-debut-week-album-sales-be-between-500k-and-550k|will-iceman-drake-debut-week-album-sales-be-at-least-600k,0xcfad7a997bbb549459ef767b8db66771823ab3fdfd3f0eb71592332016c74fbf|0x7341fca1e19bcf27fb8c94f091587d571944bb738f7529254674af7b8afe1e83|0xc489ce6c2a412da6b02e062ea20ace0b77dd293f5215eec4361e97a2fa92a118|0x94922537c5ee69a731a68c884e6a81f6854a55673e4d21d9f04e99373e815f69|0x7cdba543731faaaaf877ec36e6b66d55416a8a591d364584322f9f5ce7da4ee9|0x75a8e7e2983cb2a0c0363e2bbf30bbd7719ada40b7b04c2ef2d43b06a61d96cb|0xb2d1e618740baed3f3a6bcd843938622e675273cd9ef6bdb5b2de4b2eca72e05|0xeb91739b7afb5fdbdb72d0688f593e4ba3887f5e0ada004a901e1ad5b9f51019,"Drake's new album 'Iceman' is expected to release in the summer of 2026. This market will resolve according to the debut week sales for Drake's album 'Iceman', according to Hits Daily Double. If the album 'Iceman' has not been released by December 31, 2026, 11:59 PM ET, this market will resolve to t",https://polymarket.com/event/drake-iceman-first-week-album-sales
zoe-kravitz-and-harry-styles-engaged-by-august-31,Zoe Kravitz and Harry Styles engaged by August 31?,culture,culture|movies|celebrities|music,2026-08-31T00:00:00Z,102,2026-04-22T23:48:50.751435Z,1,1,0.00,393.91,80.99,318.20,0.419,0,zoe-kravitz-and-harry-styles-engaged-by-august-31,0x678d3912bcf0ef2027dacbb365bf1fd128107645214a1567dd64a2748bd738f8,"This market will resolve to ""Yes"" if it is announced that Zoe Kravitz is engaged to be married to Harry Styles by August 31, 2026, 11:59 PM ET. Otherwise, this market will resolve to ""No"". If it is announced that Zoe Kravitz and Harry Styles have married, it will qualify for a ""Yes"" resolution. The ",https://polymarket.com/event/zoe-kravitz-and-harry-styles-engaged-by-august-31
bachelorette-season-22-winner,Bachelorette Season 22 Winner,culture,culture|reality-tv|celebrities,2026-11-30T00:00:00Z,193,2026-02-24T23:58:15.109549Z,49,49,131.84,2426801.40,82705.44,10725.20,0.947,9,will-aaron-kahng-win-the-bachelorette-season-22|will-johnnie-larossa-win-the-bachelorette-season-22|will-kevin-montero-win-the-bachelorette-season-22|will-malik-evans-win-the-bachelorette-season-22|will-mike-turitto-win-the-bachelorette-season-22|will-rod-strozier-win-the-bachelorette-season-22|will-shane-parton-win-the-bachelorette-season-22|will-contestant-d-win-the-bachelorette-season-22|will-contestant-f-win-the-bachelorette-season-22|will-contestant-h-win-the-bachelorette-season-22|will-contestant-j-win-the-bachelorette-season-22|will-contestant-l-win-the-bachelorette-season-22|will-contestant-n-win-the-bachelorette-season-22|will-contestant-p-win-the-bachelorette-season-22|will-contestant-r-win-the-bachelorette-season-22|will-contestant-t-win-the-bachelorette-season-22|will-contestant-v-win-the-bachelorette-season-22|will-contestant-x-win-the-bachelorette-season-22|will-contestant-z-win-the-bachelorette-season-22|will-brad-ledford-win-the-bachelorette-season-22|will-brandon-perce-win-the-bachelorette-season-22|will-casey-hux-win-the-bachelorette-season-22|will-christopher-wood-win-the-bachelorette-season-22|will-conrad-ukropina-win-the-bachelorette-season-22|will-matt-carroll-win-the-bachelorette-season-22|will-contestant-a-win-the-bachelorette-season-22|will-contestant-c-win-the-bachelorette-season-22|will-clayton-johnson-win-the-bachelorette-season-22|will-doug-mason-win-the-bachelorette-season-22|will-josh-harward-win-the-bachelorette-season-22|will-lew-evans-win-the-bachelorette-season-22|will-marcus-richardson-win-the-bachelorette-season-22|will-michael-baba-win-the-bachelorette-season-22|will-richard-van-de-water-win-the-bachelorette-season-22|will-ronn-perez-win-the-bachelorette-season-22|will-trenten-merrill-win-the-bachelorette-season-22|will-contestant-b-win-the-bachelorette-season-22|will-contestant-e-win-the-bachelorette-season-22|will-contestant-g-win-the-bachelorette-season-22|will-contestant-i-win-the-bachelorette-season-22|will-contestant-k-win-the-bachelorette-season-22|will-contestant-m-win-the-bachelorette-season-22|will-contestant-o-win-the-bachelorette-season-22|will-contestant-q-win-the-bachelorette-season-22|will-contestant-s-win-the-bachelorette-season-22|will-contestant-u-win-the-bachelorette-season-22|will-contestant-w-win-the-bachelorette-season-22|will-contestant-y-win-the-bachelorette-season-22|will-another-contestant-win-the-bachelorette-season-22,0xa12470904ad8e02a4d0444d769eb1f23c01c8f794fe43b450708f0388eee4e71|0x02def3545714ba14f74a8ec4d73c1f5dc05485d469a8bbcc3098403958d83eb5|0xb5f29d9a5e2df1219bb682d37a6aa4dd9dae962b54ce90ca1c90bc3cbcd8f1c6|0x48753b61afd8f3e96fee92d5bcef4169364420f0667f935441efe2a735b38adc|0x1e6968ccb3b7c2c5a6cd90340d49d5fddf147d26313e2bd754b8e7c3cbae783f|0x804edba245c68823c8083ec30d37404f05a3b80f4a8147126462081269be2f60|0x115eba162823107213911ee731c6b7edb0ab3584be9d210eebdfaa77b40ca481|0x08b530ec081f5e32b758622648145d234cac2cf91c5144f928ca3fd1bd3cb8be|0x8894c59118e3cdb517bc30f9904c7f92f86981d39b37a32f33b7f3f61bf419b4|0x390d18b03077ea320f9f0adf002d12be69ce13c9122800de1e195fc91766a9e4|0x04e6e61b491ee8c29e31aec42431ae4441c62279c51ebc3f52f024b6d4b8669e|0xf0069affdf2550bee847605becea566b04ad3ad3a5350783622aa4f3c55a1560|0x41ee5bfe3ac69552ecaeae3b3eeca534cdb41a5a5a6a06b85710e52f55623462|0x223212059b68a08585383aef7fc20f28c82af46ccaa2a2ab08786460e7a5f39b|0x406da714722efcdf9691ff461de19cb244d707008fb8d607fe6bc652e2d92eaf|0x8c9bcd4b84cf16ceca0fb2ec4d4e455c86ebdf496cdfbeb1582bf2210ec0b5c3|0x27536e95f1f403d4005c5bd1a0b52cdedadf46bd8924da9f52671b5c0d7d347d|0x5d8872ee099cdf5c13814cd9bb1f1a85c266c721b35820e55e04a7e6bda19254|0xad999b17e297f95823c11cc74468840429c9e7fa8fca349fd7ff3ded94673104|0x09ae6f9457600f6ba33666dd25cf839e645f12ac7a35fab7652b5f4cfa4b03db|0xf4c5d9c073f776862dcbed7ab76120ab41f01f38e50fde6662259f1a982d6281|0xf9f454c5012101864787028e1e3b3ef0a2afe3a9884e889eaf623c579cc1ff1e|0xc33a649eebed0c11d6c6186b78578a243caa8fbf0ed199bb315eadc55af5d2d2|0xa38926d361c6be318fc0ae4ad6541b9501543b7b3050adfe3c95a90c254d3c49|0x41926ffc646ce88596c03f7c89c21e53db51769611dd161a8074b06577c9ea76|0x5fc8ec0deb8b07197cb9b82bc651039d67e47e01e183f61f7ff422c101b0afeb|0x27c00177b1da6040b2ac8ce76651865ae67f6c3afee5b4618f060e1fd58cbe6b|0x795b790fe2cd5b930a34806197b687397b7c036d681a9fdd11a2619b3d029a12|0x3848fcbe7e8c243a97a8007b9deac0918189a0d95f61b03d35974730fb619106|0xabffc2bf253bf9b1d1a69d2c2af237c1911623d545ce3a14e18fcd37180a573e|0x061981f185787987913318067c64bff5c024d57096550a7ce0cc1d731273c0c7|0xea44452bed7d0a1a2278602c31cdebc21b4765e22038703b422a5b58edec7e67|0xc1f8dd6626ad16051790a3e5b0711c2dac07342964875eab0c3816d27ce4eca1|0xa8599f4c633fb98f7543e04b20f91052564a6fbe8e023627c554ee86eadfb1f5|0x0bd2c044230c7f0d4623070db33cff7a4d30e5b507c27bf15fd2fc13bae56596|0x212db7701519aafcc11a6cb15787c6ddc44b7213a3844ec18cc8b7b4ed053bca|0x4aba0a869789c31fd10fab3b6337d5b8dc7c2a452a7cce5564566dfbae50f798|0x70a14da28c339ad50f151155529e35b0e03695052f8033eda9117086ab7d9b68|0x570de38d756e1c1c29eb1c206fc7712e4eb1c49c8b5775f34efa2007f0e89f56|0x3ab6a7acc54f0b6b136c59f74534c4a3899688ee85ca24cc577511a1c42e8cc0|0xa35bc0799a5f2e50fd3f5186a474d6628c6a72f46e5bfbfe2072b71317974a9b|0x03a5cb17a26bef67290cf02e943a81a0e14fb5f03adde3500f6aa539d5981c18|0x938cf6a7130edc9af5d98892c3a39cb9dedec243b2a07da0b42579e379815d88|0xd5720b29bf9e8cd30d85901fcd974fb6677d31ae5e41adbf5f3ace091afb7c99|0xbb6e16dec216b4cc77241491c358c42504826d988bac0b851ca360fa5b58e8f6|0x7adadc6100e65667c59765098a0f06ddc65d9614082c4bceb43952ccf3b1cb80|0x510fa320114e73cc669e3bafd182c122cdb5b8e14194715fa4f0a6c8fb90811d|0x1752397ff850ae77b542833f3f273aae25b39cc086ad0f953c441824e22f4f20|0x707835601cb7d7d29826f06bc4f7d74454c6fc35f82aa1c1ac68dd2d85e1d8aa,"This market will resolve according to the winner of The Bachelorette Season 22. The winner is defined as the contestant who receives the final rose from the Bachelorette. Any changes in relationship status after the final rose ceremony including the ""After the Final Rose"" segment will not be conside",https://polymarket.com/event/bachelorette-season-22-winner
which-characters-will-appear-in-avengers-doomsday,Which characters will appear in Avengers: Doomsday?,culture,movies|culture,2026-12-18T00:00:00Z,211,2026-04-01T21:33:51.745096Z,20,19,85.33,39494.36,16731.27,9287.20,1.000,8,hugh-jackman-as-wolverine|mark-ruffalo-as-hulk|tom-holland-as-spider-man|don-cheadle-as-james-rhodes-war-machine|andrew-garfield-as-spider-man|ryan-reynolds-as-deadpool|teyonah-parris-as-monica-rambeau|xochitl-gomez-as-america-chavez|iman-vellani-as-ms-marvel|benedict-wong-as-wong|hailee-steinfeld-as-kate-bishop|benedict-cumberbatch-as-doctor-strange|tobey-maguire-as-spider-man|brie-larson-as-captain-marvel|kathryn-newton-as-cassie-lang|gwyneth-paltrow-as-pepper-potts|evangeline-lilly-as-the-wasp|halle-berry-as-storm|jon-favreau-as-happy-hogan|jonathan-majors-as-kang,0x9a22f275ad5ebdac774ea6ad6f9e52fcb252187980a0be2becdb24c338b9a716|0xd6696b1f8f76b02c28b1ad2288da9080cdb5f12a90fc6330cd1f4bd06a2ddd35|0x116ef6172ae1fa2b206be1910f41a27f4a25bb7ed54d761157973a59518bd3ad|0x6fe9f26e476b3db70ddda41e130dae8afe499cb78ef247daaf3336217366ebde|0x07eaadb00e3996a0877b0242b702391addfe503766b0137807a41e13f5a0eb2d|0x5f74b5e8492af8a75bcc971e0285b6e4fea82d92d39e32dba1fb4e04db9bc837|0xe9f21f3752e963d62932423d02def8a1dbb8039304582047258620e11755da34|0x193811133067252c62713ace40b7e839ee92deb66e6c6de6650771e495ee4eeb|0xaa171f20edcf257588ea814e41dd1a17030db545de05ee27be30beaddbcb3296|0xb88efe58d64f0a8bd3a5c68097ea8d703407432f9557f2550e65e6725800956a|0xf9a646015bbf0c35b5de4bd4d69a5c78edf65c1c94b05104717237de154fc173|0x2391aa63093c13686c5aedec491b8c140840e564ccb30ba9ccfefb35f0e9a7ed|0xd4ba56820e4a287a3997e780a592516228fb13a262ec56aea4141cd6a881d5d9|0x7560d17de8eba126e67e2d32e88faf61b0fa558d88b258accaf097e43a0382c5|0xb591dce919a811166f8b0db83b1c412ed16ef3d7c755b42a19daaaac715c5068|0xfb0b73b8b75b7a5b16c8ef33527db8419eff97e0f886cbd16a8a2d22af350178|0x4889f2333d0cda4368a7d37afc2a3a47fa628af304608c095774f3075c3eb95f|0xc5b8a7e89e60c30d6c1e3ab30353708344e571c5e0be69459b0de480f7e6fb72|0x76415d8735b0e5bf13d2ec0473ead9bd40f07ea8c82487328408db95cb3a602f|0xdf0c6b5d69af22deae2f14aec8fc3c4c8f20e61e0a7de3a4861838cc9d984d8d,"Avengers: Doomsday is a Marvel film scheduled to release on December, 18, 2026. This market will resolve to ""Yes"" if the listed actor playing the listed character appears in Avengers: Doomsday. Otherwise, this market will resolve to ""No"". This market will resolve upon announcement of casting, regard",https://polymarket.com/event/which-characters-will-appear-in-avengers-doomsday
will-dune-3-or-avengers-doomsday-gross-more-on-their-opening-weekend-825,Will Dune 3 or Avengers: Doomsday gross more on their opening weekend?,culture,movies|culture|dunesday,2026-12-20T00:00:00Z,213,2026-01-05T22:50:16.18523Z,1,1,0.00,38685.06,3588.18,5236.68,0.843,1,will-dune-3-or-avengers-doomsday-gross-more-on-their-opening-weekend-825,0x03f73e665ef7f6221d6f54ee0aac09672f715a29717d67622bd36be6ceb0846f,"Avengers: Doomsday and Dune 3 are scheduled for release on December 18, 2026. This market will resolve according to the film which grosses more domestically during their opening weekend in theaters. The ""Daily Box Office Performance"" figures found on the “Box Office” tab on these movies' The Numbers",https://polymarket.com/event/will-dune-3-or-avengers-doomsday-gross-more-on-their-opening-weekend-825
which-artists-will-release-a-new-song-in-2026,Which artists will release a new song in 2026?,culture,music|culture,2026-12-31T00:00:00Z,224,2025-11-12T22:45:11.606421Z,15,7,2.05,117252.77,1549.87,6843.93,0.920,0,will-drake-release-a-new-song-in-2026|will-lana-del-rey-release-a-new-song-in-2026|will-nicki-minaj-release-a-new-song-in-2026|will-beyonc-release-a-new-song-in-2026|will-jay-z-release-a-new-song-in-2026|will-bts-release-a-new-song-in-2026|will-kendrick-lamar-release-a-new-song-in-2026|will-frank-ocean-release-a-new-song-in-2026|will-aap-rocky-release-a-new-song-in-2026|will-lil-uzi-vert-release-a-new-song-in-2026|will-charli-xcx-release-a-new-song-in-2026|will-kanye-west-release-a-new-song-in-2026|will-sza-release-a-new-song-in-2026|will-olivia-rodrigo-release-a-new-song-in-2026|will-taylor-swift-release-a-new-song-in-2026,0x832c7e1f9db10d94d6eb951411bd01ffebce4009c013014f2ccfdbb7cc2a9ca4|0x9debbd9b018976ca22945fae69c1378f66c27524c7c73ac3c3f9769182c03579|0x8a1b8ba89dcc18b6c871d493854e41625ddb3f3197e61a879514f2b567c21fcb|0x8fc0e048c309978d0b27931766cd9958e0b578673e9b3d89444aef05e384635f|0xffda1c03516975d418d8f87b201ddfafac0c9c3995494bdcb02106cfc7da0847|0x4e12760680100ec02c4889fb05dc6f8cb8b771e294f0f2d35a563ea6b833d10e|0xdb5be2bb33f1f5987b58692ee3181bf6f42a080fce7b373cb031eb9ac6766c1c|0xce92e2efdc13584f681266b443bbfe7671a11c5295234621eda97258207b894b|0x05be5bc4049693f912195c3bc3a9bf626fd64f859111b2e1051d2a2d0deb71c4|0xec692a3d046e7fbfed68662e638af6c49070732defb1e9782144a6d9bbd7146b|0x85c43b20ff8ca9f6cb1a75319f83040411f8e5bfd519a8ae3f1bab4ca4c4c067|0x5ee47e06731b0f3f46a2e4e68841a81d4db7c1cbf418103d1791ec3aed654d7c|0x3aa9ce6efb84ec4602f1dd916478104037cf8570485e04eff998cb8e01eba67b|0x2045f51cb09e78e7ab1660eb63d28d7a4f4650da74ddc15094c127125d937f28|0x39735fe1c56e0ce30bddd9622ff58d55454a1413814dedd5a87901b7fdd59e1e,"This market will resolve to “Yes” if the listed artist officially releases a new song between January 1 and December 31, 2026, 11:59 PM PT (Los Angeles time). Otherwise, this market will resolve to “No”. Officially released means that a newly released song or single is officially available for downl",https://polymarket.com/event/which-artists-will-release-a-new-song-in-2026
will-half-life-3-be-announced-before-2027,Will Half-Life 3 be announced before 2027?,culture,games|culture,2026-12-31T00:00:00Z,224,2025-11-11T21:46:39.589941Z,1,1,26.00,111555.91,1428.84,18817.87,0.986,33,will-half-life-3-be-announced-before-2027,0x8af1519f0b6704eaa52ac0890275b011fbca31729bf93fd956899a2c7ea410c0,"This market will resolve to ""Yes"" if Valve publicly and explicitly announces that Half-Life 3 is in production by December 31, 2026, 11:59 PM ET. Otherwise, this market will resolve to ""No"". The announcement of the creation of any expansion or sequel not explicitly named ""Half-Life 3"" (e.g., Half-Li",https://polymarket.com/event/will-half-life-3-be-announced-before-2027
highest-grossing-movie-in-2026,Highest grossing movie in 2026?,culture,culture|movies|rewards-20-4-5-50,2026-12-31T00:00:00Z,224,2025-11-12T16:59:24.341751Z,28,28,96162.71,7977648.93,959979.46,184412.44,0.987,1,will-wicked-for-good-be-the-top-grossing-movie-of-2026|will-scream-7-be-the-top-grossing-movie-of-2026|will-star-wars-the-mandalorian-and-grogu-be-the-top-grossing-movie-of-2026|will-the-odyssey-be-the-top-grossing-movie-of-2026|will-the-hunger-games-sunrise-on-the-reaping-be-the-top-grossing-movie-of-2026|will-dune-messiah-be-the-top-grossing-movie-of-2026|will-movie-a-be-the-top-grossing-movie-of-2026|will-minions-monsters-be-the-top-grossing-movie-of-2026|will-movie-e-be-the-top-grossing-movie-of-2026|will-movie-g-be-the-top-grossing-movie-of-2026|will-movie-i-be-the-top-grossing-movie-of-2026|will-movie-k-be-the-top-grossing-movie-of-2026|will-movie-m-be-the-top-grossing-movie-of-2026|will-movie-o-be-the-top-grossing-movie-of-2026|will-wuthering-heights-be-the-top-grossing-movie-of-2026|will-michael-be-the-top-grossing-movie-of-2026|will-toy-story-5-be-the-top-grossing-movie-of-2026|will-spider-man-brand-new-day-be-the-top-grossing-movie-of-2026|will-avengers-doomsday-be-the-top-grossing-movie-of-2026|will-project-hail-mary-be-the-top-grossing-movie-of-2026|will-jumanji-3-be-the-top-grossing-movie-of-2026|will-movie-d-be-the-top-grossing-movie-of-2026|will-movie-f-be-the-top-grossing-movie-of-2026|will-movie-h-be-the-top-grossing-movie-of-2026|will-movie-j-be-the-top-grossing-movie-of-2026|will-movie-l-be-the-top-grossing-movie-of-2026|will-movie-n-be-the-top-grossing-movie-of-2026|will-another-movie-be-the-top-grossing-movie-of-2026,0xfd029ab3d6d27b6e1f3480dce858c97fb12e5bebd6fb50be7520102c56ba8ce1|0x894a61a2baa777adf1d03a263a4b2d8faa7e1ebc7bf6694a37701fae8add01d9|0xc9b9f89ac915385c8d77edb73872c49e5bf76e510b74b9609e74e7f8d0339df2|0x6ec4fec4885df7f3ac46e5d0051beb6d8ac75de6a8481f13f245ff26dcb4b662|0x625d0091f4c647e5497bd9b03f8526bd486d6c339380b8046e4dd5b3373046b7|0x9c47ba9e666983bd8d82bfab790509153bf7756c43913f6ef269e33c8955939c|0xec181db4470b152493b58229862af3f6335b77cc719f5a0e7ed58c9f9848b992|0xcf2cbe5e9415802d8722e870ce1233af43fcc6c4b326303fc7dbbaf656a81286|0xaa7930f5911833f4c3167fba4362e858ccddadbd197c5aeb675d86dc2b104034|0x76ac9ffdd8c0d73b772805b1f7ca47643da06147725e1b0562634e1833c23f32|0x90269ed5480843976480bb3a1cfd480a8d4fdbc21170b3159501487e0317b514|0x87250762d9f380f887efab4924a0f58663eadabf17d7344356918dec347988e5|0x2f1b539238ecc796dff510739e8a0d7303493f631a969657f798b0177f4aa2eb|0x33711b776a17192c6268ba9968979f7ff19561665a729a15851e0dbc54b05ece|0x221aaa62fed17db56fbc7983f88110a9c34861c3262154ee3315425378e3ae12|0xde9f827cb2d568db7801439693645a941a38fe6feaeb08b86087ad367d991704|0xcd57f3ad3bbbdaa96aacabd35f50c2d6e30f777e4a33876a4ab2dcd9f0b8c170|0xc4b07998e8f9bf6b95f079d6dc0529f3c6f59698d4e168817ad5f99304de6c57|0xe4f4b614a6c2b4ecd8eb700d19c0e6533d3fbd1bc28193b2255394ef74006e6f|0x242d251e7e804f79e1f237896b0f5e73caea72375dcb84e5a60d1cd0d2f80ef5|0xcf8a237df51a51511c4f96bb4390480ad72b898ca8ec7e9a3c16c47c8e5e468a|0x0a896f342640cffecc506a74aa4ecca3e7d515a279eb11c7568bd63adcbbf367|0x85fc0a528c6ac622683aa076ebe2e355b3df26e4e4bad725cecc6a75c90e79a0|0x8c614ae7bd061019b65a2adb5da3a268a9d6c89b08afa62f5548fc856e1808aa|0xbff7694129e8f3f00ea39890cd4efacded486e82338f3b2e4897c4df9fd261ba|0x401560d395ae0405db145c555f5718aa182130e33c76e3622c9f7cf33bf0e2ec|0xa32d6db54eead3ded4bbe6f5ed4630cc34b5ad2e38fc757febd80423af547663|0x4003a234903cd7fc887cda7c53f657201fd3fb3edd91d8148f9a2dea2059a9c1,"This market will resolve according to the title of the film with the highest 2026 gross according to the ""Gross"" column on https://www.boxofficemojo.com/year/2026/?grossesOption=calendarGrosses once data for December 31 is made available. Note: This market is about the movie's domestic calendar gros",https://polymarket.com/event/highest-grossing-movie-in-2026
which-movie-has-biggest-opening-weekend-in-2026,Which movie has biggest opening weekend in 2026?,culture,movies|culture|rewards-20-4-5-50,2026-12-31T00:00:00Z,224,2025-11-12T22:33:38.857394Z,27,23,2780.82,1577922.86,147048.52,35960.40,0.963,0,will-scream-7-have-the-best-domestic-opening-weekend-in-2026|will-star-wars-the-mandalorian-and-grogu-have-the-best-domestic-opening-weekend-in-2026|will-the-odyssey-have-the-best-domestic-opening-weekend-in-2026|will-the-hunger-games-sunrise-on-the-reaping-have-the-best-domestic-opening-weekend-in-2026|will-dune-messiah-have-the-best-domestic-opening-weekend-in-2026|will-the-super-mario-galaxy-movie-have-the-best-domestic-opening-weekend-in-2026|will-movie-c-have-the-best-domestic-opening-weekend-in-2026|will-movie-e-have-the-best-domestic-opening-weekend-in-2026|will-movie-g-have-the-best-domestic-opening-weekend-in-2026|will-movie-i-have-the-best-domestic-opening-weekend-in-2026|will-movie-k-have-the-best-domestic-opening-weekend-in-2026|will-movie-m-have-the-best-domestic-opening-weekend-in-2026|will-movie-o-have-the-best-domestic-opening-weekend-in-2026|will-wuthering-heights-have-the-best-domestic-opening-weekend-in-2026|will-michael-have-the-best-domestic-opening-weekend-in-2026|will-toy-story-5-have-the-best-domestic-opening-weekend-in-2026|will-spider-man-brand-new-day-have-the-best-domestic-opening-weekend-in-2026|will-avengers-doomsday-have-the-best-domestic-opening-weekend-in-2026|will-project-hail-mary-have-the-best-domestic-opening-weekend-in-2026|will-movie-b-have-the-best-domestic-opening-weekend-in-2026|will-movie-d-have-the-best-domestic-opening-weekend-in-2026|will-movie-f-have-the-best-domestic-opening-weekend-in-2026|will-movie-h-have-the-best-domestic-opening-weekend-in-2026|will-movie-j-have-the-best-domestic-opening-weekend-in-2026|will-movie-l-have-the-best-domestic-opening-weekend-in-2026|will-movie-n-have-the-best-domestic-opening-weekend-in-2026|will-another-movie-have-the-best-domestic-opening-weekend-in-2026,0xf5e38cd9774d31dab63a08cbb437479c783adb90e18b744da8328431ae99ea84|0x7a93a3c8d623258f5b80791e8acb32adb19fe10654d6475505e610287762f0c2|0x342eaa2a3fe31eb5a20da27b589937a190a3f2f55fc83909df66e5f3db7d0f9e|0xd292951cdb6e1db86636fff90d08b78f43cd63880d7c9325a72e9ba6fc0b7054|0x552c464206214b1ede6021f457790446b4557525eff4620adf7c0f25d4213cba|0xcfa7c1c371ba6a2f74a0c0d44e6a441680ed7c90080d31ea96164102327ea5fc|0x16b6e1135763b8e1f7566aa85da121655fe200dfc3470deabdf9ed50b0f8a050|0x9d9d911d05a7d3c7160b398b2161bf8cd62a326b2d80f387b9a80574d82e6660|0x5195f290154f5793ec5e778b608d4eee61cf398502f7f415bfa98a0361b3b1f3|0x5eddbb98b93bb7f244cc076e04d193e62e3d831022be28acc1a2e8c12c7461f5|0xb6432049c6d9f8558f2bd800f38ae43c5ba73ac9adbdb9f0e58114aa006a3f4b|0xe428093a6f859dfe43a71843e53031fa712e683417b2b793e7a0188a3b087f39|0x159d803f357b04d5fcdd69227af6b73102b13ee34f6daa7f74a2a8c101af7dea|0x244f76bf20a8eaa749cd4f9981ebfe978def4537a849a37a4fde8b329cb1633d|0x9755cb76d8c53d98f4889b267a24d6a30b6750d20f1379bcbfe5bde09544a9f3|0x4a3bae05585996851511be08b544323fe6af6f274e5d464603ed26a224f3e78a|0x76c1a69f2b0a7fcfa97b56ddbeaad1981a8cb3d8f24c1adce62ffa2d010ebbe0|0x14d327328063504ab74b2ab11fe68ad305525fafc70effcd5ba5c5c688971988|0xe9df55287d6e943e180e550e00db01913cfb743bd56f46f5ef1be584df28e342|0x42186a5fcfaafd6a50dc78bc10797f153f9d8df732f2818b09fa69b7704f3e7d|0xca275345e4b26cd706b0ed177242ebead5fe3ba0883b598f3e5b91bc4ebceb16|0x024ee0e2af57236717c57550e524d90ba5112d41e1f75da5422237268f15c97d|0x67a996e6758cac7fd6ef5b146429ffe57b79195b48a9bf47488be5741fefa863|0x277f7e7385b2d7ecfe1bbd715267cad4adc6e23567f77576b8e8010a7c9d7442|0x8fcffd3378cb2b6369d56fd0a060eab4a8938370d48c04e6cd53e2194a105756|0x95167b90032245faa6e48fe575e9581696c069fbd1ee3a7037ca14786c3635b5|0xf5941dc6fae3b8bdc281ced3940a4221681e688ce9f1bedfebd663abb4fa758b,This market will resolve according to the title of the movie which grosses more domestically on its opening weekend than any other movie in 2026. The “Weekend Box Office Performance” table on the page for the relevant movie on https://www.the-numbers.com/movies/year/2026 will be used to resolve this,https://polymarket.com/event/which-movie-has-biggest-opening-weekend-in-2026
where-will-2026-rank-among-the-hottest-years-on-record,Where will 2026 rank among the hottest years on record?,culture,science|culture|global-temp|weather|climate-science|weather-science,2026-12-31T00:00:00Z,224,2025-11-12T22:54:31.12472Z,6,6,13232.03,2855187.72,62964.02,160488.20,0.995,20,will-2026-be-the-hottest-year-on-record|will-2026-be-the-third-hottest-year-on-record|will-2026-be-the-fifth-hottest-year-on-record|will-2026-be-the-second-hottest-year-on-record|will-2026-be-the-fourth-hottest-year-on-record|will-2026-rank-as-the-sixth-hottest-year-on-record-or-lower,0xe67f4d31f0eba1b009b49d7a7739b2a5f53a2d7d979a0902b465a510492c33bb|0x77e931cce8473e1b380bd4457a54d5948d3739894169cb23fb2b1bb20b6897bd|0xecf2f4f2222e3393545e73f6ed219065c6bfa5c66db56a66541a4a20961fca26|0x376f0a5ce8279b4bf840018217487848634b686a9669c8c2d79eca67410b1aeb|0x6c8a4426ea2278ce7936c770cbf4d66ad2dead1c8ee50e90232e0379f6f42562|0x284c11566675c2764eeca776d2e0834fefc1430514b7b55adbb690d2fbbf678e,"This market will resolve according to the numerical rank of how hot 2026 is when compared against all other years for which the Global Land-Ocean Temperature Index has data. Years will be ranked in descending order, starting with the hottest as number 1, the second hottest as number 2, etc. If 2026 ",https://polymarket.com/event/where-will-2026-rank-among-the-hottest-years-on-record
will-george-r-r-martin-announce-the-winds-of-winter-in-2026,"Will George R. R. Martin announce ""The Winds of Winter"" in 2026?",culture,books|celebrities|culture|movies,2026-12-31T00:00:00Z,224,2026-01-16T00:33:48.432785Z,1,1,0.00,14250.30,2971.63,4095.52,0.877,15,will-george-r-r-martin-announce-the-winds-of-winter-in-2026,0x2b97e33b577930315bdb95c195be7c8f5da9e67795aac5b32a7f89fc2bfe6954,"This market will resolve to ""Yes"" if George R. R. Martin publicly and explicitly announces by December 31, 2026, 11:59 PM ET that an installment of A Song of Ice and Fire titled ""The Winds of Winter"" will be released. Otherwise, this market will resolve to ""No"". The announcement of the creation of a",https://polymarket.com/event/will-george-r-r-martin-announce-the-winds-of-winter-in-2026
will-jesus-christ-return-before-2027,Will Jesus Christ return before 2027?,culture,culture|parent-for-derivative,2026-12-31T00:00:00Z,224,2025-11-25T18:19:53.051641Z,1,1,26354.37,62845618.65,984805.20,1926925.85,0.812,1,will-jesus-christ-return-before-2027,0x0b4cc3b739e1dfe5d73274740e7308b6fb389c5af040c3a174923d928d134bee,"This market will resolve to ""Yes"" if The Second Coming of Jesus Christ occurs by December 31, 2026, 11:59 PM ET. Otherwise, this market will resolve to ""No"". The resolution source for this market will be a consensus of credible sources.",https://polymarket.com/event/will-jesus-christ-return-before-2027
justin-aguiar-convicted-of-sexual-assault-before-2027,Justin Aguiar convicted of sexual assault before 2027?,culture,culture,2026-12-31T00:00:00Z,224,2025-11-26T00:46:55.305955Z,1,1,0.00,52332.65,22.23,629.91,0.210,0,justin-aguiar-convicted-of-sexual-assault-before-2027,0xc46a57c69550b00b36da711847f595b75a57a3f3379772e8d8e3a7e346566292,Justin Aguiar was recently arrested and charged with sexual assault by the Toronto Police Service after an investigation of an alleged sexual assault in 2024. You can read more about that here: https://www.tps.ca/media-centre/news-releases/64641/. This market will resolve to “Yes” if Aguiar is convi,https://polymarket.com/event/justin-aguiar-convicted-of-sexual-assault-before-2027
costco-increases-hotdog-price-before-2027,Costco increases hotdog price before 2027?,culture,inflation|economy|culture,2026-12-31T00:00:00Z,224,2025-12-03T00:18:55.123963Z,1,1,0.00,9091.16,1310.02,2886.54,0.847,2,costco-increases-hotdog-price-before-2027,0xd372089035707ca4059017c125091d6f04098f2471a5e94d163e31be46562a73,"Costco is known for selling cheap hot dogs. As of December 2, 2025, the Costco hot dog and 20 oz soda combo is $1.50. This market will resolve to ""Yes"" if the price of a standard Costco hot dog and 20 oz soda combo before tax exceeds $1.50 in any Costco store in the United States by December 31, 202",https://polymarket.com/event/costco-increases-hotdog-price-before-2027
katy-perry-and-justin-trudeau-engaged-by-end-of-2026,Katy Perry and Justin Trudeau engaged by end of 2026?,culture,culture|celebrities|canada,2026-12-31T00:00:00Z,224,2025-12-05T05:52:28.876096Z,1,1,0.00,38240.79,4200.04,8069.20,0.954,9,katy-perry-and-justin-trudeau-engaged-by-end-of-2026,0x57630ca87de434c74db1c388ed88c1920a6d1dfcf4094ef14a415dcc5049babc,"This market will resolve to ""Yes"" if it is announced that Katy Perry and Justin Trudeau are engaged to be married by December 31, 2026, 11:59 PM ET. Otherwise, this market will resolve to ""No"". If it is announced that Perry and Trudeau have married, it will qualify for a ""Yes"" resolution. The primar",https://polymarket.com/event/katy-perry-and-justin-trudeau-engaged-by-end-of-2026
top-spotify-artist-2026,Top Spotify Artist 2026,culture,spotify|culture|music,2026-12-31T00:00:00Z,224,2025-12-22T21:40:50.445028Z,46,46,176.38,1314145.28,140218.00,25721.01,0.969,12,will-bad-bunny-be-the-top-spotify-artist-for-2026|will-taylor-swift-be-the-top-spotify-artist-for-2026|will-drake-be-the-top-spotify-artist-for-2026|will-the-weeknd-be-the-top-spotify-artist-for-2026|will-morgan-wallen-be-the-top-spotify-artist-for-2026|will-bruno-mars-be-the-top-spotify-artist-for-2026|will-sabrina-carpenter-be-the-top-spotify-artist-for-2026|will-kendrick-lamar-be-the-top-spotify-artist-for-2026|will-chappell-roan-be-the-top-spotify-artist-for-2026|will-beyonc-be-the-top-spotify-artist-for-2026|will-artist-1-be-the-top-spotify-artist-for-2026|will-artist-2-be-the-top-spotify-artist-for-2026|will-artist-3-be-the-top-spotify-artist-for-2026|will-artist-4-be-the-top-spotify-artist-for-2026|will-artist-5-be-the-top-spotify-artist-for-2026|will-artist-6-be-the-top-spotify-artist-for-2026|will-artist-7-be-the-top-spotify-artist-for-2026|will-artist-8-be-the-top-spotify-artist-for-2026|will-artist-9-be-the-top-spotify-artist-for-2026|will-artist-10-be-the-top-spotify-artist-for-2026|will-artist-11-be-the-top-spotify-artist-for-2026|will-artist-12-be-the-top-spotify-artist-for-2026|will-artist-13-be-the-top-spotify-artist-for-2026|will-artist-14-be-the-top-spotify-artist-for-2026|will-artist-15-be-the-top-spotify-artist-for-2026|will-artist-16-be-the-top-spotify-artist-for-2026|will-artist-17-be-the-top-spotify-artist-for-2026|will-artist-18-be-the-top-spotify-artist-for-2026|will-artist-19-be-the-top-spotify-artist-for-2026|will-artist-20-be-the-top-spotify-artist-for-2026|will-artist-21-be-the-top-spotify-artist-for-2026|will-artist-22-be-the-top-spotify-artist-for-2026|will-artist-23-be-the-top-spotify-artist-for-2026|will-artist-24-be-the-top-spotify-artist-for-2026|will-artist-25-be-the-top-spotify-artist-for-2026|will-artist-26-be-the-top-spotify-artist-for-2026|will-artist-27-be-the-top-spotify-artist-for-2026|will-artist-28-be-the-top-spotify-artist-for-2026|will-artist-29-be-the-top-spotify-artist-for-2026|will-artist-30-be-the-top-spotify-artist-for-2026|will-artist-31-be-the-top-spotify-artist-for-2026|will-artist-32-be-the-top-spotify-artist-for-2026|will-artist-33-be-the-top-spotify-artist-for-2026|will-artist-34-be-the-top-spotify-artist-for-2026|will-artist-35-be-the-top-spotify-artist-for-2026|will-another-artist-be-the-top-spotify-artist-for-2026,0x938e6a0a011f9534ffd2d86c65dde3aeb7c66ad06cee29ead70b832179c3b6de|0x0afa82ff8cb4dcf8c7a248ccaf438597619d3a6a4e4463adb109e1a1034d6e10|0xa087422678cebf674c69d2c86a13b89d153951f067f753e0c2044eb991c0652f|0x91ebc8bf88c5f99dd4550cb75255766f638d1932ede36e8eae78a76df0c15455|0x021e7689a90ac39c268a39ddff6269fd0f41ed84ea6833f6e5b7d900569e6d8b|0x29134729ec74a0dbab6ddad9d9a745e4c0b83c59682bdc4b76412c9635d66627|0xfc64306c19c1faab6dee0e3d3bf4b1ec35599692a11eec762a7f54d25bc268f2|0xfdc642275936ee1281df776b1b8a67a35eefbf9095c1266fd178dfa6996ebb4f|0x1cbe7cbbfb481ed76c054bc4c36c6fb966a2d1671d908d0e89e1f22b0adfa1d6|0x3936de01f890af302ca75727b772fe6dffe915ce638a08809042a3a81dd346c0|0xccc031d77df617e8e91edee254bc74189294f37f9453760a4a54a48ae349cf02|0x2a1f6e23e960feb54f4f9a9ad2a14814438eb15add82c0ab2162c6aa85d82d05|0xdd26d42ad0144ca58cc387544b30d73c37bb5e2384856e7f0a43f7385778063c|0x5671cdfe0cd7bb491028318a09cd8a58c4a3aec08c8bf52ca4ea864b81b71deb|0x7094dae71d3864f676dca1d2dbdf3e2f75680d2455ee092afa123393a1379694|0xf8d21f6c9ce701498c5be34686c47c67359e6131d3b4487948fd08170afdd7e3|0x1136ded27eff90e64dd777b71999462573b7be5617756eec787b02580f7e0c4f|0xd9eb3df4ea540d99589852632d5a52a7afb9e49917d0b0a2ad1bab817f6ea867|0x6b80d9ee8fd2365fc0f46fa94a62d0aa9e83a429da6c647269ee7768e4cde70b|0xa353133ef164670c00195d11256facd32c19200fc47c0007c76b97bce42108b0|0x47e170f93007f21b056776db90f2751ab5339e88abccaaf6c366bf417f0e0000|0x0e393a338150a514570751102e04eca47d9280c0379660071f29c87ec27b30fd|0x7b85186707d6d54c7bcc23b21b8bfb9aca460673c00c16a75a0dd427fc620af2|0xe90a9563478a75a476d3d0f2fd9eaaccbd272bd509e08bad7030cf3d11ca6da1|0xacd435398ea72329f29febd454d46e64667948732b378defeb160ff5378307ce|0xf31ea4c9db0192c261100eaf633cc04a48655fe918746e5ea7792fe98fe951c3|0x41d3454f6fd49e1fd9523edaa6d899e199f51e66213310d25612bc2bcc045d4a|0x624f6df7e3f17b9f013167c9b4f1e45938664a9bb2d7a2692d4ae341fa2bb574|0x64600641ad6097553e1388e304e5abc4772c754f3ca3e3479be53e52910ed43d|0x356a2e132711ff190aab70ade982daf08421773a12d4c68f330abe53a97dafb8|0x41d1824b712cc33fe8fd81ac85a4989db894e6415458b6ff03e5d1484d2288e4|0x0b0f9a6d37fd4d649e6f137f3f4a6881de8101d7ec7328edac64d82f8bd3f668|0x841a9118af3952151499c893f02313b507ca62b568edb19ea87789b81cae48ca|0xd90bc315092be80b6c3fd3d5f50c8934a8e5a79652301371309498faae86fcde|0x2a5f1382ba4ebd2a201df273b10b4fc015a92916b5f00224da54b7b4852bce08|0xd80dc19aedd51662a30c10ff0ba8308ecb37ef3427368403b8d6403bc8007645|0x07407acb5ecd753ee7e8a51cd320a4fbd36b2837f3ed231e5af2299ff51c9805|0xd5ac9b3bbd8ed1b878a6ff52196140f1462ed04e46819438c8b8764195921b85|0xeee4ce84939a5eb09f8bdf81f8a49196dea3dd685bbaed18986a2aacbc0d0a76|0x03cd86f3b4dd705b2ce56179bfc47a7d2c699510321ac5e9e084d532e987ea19|0x9e865e680bdb9eb973bfa343d632e8eaba6ae8849dff1e8f071afbeea101bf61|0x4e103dec21540049f40042ca0d5b64ec189a9d493df122580fbf6aed4025bb8e|0x22808be97b260e719220fc4d4606d12fd9ed749c1ca0240fca6bfdb5f61c1a70|0x8a21e3264be023b132715f268050da50e8727542279398ffd5697bee95696193|0x1c3bf5e7d6743a935a21b0d2b6c37d3e1de857792f0f699a3b0cd5b1f871d08f|0x01c25f6927deb04401d24ad4da77b08f8e22dad3d3aec63cdab84876bbddd912,Spotify releases an annual report of its most streamed artist (see: https://newsroom.spotify.com/2025-12-03/wrapped-top-artists-songs-albums-podcasts-audiobooks/). This market refers to the most streamed Spotify artist for 2026. This market will resolve according to the name of the artist listed by ,https://polymarket.com/event/top-spotify-artist-2026
which-artists-will-release-new-albums-in-2026,Which artists will release new albums in 2026?,culture,culture|music,2026-12-31T00:00:00Z,224,2025-12-24T20:58:49.173818Z,22,16,0.00,198943.62,6087.91,5343.67,0.996,0,will-playboi-carti-release-an-album-in-2026|will-nettspend-release-an-album-in-2026|will-justin-bieber-release-an-album-in-2026|will-harry-styles-release-an-album-in-2026|will-frank-ocean-release-an-album-in-2026|will-drake-release-an-album-in-2026|will-lana-del-rey-release-an-album-in-2026|will-kanye-west-release-an-album-in-2026|will-kendrick-lamar-release-an-album-in-2026|will-olivia-rodrigo-release-an-album-in-2026|will-rihanna-release-an-album-in-2026|will-luke-combs-release-an-album-in-2026|will-aap-rocky-release-an-album-in-2026|will-eminem-release-an-album-in-2026|will-jay-z-release-an-album-in-2026|will-bad-bunny-release-an-album-in-2026|will-sabrina-carpenter-release-an-album-in-2026-611|will-travis-scott-release-an-album-in-2026|will-taylor-swift-release-an-album-in-2026|will-beyonc-release-an-album-in-2026|will-billie-eilish-release-an-album-in-2026|will-the-weekend-release-an-album-in-2026,0x9d4b05bf105b6ac1b67427e5b336680507aee28753ac0930333ebb3215eb1ce0|0x0d88f84c2f9abb079d275ad8b2d70a430d4494b9fe6e0116e4936d0ce81f8feb|0x8d16da2d9c02f19254048af42560846ceb0f0bf5da071a0a312df1c58e2b8dd9|0xa2707740b688d3f00f931deaeaf41d404c5a990f6f826b2e7d7c169f9065e1bc|0xc5b751a3ead913be1a0fa6f1f587a52dd1b7fb3a8f15288e43c430d54b6e8d52|0xb17bcd0d25be6ea8882a3ef1d59680441a149cbe9f1bcab63c0b1349fabcb8eb|0x6947d1e419f570b92a6aa509cbb2eaf137fa9a0a1618b669b87a0bb354af3bd4|0x699e4ae5503d2db9c07dede23dfb6a16688ff9ca27b942fe77d966d7919be4ec|0xbf97a4643151b6eaab647a112be686a52133a5f6af3e1bbe2190ef94e38651ed|0x4618b3d681487cd0eb31bb82eb2862bcb572eea220af3f4aa607b14e54ad31fb|0x6a07dfa017ff96c5502d8c2e64cb00b0bdeb8a8426eccae80f2a64e06366ffdd|0x02c2725c5c90f28bca810179821dc8736732b93b92a45e575d99aace1848cb92|0xef5a2ae955173c556de6a787f9aa1442af8460c619eafd161a42d52c4586ceb7|0xc7f679982ec869e043a54456aa4c5003adf265ab96d8c96e09875c9284ed681c|0x8cb3fdbb7faef87d3ce2b0663fe150524029d8ea2fbe07e87f30804208072558|0x2cfc4c6d577109270352159a5ea834e706b4434e27e0fee45cc40bbdf238c78f|0x8cec1aad1e97c1905dc42d46781c6b9fefeb8438ea5215e70aa55948cc3d4c96|0xca634275e74cabcc22dfc4b3528f9d195869aa4827c63005fa817f459dd19ee5|0x986578c2655979e0a8414ce04793c6e8226c7a368c25d1379cd300259cba1c09|0x2d857875438043c1e79a750650b188d313f3b7bd42a27de2b47928260c0ef506|0x00b5fdb186f9b48f34a77c9e04207c39221cdd106c1611d7ae362b8b85b200fb|0xf9bc7aa2347aed345f2c037520c3d5ff9b833cd605dbacb22e40cb8c4f397712,"This market will resolve to “Yes” if the listed artist officially releases a new album between January 1 and December 31, 2026, 11:59 PM PT (Los Angeles time). Otherwise, this market will resolve to “No”. Officially released means that a newly released album is officially available for download or s",https://polymarket.com/event/which-artists-will-release-new-albums-in-2026
billboard-1-artist-2026,Billboard #1 Artist 2026,culture,music|billboard|culture,2026-12-31T00:00:00Z,224,2026-01-08T18:35:45.855562Z,34,34,0.00,127549.09,23779.43,2341.67,0.826,0,will-drake-be-the-billboard-1-top-artist-in-2026|will-olivia-rodrigo-be-the-billboard-1-top-artist-in-2026|will-artist-p-be-the-billboard-1-top-artist-in-2026|will-kendrick-lamar-be-the-billboard-1-top-artist-in-2026|will-sza-be-the-billboard-1-top-artist-in-2026|will-billie-eilish-be-the-billboard-1-top-artist-in-2026|will-tyler-the-creator-be-the-billboard-1-top-artist-in-2026|will-luke-combs-be-the-billboard-1-top-artist-in-2026|will-doja-cat-be-the-billboard-1-top-artist-in-2026|will-artist-a-be-the-billboard-1-top-artist-in-2026|will-artist-c-be-the-billboard-1-top-artist-in-2026|will-artist-e-be-the-billboard-1-top-artist-in-2026|will-artist-g-be-the-billboard-1-top-artist-in-2026|will-artist-i-be-the-billboard-1-top-artist-in-2026|will-artist-k-be-the-billboard-1-top-artist-in-2026|will-artist-m-be-the-billboard-1-top-artist-in-2026|will-morgan-wallen-be-the-billboard-1-top-artist-in-2026|will-taylor-swift-be-the-billboard-1-top-artist-in-2026|will-sabrina-carpenter-be-the-billboard-1-top-artist-in-2026|will-bad-bunny-be-the-billboard-1-top-artist-in-2026|will-the-weeknd-be-the-billboard-1-top-artist-in-2026|will-post-malone-be-the-billboard-1-top-artist-in-2026|will-zach-bryan-be-the-billboard-1-top-artist-in-2026|will-other-be-the-billboard-1-top-artist-in-2026|will-artist-b-be-the-billboard-1-top-artist-in-2026|will-artist-d-be-the-billboard-1-top-artist-in-2026|will-artist-f-be-the-billboard-1-top-artist-in-2026|will-artist-h-be-the-billboard-1-top-artist-in-2026|will-artist-j-be-the-billboard-1-top-artist-in-2026|will-artist-l-be-the-billboard-1-top-artist-in-2026|will-artist-o-be-the-billboard-1-top-artist-in-2026|will-ed-sheeran-be-the-billboard-1-top-artist-in-2026|will-artist-n-be-the-billboard-1-top-artist-in-2026|will-artist-q-be-the-billboard-1-top-artist-in-2026,0xbc27f4df47babdd7d6a51b696d14564aaa5870b6a49607976da21f36d36c7470|0xd9d8a2cb1ce46bfabf87a87e79adca354b1fbe643d6f77e6869cb2203a32c7de|0x04d3bd04cf9df5c043b9d25edc5b368dbfe2b8405a5026f9e4606a3303e6ac2f|0x924e5c02d1d8cc3322f15745fadbf14c745f8e28138762abe758638b16cd93d2|0x7a71a12647464db8f153c79de8a7bb392af01c1e83b20697a154c47311bebdfb|0x1a45316dbed369343a66a803aa5b8b324a59ba190c56602346e2f33b9a467b14|0x3f043edeb702bbabdd11a3e72d85d5845251996cfb4d02fed702a9608ecb305a|0xc2c2e59a10f3a5c437c27a4aefd938cc474b24336539fbb16c925b52e9f315fd|0x306ace7b3332c32f3accfa72932e10f1b3b4bfc05cbd269910bc7a8f9ff1b699|0xa0d28838c266503dc9c32a16917000db1ea147a2e2b68b7300d419cb0888cbe4|0x1f5401f01cec6e58bc10df2dc84417ad381d3bcc54fafd80624fd40734846533|0x3fd8233e0a95fcb405d24b6858f44bae4b1cbe2d0d82a4a3093482ad2d4aeb2a|0x8170509e3f67163cfc7b9f889051f3e8c59ab4992e5801338bec4b68cfb2c8f9|0x73034cb0be8ce5c0382123257d81d65802dfa64ddef951098d15dacc4615f5b7|0x22845e3d435946f307089acbb99bc25bea011ca375085e8c6edcc99944d24856|0x0c32840529db7a965ceffd14db6216be4a62369156a901abf9b3cb60b5f3b375|0x45645b3996c6170c477de5f81a04da30d0df6ebf01acb155733aed37458497c2|0x7e92a918da062830c6e36b3413a338ef9347c79a8609cf397dad14699819d40f|0xb03c796aa51f9123a654408a0af736ad53b103f7233b7c1f8b3261bb671205c4|0xd43c17fd270d5ee49c4cb7a1e970b6cbb0034fd9f011498f82e54c23d9081971|0xbfe96d50581032d229cd39c8d61317fc05cb3314bbdd568e856a89d79ee03a9b|0x830653b1f6f992126fa957ed09200605e11969ca4988a47b9389317a7cec4ecd|0x550ab3b4b686259c5d36304a4a3f98995998ade2d699a3cb1de0ef2f261e34f7|0x74104eda9007602e74924349a141e53a63fef3d1d19a077ceab3f20db242e298|0x051e55a66259fb42b3f380f6ad0db6082d301849d9030ec6a29fb02c1d7e9331|0xcdde9c9ed7ca969f3f556278bdaffd7bd1f532555d8b0316d2b61d5f46138587|0x15d559d864776030517bb5b848aa6f88afedbaeaac00d00d015b45c128197fde|0x82ac6ae53dd8d982df41fa2fe66f3f7b6513d34a90ebee435fc99cb386d9b425|0x8ac0b0b4fd7fdbf6f829e7be1cdf15e83e9106c051b9e97f76778d91adf62005|0x911d84e3b781efa8f1b8976aa5e214900d2a91ea79a584632811a39cf6837f51|0x7982a6bf944a47aee577f5bf555e760c0f52d6a41236366f66d70a7905cbcd90|0xbf971358cd32c1b5b487cc301e23120ba7820deeaac81e125b7091de877bd85b|0x640852222a8d4831ef16dbc9c719b8877e23ac7c4975d029a62e2ec1448058f7|0x0a97c6701aa54f01c127305b1022887795026cf2756885720d5351cdc68311d9,"This market will resolve according to the number 1 artist on the Billboard 2026 Year-End Top Artists chart. If Billboard does not publish a 2026 Year-End Top Artists chart by March 31, 2027, this market will resolve to “Other”. The primary resolution source for this market will be the Billboard Year",https://polymarket.com/event/billboard-1-artist-2026
which-artists-will-have-a-billboard-1-song-this-year,Which artists will have a Billboard #1 song this year?,culture,music|culture|billboard|hot-100,2026-12-31T00:00:00Z,224,2026-01-09T21:31:24.902793Z,28,25,201.28,142342.03,17252.95,7621.32,0.995,2,will-aap-rocky-have-a-1-song-on-the-billboard-hot-100-in-2026|will-bad-bunny-have-a-1-song-on-the-billboard-hot-100-in-2026|will-doja-cat-have-a-1-song-on-the-billboard-hot-100-in-2026|will-ed-sheeran-have-a-1-song-on-the-billboard-hot-100-in-2026|will-harry-styles-have-a-1-song-on-the-billboard-hot-100-in-2026|will-kendrick-lamar-have-a-1-song-on-the-billboard-hot-100-in-2026|will-luke-combs-have-a-1-song-on-the-billboard-hot-100-in-2026|will-olivia-rodrigo-have-a-1-song-on-the-billboard-hot-100-in-2026|will-playboi-carti-have-a-1-song-on-the-billboard-hot-100-in-2026|will-rihanna-have-a-1-song-on-the-billboard-hot-100-in-2026|will-sza-have-a-1-song-on-the-billboard-hot-100-in-2026|will-the-weeknd-have-a-1-song-on-the-billboard-hot-100-in-2026-252|will-tyler-the-creator-have-a-1-song-on-the-billboard-hot-100-in-2026-116-478|will-kanye-west-have-a-1-song-on-the-billboard-hot-100-in-2026-738-548|will-ariana-grande-have-a-1-song-on-the-billboard-hot-100-in-2026|will-billie-eilish-have-a-1-song-on-the-billboard-hot-100-in-2026|will-drake-have-a-1-song-on-the-billboard-hot-100-in-2026|will-future-have-a-1-song-on-the-billboard-hot-100-in-2026|will-jack-harlow-have-a-1-song-on-the-billboard-hot-100-in-2026|will-lil-baby-have-a-1-song-on-the-billboard-hot-100-in-2026|will-morgan-wallen-have-a-1-song-on-the-billboard-hot-100-in-2026|will-peso-pluma-have-a-1-song-on-the-billboard-hot-100-in-2026|will-post-malone-have-a-1-song-on-the-billboard-hot-100-in-2026|will-sabrina-carpenter-have-a-1-song-on-the-billboard-hot-100-in-2026|will-travis-scott-have-a-1-song-on-the-billboard-hot-100-in-2026-882-959|will-zach-bryan-have-a-1-song-on-the-billboard-hot-100-in-2026-615-188|will-frank-ocean-have-a-1-song-on-the-billboard-hot-100-in-2026-969-225|will-mariah-carey-have-a-1-song-on-the-billboard-hot-100-in-2026,0xcb9afce56f5c231235c2e8e93acb3783d8860bd20a0949f55239c3372acc2693|0xa41535b770c2e729f14abf9e31a57440f90a12b3cf2a5471b7b041379becf7aa|0xe45c05ece77ebe05f9ad325001ac226cb9c862b077030b65286891bef5b4859c|0x8249c9c01121afbfd139321c5e6b0348b8fc92b6daa21b62140a40141cf2858e|0xa8dfce0744cb12c234dbc23d20dde4ce14704a8ee4da8c61929abd1d5963c68a|0x0cac4e851f08527d142c537bd80c3c0ccc642e59928354c76f0834c018f8c029|0x51eb1fc36e97b2aebe47baf0ff55a86c280d41cbb0d250a5eadceedc4f6d81d8|0x52beae12febb45586d3d75b8a5322d7ad08325b5861c100d4cd2ebddf27996c9|0x9acd1fad62009e8eaa01a55b680cd2157b62addaeb281e9592ab76d20799643b|0x0e3dadcf791ff5c1b63055ac7401d5994e5f8cac2c423d86ef86bbd40821914c|0xadbe6199f41cbf1881e3cd21d517067f9d1ed12e6e62b003184b7ef3c5d3e7ff|0xbc4dbe5037661f27535ffa738b693d6003053a87c9ee527988d8d4a880a106a9|0xa14cc61e6f812a66efddfae031f0f453c3cbefe2772945f5bc4f8d66bf1e768c|0x3297ab8538e92f2d798ed9cf0036d7306c3bd1dd71c2a6d76756d3b838bf2832|0xa462533e94f104de960b21d755e856b29c875770f0ba25337695da553a17bb5b|0x892d3a913a5ce5fac86c88eb362b7858bfa866f579be5f184bf6cddcb587f6c6|0x14db5fe75bc6f415da24c368c82e30d72fd58fc6ae631df757a0ceac4de5509b|0xf9ab3829eb85b2846f8e4f8d02e3fd035381309c3b5d7a1a04e41e9cba74fd82|0x33af2eb0a55b053264f88a29977837e500c9a4aabdd1da9fcf1ce1428d6aa903|0xc18a8eb1be17702b6c2881d37c303f5addd5e988fdaf39bd4b5178cf4d9e001c|0x45992769df9a4cfd478c7d5ab9450ad1337a98d79d6fbceb502eeba2888c9bc3|0x6c5a6d0c88fd31daf9be8c690fabb78965f0a6996a39ae7b57cd853345d8cd51|0x441f95ffdc8379d6a6b3ecb1f45e9bf13529f0b6cab5efd0196fd1d4d7781e87|0x7a53b692e506d85b2c5d6abcf6d50ec7a76f851764269a1b1bc076dc1b87fed8|0x39bc9d0f88c474302e486a3b1c804dc4d0d39747b84564d9c8328aebded11cb3|0xe90f835a4874a9632d1848f0664cfbb984b2ac0232c0c331988efc9a80e4d56d|0xade5d24a028335c1af2e80dec01422a656226c584455e6852189c39cfebdb830|0x32c9802fd247d6049bd22b038b245d3d92be89c8bdc6e3c06760215643693461,"This market will resolve to “Yes” if any song by the listed artist is the number 1 song in any official weekly Billboard Hot 100 songs chart released for a data collection reference period entirely between January 1 and December 31, 2026. Otherwise, this market will resolve to “No”. Any song release",https://polymarket.com/event/which-artists-will-have-a-billboard-1-song-this-year
will-the-doge-1-lunar-mission-launch-before-2027,Will the Doge-1 Lunar Mission launch before 2027?,culture,space|culture|spacex|science,2026-12-31T00:00:00Z,224,2026-01-07T23:11:01.061881Z,1,1,0.00,801599.89,27551.20,267400.16,0.847,40,will-the-doge-1-lunar-mission-launch-before-2027,0x1f45664dbc61a1044feaa1fcb773bda82e0a936da8cdb2cf3c06125c0f2a4826,"If the Doge-1 12U Lunar Cube satellite successfully launches from its launch pad by December 31, 2026, 11:59 PM ET, this market will resolve to “Yes”. Otherwise, this market will resolve to “No.” The outcome of any launch will be corroborated by examining official video provided by SpaceX (https://w",https://polymarket.com/event/will-the-doge-1-lunar-mission-launch-before-2027
how-many-albums-will-reach-billboard-1-in-2026,How many albums will reach Billboard #1 in 2026?,culture,music|billboard|charts|culture,2026-12-31T00:00:00Z,224,2026-01-13T22:59:07.816777Z,7,5,0.00,13527.40,1404.31,1480.51,0.816,1,will-between-10-and-12-albums-be-ranked-1-on-the-billboard-200-in-2026|will-between-16-and-18-albums-be-ranked-1-on-the-billboard-200-in-2026|will-between-22-and-24-albums-be-ranked-1-on-the-billboard-200-in-2026|will-fewer-than-10-albums-be-ranked-1-on-the-billboard-200-in-2026|will-between-13-and-15-albums-be-ranked-1-on-the-billboard-200-in-2026|will-between-19-and-21-albums-be-ranked-1-on-the-billboard-200-in-2026|will-at-least-25-albums-be-ranked-1-on-the-billboard-200-in-2026,0x4135f18a5282b1d4b96b9e8cd89487cc629f47078c7a76cad2d3cb2c3410b785|0x1b17d72c56689f5e71180b3979c337d9bb9fe48de33490064309598eda149a3d|0x4f26d84fc41bd0f068e3fdff798615562b174e64cd05d2b183e224434dad3c3a|0xa89e26694c4c3f0efcd1b916d1fe1422ba678bf4db2394e74bba14611df333db|0x239acfc5384ad557b245a3de79b4ab88190d87c1060ac9b17041c79acfb4373f|0xb27796a202576774c5e6217d84b853a7e48a35b63b4f6c9170c86e51d17cfab7|0x41f0c4f4ee8770ad40066bbf0b90b21de827ca61241f9ca78dca6a42299e0cfd,"This market will resolve according to the number of albums that are ranked number 1 on any official weekly Billboard 200 albums chart released for a data collection reference period entirely between January 1 and December 31, 2026. Each specific album may only count once, regardless of the number ti",https://polymarket.com/event/how-many-albums-will-reach-billboard-1-in-2026
how-many-spacex-launches-in-2026,How many SpaceX launches in 2026?,culture,space|spacex|science|culture,2026-12-31T00:00:00Z,224,2026-01-16T17:49:39.522209Z,7,7,5.00,301981.25,10732.72,17507.48,0.990,0,will-spacex-have-less-than-100-launches-in-2026|will-spacex-have-between-120-139-launches-in-2026|will-spacex-have-between-160-179-launches-in-2026|will-spacex-have-200-or-more-launches-in-2026|will-spacex-have-between-100-119-launches-in-2026|will-spacex-have-between-140-159-launches-in-2026|will-spacex-have-between-180-199-launches-in-2026,0xf89ba0a4af6cf971d1d6eb1b0fca2194ace4dfb3e492821e16a4ed49a365a5a1|0x29bb6476b63fda2d1324cfb123652c018057e1ba1565e07482e945a24b334816|0x9ca98e91ad1810e7375d0fad4c01dab0ba7001fd9e2391b25569dc0207f508ab|0xec9e92f27a98bc29028aec518993330e7920ac35f40fdea3c51e11d6ddc6acde|0x4f5db8fe5ebb891aee12d90d8ed36d43f900c5179e8574867853e8c9bb0c7914|0xdf246fb418f8f1ab06eab9b1c0e2c6e9bef099f18b8fb74c3eceffbd7410413d|0x48b60dee314c783580a450b88f35e1ca500fd6a7410f1be6a724615f4f389ef4,"This market will resolve according to the number of SpaceX launches between January 1, 2026, 12:00AM ET and December 31, 2026, 11:59PM ET. If the reported total number of SpaceX launches falls exactly between two brackets, then this market will resolve to the higher range bracket. The resolution sou",https://polymarket.com/event/how-many-spacex-launches-in-2026
will-elon-musk-get-full-custody-of-the-st-clair-child,Will Elon Musk get full custody of the St. Clair child?,culture,culture|elon-musk|celebrities,2026-12-31T00:00:00Z,224,2026-01-14T16:04:46.805755Z,1,1,0.00,8967.27,784.30,1731.44,0.846,0,will-elon-musk-get-full-custody-of-the-st-clair-child,0xe7e3a16f91f0c00d9d4f8848301a7bc8dcf045929e4e5f3cd83ca71b4088cfd8,"On January 12, Elon Musk announced he would be filing for full custody of the child he shares with Ashley St. Clair. (see: https://www.eonline.com/news/1427282/elon-musk-filing-for-full-custody-of-son-with-ashley-st-clair) This market will resolve to ""Yes"" if Elon Musk is awarded sole legal custody,",https://polymarket.com/event/will-elon-musk-get-full-custody-of-the-st-clair-child
kylie-jenner-and-timothe-chalamet-engaged-in-2026,Kylie Jenner and Timothée Chalamet engaged in 2026?,culture,reality-tv|culture|movies|celebrities,2026-12-31T00:00:00Z,224,2026-01-18T19:07:06.062591Z,1,1,5.00,8631.89,854.09,2088.61,0.954,4,kylie-jenner-and-timothe-chalamet-engaged-in-2026,0x02669fc2a99383d7b3cd667db3143c0aa34e20347e78d7f992f4e669f71821b4,"This market will resolve to ""Yes"" if it is announced that Kylie Jenner is engaged to be married to Timothée Chalamet by December 31, 2026, 11:59 PM ET. Otherwise, this market will resolve to ""No"". If it is announced that Kylie Jenner and Timothée Chalamet have married, it will qualify for a ""Yes"" re",https://polymarket.com/event/kylie-jenner-and-timothe-chalamet-engaged-in-2026
kylie-jenner-confirmed-pregnant-in-2026,Kylie Jenner confirmed pregnant in 2026?,culture,culture|reality-tv|movies|celebrities,2026-12-31T00:00:00Z,224,2026-01-20T00:43:47.27435Z,1,1,0.00,8264.65,725.60,407.94,0.882,9,kylie-jenner-confirmed-pregnant-in-2026,0x9f0d30a0f21fba00891dd1f9d20df4ae1347e8b8e3eb754fb54c16f017e7da01,"This market will resolve to ""Yes"" if Kylie Jenner announces that she is pregnant between market creation and December 31, 2026, 11:59 PM ET. Otherwise, this market will resolve to ""No"". Only credible announcements will qualify. Pregnancy announcements that are not credible, for example jokes, will n",https://polymarket.com/event/kylie-jenner-confirmed-pregnant-in-2026
will-zendaya-and-tom-holland-get-married-by-december-31,Will Zendaya and Tom Holland get married by December 31?,culture,celebrities|movies|culture,2026-12-31T00:00:00Z,224,2026-01-20T16:55:30.260161Z,1,1,0.00,9611.40,384.07,1062.92,0.569,5,will-zendaya-and-tom-holland-get-married-by-december-31,0xc589adfd317b954b8fd645dec08a41eb3ffa08147a42b113cd8e1df7ac68d674,"This market will resolve to ""Yes"" if Zendaya and Tom Holland's marriage takes place by December 31, 2026, 11:59 PM. Otherwise, this market will resolve to ""No"". Only announcements made within this market's timeframe will qualify. No announcements made after December 31, 2026, 11:59PM ET will be cons",https://polymarket.com/event/will-zendaya-and-tom-holland-get-married-by-december-31
rihanna-confirmed-pregnant-in-2026,Rihanna confirmed pregnant in 2026?,culture,celebrities|music|culture,2026-12-31T00:00:00Z,224,2026-01-20T16:51:17.736009Z,1,1,0.00,18549.67,463.03,1515.51,0.680,1,rihanna-confirmed-pregnant-in-2026,0xc05095d83a028e5b92280325c0b739aad1ffbd9b9fba0f61fb0c119eea339200,"This market will resolve to ""Yes"" if Rihanna announces that she is pregnant between market creation and December 31, 2026, 11:59 PM ET. Otherwise, this market will resolve to ""No"". Only credible announcements will qualify. Pregnancy announcements that are not credible, for example jokes, will not su",https://polymarket.com/event/rihanna-confirmed-pregnant-in-2026
will-dua-lipa-and-callum-turner-get-married-by-december-31,Will Dua Lipa and Callum Turner get married by December 31?,culture,celebrities|movies|music|culture,2026-12-31T00:00:00Z,224,2026-01-20T16:51:26.019153Z,1,1,0.00,1098.51,36.32,623.53,0.227,0,will-dua-lipa-and-callum-turner-get-married-by-december-31,0x0b27e553659839fc6361cb3384dbfe82014807de83f7ac0e588737de28ac1db6,"This market will resolve to ""Yes"" if Dua Lipa and Callum Turner's marriage takes place by December 31, 2026, 11:59 PM. Otherwise, this market will resolve to ""No"". Only announcements made within this market's timeframe will qualify. No announcements made after December 31, 2026, 11:59PM ET will be c",https://polymarket.com/event/will-dua-lipa-and-callum-turner-get-married-by-december-31
will-kanye-west-and-bianca-censori-separate-in-2026,Will Kanye West and Bianca Censori separate in 2026?,culture,music|culture|celebrities,2026-12-31T00:00:00Z,224,2026-02-27T22:07:57.367765Z,1,1,0.00,923.19,3351.72,658.61,0.915,2,will-kanye-west-and-bianca-censori-separate-in-2026,0x19df8d3b2d4765204a06d1ca67b0703e1e7d4c9d049a04aaf91c500233185827,"This market will resolve to ""Yes"" if Kanye West and/or Bianca Censori announce their intention to legally separate or divorce between market creation and December 31, 2026, 11:59 PM ET. Otherwise, this market will resolve to ""No"". An announcement by December 31, 2026, 11:59PM ET of their intention t",https://polymarket.com/event/will-kanye-west-and-bianca-censori-separate-in-2026
justin-hailey-bieber-split-in-2026,Justin & Hailey Bieber split in 2026?,culture,celebrities|culture|music,2026-12-31T00:00:00Z,224,2026-01-20T23:15:06.700576Z,1,1,82.29,9055.08,1381.77,1246.82,0.862,3,justin-hailey-bieber-split-in-2026,0x369a334757b7a931fb8e76c57301c8e98d3563a96f34836eb165d66f5e24395c,"This market will resolve to ""Yes"" if Justin Bieber and/or Hailey Bieber announce their intention to legally separate or divorce between market creation and December 31, 2026, 11:59 PM ET. Otherwise, this market will resolve to ""No"". An announcement by December 31, 2026, 11:59PM ET of their intention",https://polymarket.com/event/justin-hailey-bieber-split-in-2026
nara-smith-confirmed-pregnant-in-2026,Nara Smith confirmed pregnant in 2026?,culture,celebrities|internet|culture|tiktok,2026-12-31T00:00:00Z,224,2026-01-29T21:23:30.570289Z,1,1,0.00,77245.73,211.05,554.40,0.428,1,nara-smith-confirmed-pregnant-in-2026,0xf8516088084627a119244b47e7cb499fd685384ef28a0b6782821582c9339be8,"This market will resolve to ""Yes"" if Nara Smith announces that she is pregnant between market creation and December 31, 2026, 11:59 PM ET. Otherwise, this market will resolve to ""No"". Only credible announcements will qualify. Pregnancy announcements that are not credible, for example jokes, will not",https://polymarket.com/event/nara-smith-confirmed-pregnant-in-2026
which-kpop-groups-will-release-songs-in-2026,Which KPop groups will release songs in 2026?,culture,culture|music|south-korea|celebrities,2026-12-31T00:00:00Z,224,2026-02-03T22:55:24.168176Z,10,2,0.00,124422.62,183.67,1127.23,0.951,3,will-babymonster-release-a-song-in-2026|will-i-dle-release-a-song-in-2026|will-itzy-release-a-song-in-2026|will-ive-release-a-song-in-2026|will-aespa-release-a-song-in-2026|will-blackpink-release-a-song-in-2026|will-illit-release-a-song-in-2026|will-le-sserafim-release-a-song-in-2026|will-twice-release-a-song-in-2026|will-newjeans-release-a-song-in-2026,0x3f7f5d170f5707d6f20c73cf8599d257df3fb6457328d13c64b1171bd191f9f8|0x26facd5fab67b43940ce4689e069ff216d68f64f98e615a0b40dfa4daa0c5367|0x0430bf3a2e805f2ab3345df79d5ca2432efae08bf6b561782373c0f5d6451389|0xeb22fe472c0b33edce50c2f63debda3f0304de4a92ba21af2adf8ba1dd648b83|0x7458f2d2b63d039fa527ba19f37e13a8a31143a9ff930e8be4b81370fbdf5ee8|0x660da3c16153a91abcffc2ec80105cd0df5d80a3fad689c69d09bdd333397ae6|0x6f3cda3b992c0d12e849dee533eeffc1dda691815b53c69c6cccd46bb6e608a6|0x2af5830398c0b1e89eb487d81418b250933bcbecf6e529cb522a2e65c86bc7bc|0xb120fc249bab46492cd6cce7d2d50e36fec9b55482da185a79bca3b88d958727|0xcf30828ba7ae2d80936f5fa4c1ac1d89758aaee98783eaf10bdbaf7841d84515,"This market will resolve to “Yes” if the listed group officially releases a new song between market creation and December 31, 2026, 11:59 PM PT (Los Angeles time). Otherwise, this market will resolve to “No”. Officially released means that a newly released song is officially available for download o",https://polymarket.com/event/which-kpop-groups-will-release-songs-in-2026
will-halle-berry-and-van-hunt-get-married-by-december-31,Will Halle Berry and Van Hunt get married by December 31?,culture,celebrities|movies|culture,2026-12-31T00:00:00Z,224,2026-02-09T22:41:23.51824Z,1,1,0.00,0.00,11.98,1.10,0.330,0,will-halle-berry-and-van-hunt-get-married-by-december-31,0x42349627f1e30adeffe8f0f1f03355847d62ce9d295f7d1c0aaa54d108dd35f8,"This market will resolve to ""Yes"" if Halle Berry and Van Hunt's marriage takes place by December 31, 2026, 11:59 PM. Otherwise, this market will resolve to ""No"". Only announcements made within this market's timeframe will qualify. No announcements made after December 31, 2026, 11:59PM ET will be con",https://polymarket.com/event/will-halle-berry-and-van-hunt-get-married-by-december-31
ngela-aguilar-christian-nodal-split-in-2026,Ángela Aguilar & Christian Nodal split in 2026?,culture,culture|music|celebrities,2026-12-31T00:00:00Z,224,2026-02-09T23:37:28.481308Z,1,1,0.00,38191.78,856.87,23.07,0.630,1,ngela-aguilar-christian-nodal-split-in-2026,0xd5c50371bea5a8e1d1e226befa54e510cc1f546938a2ade3fc6509a4d77f185a,"This market will resolve to ""Yes"" if Ángela Aguilar and/or Christian Nodal announce their intention to legally separate or divorce between market creation and December 31, 2026, 11:59 PM ET. Otherwise, this market will resolve to ""No"". An announcement by December 31, 2026, 11:59PM ET of their intent",https://polymarket.com/event/ngela-aguilar-christian-nodal-split-in-2026
megan-thee-stallion-and-klay-thompson-engaged-in-2026,Megan Thee Stallion and Klay Thompson engaged in 2026?,culture,culture|music|celebrities,2026-12-31T00:00:00Z,224,2026-02-10T23:49:51.22813Z,1,1,0.00,19280.92,1205.24,486.94,0.837,0,megan-thee-stallion-and-klay-thompson-engaged-in-2026,0x37998682bca5ab5889d5f2f432d34f9eb0821806ffc199f829906defbc3053bb,"This market will resolve to ""Yes"" if it is announced that Megan Thee Stallion is engaged to be married to Klay Thompson by December 31, 2026, 11:59 PM ET. Otherwise, this market will resolve to ""No"". If it is announced that Megan Thee Stallion and Klay Thompson have married, it will qualify for a ""Y",https://polymarket.com/event/megan-thee-stallion-and-klay-thompson-engaged-in-2026
love-wins-2026-edition,Love Wins: 2026 Edition,culture,culture|celebrities,2026-12-31T00:00:00Z,224,2026-02-10T23:49:51.226363Z,1,1,0.00,4697.25,1176.75,112.35,0.696,0,love-wins-2026-edition,0xdf9f686ea532c18fa7f63c1927ba726a58b180753cdbdb7afc8a71344d5fbb35,"This market will resolve to “No” if any of the following conditions are met between market creation and December 31, 2026, 11:59PM ET: - Taylor Swift and Travis Kelce do not get married - Tom Holland and Zendaya do not get married - Timothée Chalamet and Kylie Jenner do not get engaged Otherwise, th",https://polymarket.com/event/love-wins-2026-edition
peoples-sexiest-man-alive-2026,People's Sexiest Man Alive 2026,culture,celebrities|culture,2026-12-31T00:00:00Z,224,2026-02-11T23:19:27.222088Z,69,69,0.00,105713.03,27886.12,3027.29,0.932,5,will-bad-bunny-be-named-peoples-sexiest-man-alive-in-2026-617|will-clavicular-be-named-peoples-sexiest-man-alive-in-2026-399|will-person-3-be-named-peoples-sexiest-man-alive-in-2026|will-person-8-be-named-peoples-sexiest-man-alive-in-2026|will-person-17-be-named-peoples-sexiest-man-alive-in-2026|will-person-22-be-named-peoples-sexiest-man-alive-in-2026|will-person-24-be-named-peoples-sexiest-man-alive-in-2026|will-person-25-be-named-peoples-sexiest-man-alive-in-2026|will-person-29-be-named-peoples-sexiest-man-alive-in-2026|will-person-33-be-named-peoples-sexiest-man-alive-in-2026|will-person-35-be-named-peoples-sexiest-man-alive-in-2026|will-person-40-be-named-peoples-sexiest-man-alive-in-2026|will-person-43-be-named-peoples-sexiest-man-alive-in-2026|will-person-48-be-named-peoples-sexiest-man-alive-in-2026|will-person-49-be-named-peoples-sexiest-man-alive-in-2026|will-person-50-be-named-peoples-sexiest-man-alive-in-2026|will-person-58-be-named-peoples-sexiest-man-alive-in-2026|will-timothe-chalamet-be-named-peoples-sexiest-man-alive-in-2026-235|will-travis-kelce-be-named-peoples-sexiest-man-alive-in-2026-854|will-person-2-be-named-peoples-sexiest-man-alive-in-2026|will-person-6-be-named-peoples-sexiest-man-alive-in-2026|will-person-7-be-named-peoples-sexiest-man-alive-in-2026|will-person-11-be-named-peoples-sexiest-man-alive-in-2026|will-person-12-be-named-peoples-sexiest-man-alive-in-2026|will-person-16-be-named-peoples-sexiest-man-alive-in-2026|will-person-27-be-named-peoples-sexiest-man-alive-in-2026|will-person-28-be-named-peoples-sexiest-man-alive-in-2026|will-person-38-be-named-peoples-sexiest-man-alive-in-2026|will-person-44-be-named-peoples-sexiest-man-alive-in-2026|will-person-45-be-named-peoples-sexiest-man-alive-in-2026|will-person-46-be-named-peoples-sexiest-man-alive-in-2026|will-person-47-be-named-peoples-sexiest-man-alive-in-2026|will-person-53-be-named-peoples-sexiest-man-alive-in-2026|will-person-56-be-named-peoples-sexiest-man-alive-in-2026|will-person-59-be-named-peoples-sexiest-man-alive-in-2026|will-another-person-be-named-peoples-sexiest-man-alive-in-2026-951|will-michael-b-jordan-be-named-peoples-sexiest-man-alive-in-2026-511|will-ryan-gosling-be-named-peoples-sexiest-man-alive-in-2026-497|will-person-10-be-named-peoples-sexiest-man-alive-in-2026|will-person-13-be-named-peoples-sexiest-man-alive-in-2026|will-person-20-be-named-peoples-sexiest-man-alive-in-2026|will-person-21-be-named-peoples-sexiest-man-alive-in-2026|will-person-30-be-named-peoples-sexiest-man-alive-in-2026|will-person-32-be-named-peoples-sexiest-man-alive-in-2026|will-person-34-be-named-peoples-sexiest-man-alive-in-2026|will-person-36-be-named-peoples-sexiest-man-alive-in-2026|will-person-37-be-named-peoples-sexiest-man-alive-in-2026|will-person-39-be-named-peoples-sexiest-man-alive-in-2026|will-person-41-be-named-peoples-sexiest-man-alive-in-2026|will-person-51-be-named-peoples-sexiest-man-alive-in-2026|will-person-55-be-named-peoples-sexiest-man-alive-in-2026|will-person-60-be-named-peoples-sexiest-man-alive-in-2026|will-connor-storrie-be-named-peoples-sexiest-man-alive-in-2026-545|will-hudson-williams-be-named-peoples-sexiest-man-alive-in-2026-827|will-person-1-be-named-peoples-sexiest-man-alive-in-2026|will-person-4-be-named-peoples-sexiest-man-alive-in-2026|will-person-5-be-named-peoples-sexiest-man-alive-in-2026|will-person-9-be-named-peoples-sexiest-man-alive-in-2026|will-person-14-be-named-peoples-sexiest-man-alive-in-2026|will-person-15-be-named-peoples-sexiest-man-alive-in-2026|will-person-18-be-named-peoples-sexiest-man-alive-in-2026|will-person-19-be-named-peoples-sexiest-man-alive-in-2026|will-person-23-be-named-peoples-sexiest-man-alive-in-2026|will-person-26-be-named-peoples-sexiest-man-alive-in-2026|will-person-31-be-named-peoples-sexiest-man-alive-in-2026|will-person-42-be-named-peoples-sexiest-man-alive-in-2026|will-person-52-be-named-peoples-sexiest-man-alive-in-2026|will-person-54-be-named-peoples-sexiest-man-alive-in-2026|will-person-57-be-named-peoples-sexiest-man-alive-in-2026,0x4465567f82d86fe0493c5629e53f30ddd2e3e9fc40de7523614480060bcaa745|0xf7cdd53b7a381d8f268200c1094795c79cab414ebb882b3f2df84908deb10803|0x8be71fe409c8380ee375ce32077a9f763348a2e2215b3d420dbd0861789364de|0x53be557ba4bcbfa658fbfcba7c086970a359999d891bdf91f5ca4d2c71f70270|0x2f9548212a20ac6742bc5012e06a5f08ec42b3b71c70ff40fe412f2ee4b5772e|0x682c6f98384eb5c3a3d5315dfaedda65d40b6dd2786d35cd2d38c4e4431fd5b7|0xfaddb32d6a73b29c32b468801ffb68d09af3adbfaa19c61c39c0908c01bda84f|0xf60673360daf7d5b10067926f7e260a7faea529b81316e92ad826158ceb517ba|0x5cc31081b9848d68adfc3e2442b57ab822577f3ab9277f2e179e0c687fe2aacb|0x3f1b79fb18105a1edadc2e139921a8ded81f68d940e58f3d889e819abe33d080|0xc9db63359a1407007b5eaf9745a87e1e68a0b5279acc43ee9a4bd292301a6b37|0xe0b87642ba03b237313cb806ba3fb77a02801b2b58440570e3252df4ea983858|0x8af12a60237599988a7b67dfa2b05302265fde528fc19313225614bdaa41a2e4|0xb02770d366b80d8d31bdacf84b676704daec5d4b39fb7bad95814759581a2c55|0x5f3da33ec24f642cb2d4e6c8244a0a449b1f85a4422a0a97549317f3da0dca03|0xa65f0f7c789ec26d394564239cf7d26a7649f733b38b678de59e05cf2d66a292|0xb5251ea1ab765956895d99fa9e1854a77aa276fdfed2c63e952b0a96bb9c0729|0xff8f438848d6abae91baee12a87f9ee7810c7d3c00e2e67ae9c2c268ace2c426|0xb3c6d6bebd3c37d19b66a2c26fe2110506313ec7b095e0740a68031d0c09732a|0xfe6bdd04167afe593b7a18bf35d77658fcff9189ae5bd18a9332a9d1510421b9|0xd8db0e5bb897bc259698fe8f470d081819bd0c82aefc2133a0d49f27440686ba|0x627ee937f504bab794293b01f9fb8c140e76116efa3f72b1987fe18fb7644419|0x29ea7ae40a881a3d5b4c1c81970d775f14c299bf1ce79be862b41276b2f5ad84|0x3b926f1f10037f0ce0dbc3c4702d8231917976e1a495b2443abe68a8408c5cae|0x6e63ca6fb10a81448f062ed764686e5b3a9b1da034b0cec78e4f1c02d99d4733|0x918490326f2a20f8f0cdfa28e74c5087c274eda1f85b4c0df7a7c4690d0c3d7f|0x5c3dbfad3bd77e1ae267edad93a1e4ae5073f8fee4f7c92e9424ca3f98b2bbe5|0xe28cacda61163b55ddd1cda59792fc53699bf7bbbdb999a599de0b77b6a4714a|0xe95595d81691d3651f03d8bba01bc39d18d82d53df4b228756acca4027e0e514|0xc756acc4de87820e9a084ba2f0dfb5004c37079f2219765118a4c40400adfcb5|0x5649739ef2315a244dc04144765f4863ac08f44e28eee0314652cd622b40fa37|0x4f1a4e4a812e465880353416baa5dfb4bf28fa072532a7566b016e9ab2cf29a3|0x48b8f1604fcc90ca53efec34a0ae8b9148f49c7c000c748fdd21fde2d1aa3601|0x91153defd74ee49f856a77f722bd3360092f0be3cf503d2fe13d690f54333ee8|0xc5c455bbbf52963eb06fe65ee202053e92ca2f7a082876d2696d8a6535f3b4c4|0x4b8184a04ee7aab1148bb73e04256bd2487fddacf26e51903b858e362d0ce734|0xbe3d09c20ef2e0006e7c1ac42d720bee13f5ec6888160d779a048a6e3543a3b0|0x8544e4036d07137650f4fd58f956afe172c441bb86481adead2c9996e50abb3a|0xe9eba8b81386d4b3ab7d6840cb691b0f660735e6bcfdec1a39b3a1c7f806eadf|0xfd311b20631f4e47ec96b308694b613a812896b717a90a7e69d432e2b13da749|0x62008c90c68351c626be4948d59680b05b07b0489d672c5a474d1ed80bf7c343|0x454e5321c7f53e31419adf5b7694de0dd4b1fbb6c2d247b6efa87d059a96fa6a|0x5380599fbec1f900febfee9efbf4ece529088177e6cb6d96e50929cd2d08a686|0xe389973921cbb77858805bd75861d2f04e1658e4330f0ad3194a5c77ac70d11b|0x0e84df83def31da5f1a10c182cea46ee4f06488ef7b354143ac97adff61151e0|0x896384a0be64c68df66efb7dae50a166136ebdcc4e37dc69682a7efb5ec3db44|0xd5e6cf0e91a4fec970c0f644db137b898fde1382468686025e79026594ae47f0|0x7feea6ced4ad2af62145278b71df87b9debfc563b0d18569ba21753f40ccaf0a|0x032c6522ac9ca120e4e1aba43a3d374a83da6cd2c6ec48122ca2f1c3f9767f6a|0x9068e9c9fbfcecb48207c8751b2ce1743753a68a9128013e586d5264096e768a|0x760422a2fd2bdbf252853a05618e1d5e132cae3a56120fd9fffb0f4b8b005a0f|0xd6631d224dc70c42d673c9eb76394f918f02dd113c4218625b23be5611196c09|0xe10fc4d148f46fb57b8ced09ea771009035d50df28cedcd45150004d3e2be034|0x34f6849f2f6d6d7ab6830a62d0a4f13f458b63f27322224cad453b8d642417d1|0xe96eeb79dd5c065bd09d105706c03a58672c66d171659e95ac191adc6c14c085|0xd52e596a51e3807e6f30b13ad2795ce59cc6812403085777715d3dde6d0f2200|0x97faacba1b0cc5b26d7882f8a9850fcac193b2b1b7666176fc5865395bd94d6b|0x034d2f1c71f43725f68e89c27135523eca4b24c2b82450bf344cfe94ae96973f|0x9e5bc6dc2aacc4173ae258561dbb54737aeaa6c907b9e5a747d8f5d0bbdc90a4|0x2d2e6be60add5e9901e5623cd30a2e7cc3b141192eb30eba71b54b235f431340|0xe3d1bf517fdde40dc3351512d0a21ac6641e91f9fa3d64c7faa8d320aa365082|0x4d2b333a9e5362a98792d4d8a2bdb0a769ca5a46fafe76ab1ccd64eee8f24842|0xad96f3dea27c47373d18b9ecf093cfdcd1912b5019f0454b685d064436c3ea1d|0x4f6b0bb1ce981dc3da0441760b2b1105ce4ecaec0ddd6442fead2e59a05a5de3|0xf444afbb968f07d260fc6890e6e5a151bcc57b0b8f7923796818bc7e51f248cf|0xbfe1e70d52309a0c752c33e352e5e594d53e1a64d4c05c3d3cec30b940586dbf|0xc20c3b9693d9c0d7465ae3a893e1a09ad91d4a67eb736bbc7879a6e2169330af|0x76787f8d1c22a1b4b85ab0aa409ab555b03989550763ac38f88d6b5202f5f814|0xe9bed6d046b4dabb781ac8b3706c517c002124898b605d4fa7e66382fda1ad02,"This market will resolve according to the name of the person who is named People Magazine's Sexiest Man Alive. If more than one person is named Sexiest Man Alive by People Magazine, this market will resolve in favor of the person whose name comes first in alphabetical order. If no Sexiest Man Alive ",https://polymarket.com/event/peoples-sexiest-man-alive-2026
will-mrbeast-get-married-by-december-31,Will MrBeast get married by December 31?,culture,mrbeast|youtube|culture|celebrities,2026-12-31T00:00:00Z,224,2026-02-16T20:27:21.574371Z,1,1,53.43,37012.27,1372.48,4727.62,0.981,2,will-mrbeast-get-married-by-december-31,0xe3e3ea3640ba60e6a1b3717134025df41af327d15f51bdcd97fae99a4b56465b,"This market will resolve to ""Yes"" if Jimmy Donaldson's (aka MrBeast) marriage takes place by December 31, 2026, 11:59 PM. Otherwise, this market will resolve to ""No"". Only announcements made within this market's timeframe will qualify. No announcements made after December 31, 2026, 11:59PM ET will b",https://polymarket.com/event/will-mrbeast-get-married-by-december-31
when-will-project-helix-be-released,When will Project Helix be released?,culture,culture|xbox|games,2026-12-31T00:00:00Z,224,2026-03-09T22:15:43.901764Z,3,3,0.00,34.11,61.31,34.11,0.835,1,project-helix-release-by-june-30-2026|project-helix-release-by-may-31-2027|project-helix-release-by-december-31-2026,0xdd0a1df8263df40b558db448ecfaf3a84bf0f77013fb2130e1d93c391ec6b0ee|0xa0ceac2af2a843a1d74242ad1f7bc111bf51adb9ba7f70c219d886b0c62def19|0x20484a65ac63697b866eaa55e0345a805f95c3488ccf419a1b8abe48b2af32ef,"This market will resolve to ""Yes"" if Microsoft officially releases Project Helix by the listed date, 11:59 PM ET. Otherwise, this market will resolve to ""No"". A qualifying product must be acknowledged to be part of Project Helix and be recognized as a major Xbox console, similar to the Xbox Series X",https://polymarket.com/event/when-will-project-helix-be-released
elder-scrolls-vi-released-by-december-31,Elder Scrolls VI released by December 31?,culture,games|culture,2026-12-31T00:00:00Z,224,2026-03-18T21:20:06.318609Z,1,1,314.10,1550.61,1713.08,973.17,0.807,1,elder-scrolls-vi-released-by-december-31,0x5683743c137e4ebbe8b69e99919aeaf67e4adb3606cfdf7c717b2324927d28a7,"This market will resolve to ""Yes"" if Elder Scrolls VI is officially released in the US by December 31, 2026, 11:59 PM ET. Otherwise, this market will resolve to ""No"". For the purposes of this market, ""release"" refers to the game becoming publicly available for purchase or download in the US. Early a",https://polymarket.com/event/elder-scrolls-vi-released-by-december-31
clavicular-sentenced-to-prison-114,Clavicular sentenced to prison?,culture,clavicular|culture,2026-12-31T00:00:00Z,224,2026-03-27T21:34:30.858763Z,1,1,394.51,62593.63,5260.90,12048.31,0.907,13,clavicular-sentenced-to-prison-114,0x9c9ec7845f2102afe45b0987351d9fc146e38ed523b55323c82bda4439451597,"This market will resolve to ""Yes"" if Braden Eric Peters (known as Clavicular) is sentenced to any time in jail/prison for any charges, by December 31, 2026, 11:59 PM ET. Otherwise, this market will resolve to ""No"". This market will remain open through December 31, 2026 or until Clavicular is sentenc",https://polymarket.com/event/clavicular-sentenced-to-prison-114
who-will-win-big-brother-argentina-2026,Who will win Big Brother Argentina 2026?,culture,reality-tv|celebrities|culture,2026-12-31T00:00:00Z,224,2026-04-01T21:38:31.827605Z,49,49,6.36,112.60,33.04,181.88,0.468,1,will-andrea-del-boca-win-big-brother-argentina-2026|will-daniela-dani-de-luca-win-big-brother-argentina-2026|will-juan-juanicar-caruso-win-big-brother-argentina-2026|will-lola-lolo-poggio-win-big-brother-argentina-2026|will-luana-fernndez-win-big-brother-argentina-2026|will-martn-rodrguez-win-big-brother-argentina-2026|will-jennifer-pincoya-galvarini-win-big-brother-argentina-2026|will-contestant-a-win-big-brother-argentina-2026|will-danelik-galazan-win-big-brother-argentina-2026|will-eduardo-carrera-win-big-brother-argentina-2026|will-emanuel-di-gioia-win-big-brother-argentina-2026|will-jessica-la-maciel-win-big-brother-argentina-2026|will-lola-tomaszewski-win-big-brother-argentina-2026|will-franco-zunino-win-big-brother-argentina-2026|will-contestant-o-win-big-brother-argentina-2026|will-contestant-t-win-big-brother-argentina-2026|will-contestant-v-win-big-brother-argentina-2026|will-brian-sarmiento-win-big-brother-argentina-2026|will-cinzia-francischiello-win-big-brother-argentina-2026|will-franco-poggio-win-big-brother-argentina-2026|will-nazareno-pompei-win-big-brother-argentina-2026|will-yisela-yipio-pintos-win-big-brother-argentina-2026|will-contestant-d-win-big-brother-argentina-2026|will-contestant-g-win-big-brother-argentina-2026|will-contestant-j-win-big-brother-argentina-2026|will-contestant-s-win-big-brother-argentina-2026|will-contestant-z-win-big-brother-argentina-2026|will-manuel-manu-ibero-win-big-brother-argentina-2026|will-solange-sol-abraham-win-big-brother-argentina-2026|will-catalina-titi-tcherkaski-win-big-brother-argentina-2026|will-yanina-zilli-win-big-brother-argentina-2026|will-contestant-b-win-big-brother-argentina-2026|will-contestant-e-win-big-brother-argentina-2026|will-contestant-f-win-big-brother-argentina-2026|will-contestant-i-win-big-brother-argentina-2026|will-contestant-m-win-big-brother-argentina-2026|will-contestant-n-win-big-brother-argentina-2026|will-contestant-r-win-big-brother-argentina-2026|will-contestant-u-win-big-brother-argentina-2026|will-another-contestant-win-big-brother-argentina-2026|will-contestant-c-win-big-brother-argentina-2026|will-contestant-h-win-big-brother-argentina-2026|will-contestant-k-win-big-brother-argentina-2026|will-contestant-l-win-big-brother-argentina-2026|will-contestant-p-win-big-brother-argentina-2026|will-contestant-q-win-big-brother-argentina-2026|will-contestant-w-win-big-brother-argentina-2026|will-contestant-x-win-big-brother-argentina-2026|will-contestant-y-win-big-brother-argentina-2026,0xc1426ea8467520d846ab60f8817ccc80954787bd667b8b3338e79333f1b43791|0x25b48ebf0062c70f934022cb0209dca4980afb41bebc6ac732af7fb977273597|0x6a8e46aa0d01a7fc97c01d3ccf7ab76029eeb898cd83fb66e232bac96a2ef204|0xf28fa9fff27d87dc23b71953cd4b8aae7df6f35056ae43720ba8c63a6cb9f089|0xb965c524edb372551c3cc7063b3e5cc65751d3ccd67e988583c2c180a5821a61|0x6f331ed0ab9e5360a6db224b6c9be8827baabad08e7c90a20dffa971389e5426|0x0f3597b6647e97f5219b754dffeb7d08c537b5e6061ac7d40ffbfa3ddb0e74c1|0x9b3c97dc343b8fa51850d2e1d7941a253a8b456b5df33fa93d7c07a506d62ea3|0xa9d0d0a8b60e1c8360b11221f55ca94d8dee2958b0d0cae3a38970395c07bd62|0xd5120c1a292bad3b3dd2ed39d722476b1ef23149478b71ec270bab98f72033a2|0xeddb9ec94cb82aee161b6623ebfe51ee9fd065189bef92e4da6eec5140a90dcd|0x757982a393c2783a98cb2815bff87abd95c3eb5c16fb3eff390853bee9b38534|0x9078d2212bfb8d1a07afd6145226f7e8d76ac5c69465ec055b1b53bc1ba2a622|0x533f36d0bba2195a86d309e535096016e5ba0b33134aaa252845057310f3bf53|0xfd9fca033882a9dbfdcea19b581ecf8ec4fc242c4a53515af7bd45eb09267a2b|0x2ccb59cd52c1c5358da1f53e4d1ec73a0dff46c18ae8aad40aea438818eb3612|0x1507268cb04a14f1fe998f468b6a62430656994dabed6dae9e45d6de39d9e69e|0x9f86d5d9a34130dc7d04bf5f8cc6690c409d757d47b93765a24bc45416e40bab|0xc1c211776c6e145a3ab63baa4c11aaf06db569cfd3abee9f5ea3b8c539dc701c|0xb1552df35ed0b0b0bd1648ba7594bb31aee41d5eacf9880b2548ba3039839d01|0x7bf3d3f387aa5828e57bbbec3d8cef31c267de5fe1c141d14281aaee1901f5f4|0x37240791d6488e1242a5c2bb60a28ed5164fb2d3e2400ee1e581f3536b37a3b6|0x091338f2d2cbd4d453382db6ce487b5f01faee77bdb422730acdd0be4393dcc0|0xb17ac88b3fee760aab683d85f810f36a1727db34aa53ad235b291772e7d7462a|0x5fa9a1cec7ec73fd2f2c64f80cf88990e05cf993775055e85b59071c624fafe4|0x8e9092baa15533411d273c192b0bb2e4b4387703b53b322fd6c56d1cfae13fc5|0xddd74c85673e5740671ecf513293c17564426f4c6ad10e2010f70596c2c0df92|0x66916de00e599992c0b55f9fb3f54f84a30cf3700e22fa358729b3edc092ffd5|0x66f90b33164fcfa2ae03ff7ce53a96207abc12ba0ada5bc16025815c75c062ad|0xb86206fc4941cd3737a694d1cb2f126e9cf8c6fc97623a25cb2129d52e44455f|0x86d7afde579f2c1e168ed79c22f97561013b75cfbd48de6a0b848e6399c60b5b|0x35f19a9a34c38edce3e60f7fd0293be87320f24d69e4e3b3fc8115a350f2ff52|0xc388ee0e7c0cfd4fefc02862636543195312fd90908f5bdde6368655bae03e1d|0x34637f27923e2e9326589a808c281cfb68106d76884cd220fa2234334d00eab3|0x57cea37e265c7eb02f4d00d07140d807612c1955c19bd07d0a0252a6a11d190e|0x2aea542c058983c394dc227ebd915d01d3709d5b5e0e48ca9fc8b7a82fa513ed|0x22c6a2a0eff6b8708de3be2389071186c9e4dae39d168943830bf959ff3a5092|0xe4ed14ea60ef6ea9278bc06bbcf538770d661c3daaad80f3e496a47e7226e248|0xc5f804dbf9c8e876f6cc01aa7ebd4483a07cc7064a4d6ecf0a0c48b94836bb8a|0x973362cbfaa5bf365afe592bd87ac8d4fd7683de8051711327554915ca407004|0x6caab821a1423e63b2ac1ea3d7b1b33e0a91840de9dab4d852bb81fdd6bb69f6|0x7b877d86ba1c33cf27fd30bb1215d1a8fdb144f995bfdea923ab15b2bb2e3cdb|0x877c73d3e1e6e6fbb4b330a02af4fe63deba33d881be11da68e22d24be3babc8|0xaa13f5bf9c788c12cc550bde52e2c79d42491693e1fa393c42a57807e62f1c41|0x4b6cdf0739c16270c9b9a963e23ce86073bd4ba3c36d407f90a51d94ae8df82c|0x313496641dddd16c0dadad9cbb29094a8454d8e6cbc7c32696560af5c5d5d5f4|0xd29a688ec556239e3a4ef8b43df24a29057cd1b871b37f54f64c2431f41363d0|0xf40bfdd98b220b5f6f5a89c3da14c26424faefee17100818c68a0036261102ad|0x35163beaa94bbeb2e6c779e85368ff3bdc7a69dd65c95f2a645f6ad79971f190,"This market will resolve to the contestant who wins Big Brother Argentina 2026. If Big Brother Argentina 2026 concludes without a winner being declared, or if Big Brother Argentina 2026 has otherwise not concluded by December 31, 2026, 11:59PM ET this market will resolve to ""Other"". In the case of a",https://polymarket.com/event/who-will-win-big-brother-argentina-2026
will-taylor-swift-release-taylor-swift-taylors-version-in-2026,"Will Taylor Swift release ""Taylor Swift (Taylor's Version)"" in 2026?",culture,culture|music|celebrities|taylor-swift,2026-12-31T00:00:00Z,224,2026-04-02T19:28:08.56607Z,1,1,0.00,1559.83,1584.46,1186.09,0.994,0,will-taylor-swift-release-taylor-swift-taylors-version-in-2026,0xc5c6b04f17dd3844b3abc609d0a9bcbf2f0fc377122ff73244695cf6966cca03,"This market will resolve to ""Yes"" if Taylor Swift releases a re-recorded version of her debut album ""Taylor Swift"" by December 31, 2026, 11:59PM PT (Los Angeles time). Otherwise, this market will resolve to ""No"". Officially released means that a newly released album is officially available for downl",https://polymarket.com/event/will-taylor-swift-release-taylor-swift-taylors-version-in-2026
which-movie-has-biggest-opening-week-in-2026,Which movie has biggest opening week in 2026?,culture,movies|culture,2026-12-31T00:00:00Z,224,2026-04-16T19:27:12.785398Z,36,35,79.38,14577.52,30634.33,1757.15,0.981,1,will-the-odyssey-have-the-best-domestic-opening-week-in-2026|will-spider-man-brand-new-day-have-the-best-domestic-opening-week-in-2026|will-the-hunger-games-sunrise-on-the-reaping-have-the-best-domestic-opening-week-in-2026|will-avengers-doomsday-have-the-best-domestic-opening-week-in-2026|will-movie-k-have-the-best-domestic-opening-week-in-2026|will-movie-l-have-the-best-domestic-opening-week-in-2026|will-movie-m-have-the-best-domestic-opening-week-in-2026|will-movie-z-have-the-best-domestic-opening-week-in-2026|will-another-movie-have-the-best-domestic-opening-week-in-2026|will-dune-messiah-have-the-best-domestic-opening-week-in-2026|will-the-super-mario-galaxy-movie-have-the-best-domestic-opening-week-in-2026|will-movie-a-have-the-best-domestic-opening-week-in-2026|will-movie-b-have-the-best-domestic-opening-week-in-2026|will-movie-n-have-the-best-domestic-opening-week-in-2026|will-movie-o-have-the-best-domestic-opening-week-in-2026|will-movie-p-have-the-best-domestic-opening-week-in-2026|will-movie-q-have-the-best-domestic-opening-week-in-2026|will-michael-have-the-best-domestic-opening-week-in-2026|will-star-wars-the-mandalorian-and-grogu-have-the-best-domestic-opening-week-in-2026|will-toy-story-5-have-the-best-domestic-opening-week-in-2026|will-movie-g-have-the-best-domestic-opening-week-in-2026|will-movie-h-have-the-best-domestic-opening-week-in-2026|will-movie-i-have-the-best-domestic-opening-week-in-2026|will-movie-j-have-the-best-domestic-opening-week-in-2026|will-movie-v-have-the-best-domestic-opening-week-in-2026|will-movie-w-have-the-best-domestic-opening-week-in-2026|will-movie-x-have-the-best-domestic-opening-week-in-2026|will-movie-y-have-the-best-domestic-opening-week-in-2026|will-movie-c-have-the-best-domestic-opening-week-in-2026|will-movie-d-have-the-best-domestic-opening-week-in-2026|will-movie-e-have-the-best-domestic-opening-week-in-2026|will-movie-f-have-the-best-domestic-opening-week-in-2026|will-movie-r-have-the-best-domestic-opening-week-in-2026|will-movie-s-have-the-best-domestic-opening-week-in-2026|will-movie-t-have-the-best-domestic-opening-week-in-2026|will-movie-u-have-the-best-domestic-opening-week-in-2026,0x1b58ddf8c1725f6eb3e57eaa2707a5c65083a361191e2c5701cd9f0b538be791|0x5e38b77551a62c844b4250a569ec2652f522b01312e428842bf03337405a555a|0x7633d90db17a6e43c5f6748d7e71ec1bfe45e2c1741d69409a4f42d7a864b8c5|0xa05d8a684b40450d2b8a8fdf07df0b50089de97f675bb4489ffa81b00abb60c4|0x0a277f9c8b54d79132cad178fbf06e8d176699e9a2652606e712579f5256653b|0x58ecd79903ea874512e4cc9879bd961c2815872423836cc7bbfd859104b5cdba|0x21cc24bb208c4ce7e0f66a32ad1b9f207f6506d44c0b3faee262d309060d752b|0x17e962485fa0c0a2703414f29683bea957214b225c2387b77d3766a32536684a|0xb693447342c3a75527d1da06fc9a1dcf189fa4075b55464b923032c9e97c7e28|0x5416ffa09e4ba9a1762a293a2d22bd8b815dbb0ffa3bb6018c23589d9ca0376e|0xc92669ffb44a1544c5baf855dd3fa637da6d06c3d2fe419442bd4a1bbd723ab2|0x4d38a1314253dc2f0a54f2ec57a876506f7d18f5afbd6e5451f253fb459c92a8|0x4db61e17f0e1de353bdf222d0ad6b1a49a43daa41b0f0d9802e69fe9c3fba1a2|0xaa4295c010eee2262e5806edbfc4fb5e58e83f330c52b58f695ceffae9ccd114|0xb530cf94862a123e818a67c94e2babed9c51c892fee262f6ecc10f1d22dea193|0x9f9f734cf71d02f6c45eb38288eff115ff19409564269483cb2d518b802420f7|0x840a83a44fe34c0a97b9f0ccfe5d7a5c6912bf8b34c6099cd327465c5e22427f|0x24d37fabdb76513b274523361fb878cdec1a8226bf4fbfc87a6411ad5a1a2b4d|0xb35ee689c6ff78af433c3c24f3be5fad3e50fe2bc4dc31d2b89855aa8887ed76|0xbaf6c46a63acfeb05de6db22cb5041d13f7e57a0c9e45f3a1c8cd83ab6416089|0xa84a5a0e4ed834768aa1f0208c82f30639f674687113488a6e103f43c1fbc7eb|0xb11f09bf1b459c578382857bc961ada2bf33ab1e118d733de761c918eb5941a5|0xff2989f9ea387bbd35bed325efff20915c3bdac6691919d7bed76d863ee27278|0x98c2bb6ec99d4c5d48979ad60f087629f447250a2a2417c4d0b55af99f380bc9|0x3b0055c8a0b5ab104cb98ccf5d12c8b194ddba512cff706bf16029629d91c717|0xf3b9c11fa6b20a66c10ab121bb9b447e7e24054c32c595c9d275351212d5491d|0x7f63c35110ad51253eda12b47c522be8b8955976a8b259aa0f334301dca40efa|0x78a3a74c028c41af95e37a04402f21c5c335cbd6932039af187305015c43da47|0xb6201a786abcb6e56d95f0843bb8139fb89e6111f2a86e4cbad31115090d273c|0x5fcebb7d52367f9486023d8425dcf0041a37e6c0b2cb783f2cd8e85d3a7e423b|0xd9fbcaccefc458db2f882d31658e5e083ac8031f4b5f78a7141b53323edc6d2f|0xdaf85674143bb21b84c5a9f94aa88a557773a80e9e69b585c545f2a2d0a9afbd|0x1b913142eca595bb8f763559ac04fba36d399faff512446f21bf6f6c2588b83b|0xb952a5a7c4c596862e3b8d465cf0591eacc8f940f217ccbc98f7081aaa469381|0x2095672a947e3702be1c0d96330252b152bae19bc89618a16cbc6fe2433116e8|0xf86d08d442a1bdb27ecf426ebf49c3055247461ef84fce02e8e7b964e2d78be2,This market will resolve according to the title of the movie which grosses more domestically on its opening week than any other movie in 2026. The “Weekly Box Office Performance” table on the page for the relevant movie on https://www.the-numbers.com/box-office will be used to resolve this market on,https://polymarket.com/event/which-movie-has-biggest-opening-week-in-2026
alix-earle-on-call-her-daddy-by-december-31,Alix Earle on Call Her Daddy by December 31?,culture,alex|culture|celebrities|alix-earle|cooper|podcast|alex-cooper|earle,2026-12-31T00:00:00Z,224,2026-04-17T21:57:35.273587Z,1,1,0.00,1.16,129.57,1.16,0.618,0,alix-earle-on-call-her-daddy-by-december-31,0xeca7382ee8d68b9eae2afd6177302c4e8d3f0c8d26bc35904c552d197e7e2b71,"Host of popular podcast ""Call Her Daddy"" Alex Cooper and influencer Alix Earle have been having an ongoing falling-out as of market creation. You can read more about that here: https://www.eonline.com/news/1430947/alex-cooper-alix-earle-feud-explained-what-they-said. This market will resolve to ""Yes",https://polymarket.com/event/alix-earle-on-call-her-daddy-by-december-31
hailey-bieber-pregnant-in-2026,Hailey Bieber pregnant in 2026?,culture,music|bieber|justin|culture|celebrities,2026-12-31T00:00:00Z,224,2026-04-20T21:22:39.285545Z,1,1,0.00,30.54,19.68,21.80,0.706,0,hailey-bieber-pregnant-in-2026,0xc496ee9f54964fcba972e2d774f7d069f067b3631985837b34806e7eeb68e2ea,"This market will resolve to ""Yes"" if Hailey Bieber announces that she is pregnant between market creation and December 31, 2026, 11:59 PM ET. Otherwise, this market will resolve to ""No"". Only credible announcements will qualify. Pregnancy announcements that are not credible, for example jokes, will ",https://polymarket.com/event/hailey-bieber-pregnant-in-2026
who-will-win-dancing-with-the-stars-season-35,Who will win Dancing with the Stars: Season 35?,culture,culture|reality-tv|celebrities,2026-12-31T00:00:00Z,224,2026-04-23T14:17:14.904551Z,53,53,0.00,0.00,11.43,0.00,0.120,0,will-contestant-16-win-dancing-with-the-stars-season-35|will-contestant-18-win-dancing-with-the-stars-season-35|will-contestant-20-win-dancing-with-the-stars-season-35|will-contestant-22-win-dancing-with-the-stars-season-35|will-contestant-24-win-dancing-with-the-stars-season-35|will-contestant-26-win-dancing-with-the-stars-season-35|will-contestant-28-win-dancing-with-the-stars-season-35|will-contestant-30-win-dancing-with-the-stars-season-35|will-contestant-32-win-dancing-with-the-stars-season-35|will-contestant-34-win-dancing-with-the-stars-season-35|will-contestant-36-win-dancing-with-the-stars-season-35|will-contestant-38-win-dancing-with-the-stars-season-35|will-contestant-40-win-dancing-with-the-stars-season-35|will-contestant-42-win-dancing-with-the-stars-season-35|will-contestant-44-win-dancing-with-the-stars-season-35|will-contestant-46-win-dancing-with-the-stars-season-35|will-contestant-48-win-dancing-with-the-stars-season-35|will-contestant-50-win-dancing-with-the-stars-season-35|will-ciara-miller-win-dancing-with-the-stars-season-35|will-contestant-1-win-dancing-with-the-stars-season-35|will-contestant-3-win-dancing-with-the-stars-season-35|will-contestant-5-win-dancing-with-the-stars-season-35|will-contestant-7-win-dancing-with-the-stars-season-35|will-contestant-9-win-dancing-with-the-stars-season-35|will-contestant-11-win-dancing-with-the-stars-season-35|will-maura-higgins-win-dancing-with-the-stars-season-35|will-contestant-2-win-dancing-with-the-stars-season-35|will-contestant-4-win-dancing-with-the-stars-season-35|will-contestant-6-win-dancing-with-the-stars-season-35|will-contestant-8-win-dancing-with-the-stars-season-35|will-contestant-10-win-dancing-with-the-stars-season-35|will-contestant-14-win-dancing-with-the-stars-season-35|will-contestant-12-win-dancing-with-the-stars-season-35|will-contestant-13-win-dancing-with-the-stars-season-35|will-contestant-15-win-dancing-with-the-stars-season-35|will-contestant-17-win-dancing-with-the-stars-season-35|will-contestant-19-win-dancing-with-the-stars-season-35|will-contestant-21-win-dancing-with-the-stars-season-35|will-contestant-23-win-dancing-with-the-stars-season-35|will-contestant-25-win-dancing-with-the-stars-season-35|will-contestant-27-win-dancing-with-the-stars-season-35|will-contestant-29-win-dancing-with-the-stars-season-35|will-contestant-31-win-dancing-with-the-stars-season-35|will-contestant-33-win-dancing-with-the-stars-season-35|will-contestant-35-win-dancing-with-the-stars-season-35|will-contestant-37-win-dancing-with-the-stars-season-35|will-contestant-39-win-dancing-with-the-stars-season-35|will-contestant-41-win-dancing-with-the-stars-season-35|will-contestant-43-win-dancing-with-the-stars-season-35|will-contestant-45-win-dancing-with-the-stars-season-35|will-contestant-47-win-dancing-with-the-stars-season-35|will-contestant-49-win-dancing-with-the-stars-season-35|will-another-contestant-win-dancing-with-the-stars-season-35,0x404088530e450d1b4033d2a5fd39710a312761cbe042e1875e7bb43a2d7828af|0xb20971a52d417e32614320e9102a07a52ce30beaa9880b4bb9ca8f24207ce80f|0x077e782b160da3bf6ae028f9a6998d335578c4a2c6d9178dee94e47d01630802|0xd4d3117812f762233d337f93041d74a764b19bb5e999a3ae960b774d23c53b86|0x84de40f48b2f0798c637e4e19ba747691ab31a1948efc9204ea1e1eb9cdb6b34|0x73fe7aadb133d00e886fd5c236f3f813e65d8274213ed2435647ae031056510c|0x12157cb1ef5de6e304440b493886bf4070397ddabda51259f986ed2ef33ccd78|0x8eb8c6cc216edcec00294fef1dcc6fa1c53966fbcae699b909842f7e14885016|0x1d11c5118c7f01570749739b997ac7d378c3b407c1aae6de1faee93bf4b12f2a|0x977533a4863b884cb9345da54616b70808493adba3b7bfe6156a2f27eae7c069|0x5930df79f0e8f8c6cf2622bb922bae83f370034a9ced0975a3fd4ec0c79d5d51|0x99d29399430fa53be36ceb59ec3f118194324e6299be30b4b41ea864e83d17cc|0xb53c2b858a984f588803c6b75e90dae4d22ace5041a9c55481f1e344588a2519|0x84a5462e027a63a158c0ce075a69b8d2ce593417b5f882ace9041955d17815bf|0xc3307535c3cca92ec4f25345ff9cb6ffafd33ef38292eb7fa4d97ea03c2c3bdb|0x6da782a2cf125d0168a398ae30d3c2fa3196eae2b4aa2159d61cb854bed7ceb7|0xd6b105de21e892e63ee2b257688e2398ac954baf5935d09d7f4bd7ffb312a234|0x3ae2bb804a391f604a3a8dc2c7f2d40d99448c71d3490f4487d3bbb7442e54f4|0x5f71d8de1db64bb81b98c04db3f2cc7d230ab499ea3e1dc52e2a923ee560a50c|0x414b98dccd237d88925778b2d07c3cf2763dc2799bbc761b43e4ffa4cec1e2ca|0xcf27bb5f79f6e2cafb8fdae60dda23da0842aa164b106c067d1e1393d3e07e28|0x1d9f53dd54372e2de7cb32e5895c0f44b713a5645602d9ffe13eef6b2583701a|0xefeeca76fdaf0fd84e9be68f5cc168a52aff2ab878af88c5a071cd4a42bd2e4b|0x8577393c319af365d08b45d8d38ade8b21be26b28513c581bda6e859a25ebc81|0xd87944cc9c026d8ff31fc228ae322e1362fc55f3761190cce33fc71927546eeb|0xdf13558e96bfc71ed246979e1db7d09b5a38ef56abd5e1369f18b0d286da65e2|0x0974cd41ab2340f35b3577869cf686e07758cafe6ac4ac6f5186d8ac13459c68|0x70cb4b8091fa53580fd44ae1c7fe6518203e4352c5887a6f9703f1e3b260ace2|0xebeec58fad7c2073369f3551b26fb7e949646f5bf07bb2be251744a5036de4fa|0xb9275296f6e107dd15f671e6d42d7298977dd2d95472437d502f59059fc829e9|0xaa311ae305e0ca6c5d6a5be23325d51cbf344bb26197c7aab4b7e7c7f723e03b|0x40853ca0e3baa0a8e8843d692fe819caadf690fd0a255bd6d10554f31fc7aed5|0xf923fb020e852a2ebac31eb20ec6789961adbc318dd68ae9e94a1f0f31dbf3f3|0x625a8852653e504eaaed18000d007f1092916b245c8715f8b1a7073230029a5b|0xcd5c5b34cb95e05b363501315178387f781d1034aeb8756ac5ff52eec32dd97c|0x1b81f7f1c1ac1adda1903856c4dec54c007a5436aebcd5ee0e41aa6f3f886ecb|0x432ec7701e3a64a3256157b7181ba07a6ef1f11dd5ddecc7cc9bead5bc3fe8b2|0x4e6d6ac97631a7287063d1437f5ff28d23d3f3cd9a599ec3c2233686a01ae4f9|0x61157c8597dae104eff14c1ae5efb27b69db4b8ad74da62e4f6c8f5cb9b03fb5|0xebb0082b33eff26467c6599dc971598c957c9334a043d45b76d9570ff61772e5|0xa3d3d92d77865ce90297e570efcd8f4768bd80d6e2eb9de278d173bafeb8a223|0x81949b1fe64cd1edc9de9ba6f999bb58ce73b8e199325d6980f132c64ebeb7af|0xa94671c5b180b57480e264a6a9c3c36b76f74cbf8a3caa6cec226341e1e62e03|0xafc84b05492d215af1c6ee9c1f9defbdc6a527ca1c47fd1c0761c23d0194a592|0x5882613422690ea4ce69f0a5d13df91cc964d051760c8f00868d0b624fcbfd70|0x2fbeb85b4d42c3cfc487607aa11e4e07e5bb67fe40bc134cffffdc6595f8e3c7|0xc09140585b69779e36ed2c45835efc845addb0d0e253cd11f2cc074d97eb5242|0xd7b01a6603c2c62bc9c9fb47fead98a3829b6af5cf0029b0bc09ea0876803d7e|0x473f85a7338cbdd9162ccef373abafdd652c255093013a2c7aae4426264e3aca|0x5100414aa94a3f09a59abf692acaaa0ef04c4960f39ae0a0cf8b61004863f165|0xa1fcd43d7f817db3d513c62604ec544f84be86432f11dc7dc7c17aadb1b2a734|0x87c7bbd8283010e591032dc969c050cc1b3d5f8e7f14fae561550801d994631a|0x9e9df466ed2c48b58dd22a196550c3d92e516ab05931fcf87f1fe5a9d8882813,"Dancing with the Stars is a reality dance competition in which celebrities are paired with professional dancers to perform dance routines. This market will resolve to the celebrity participant of the winning team of Dancing with the Stars: Season 35. If multiple winners are announced, this market wi",https://polymarket.com/event/who-will-win-dancing-with-the-stars-season-35
d4vd-released-from-custody-in-2026,D4vd released from custody in 2026?,culture,culture|courts|music,2026-12-31T00:00:00Z,224,2026-04-23T21:49:44.749037Z,1,1,52.95,7586.66,910.01,380.85,0.868,6,d4vd-released-from-custody-in-2026,0xe0b6a35748d163e2010784ed792d8a83e0f08ffdba6857d60367eaa0f237de5a,"This market will resolve to ""Yes"" if D4vd (a.k.a. David Anthony Burke) is released from custody between market creation and December 31, 2026, 11:59 PM ET. Otherwise, this market will resolve to ""No"". If D4vd is released but remains under house arrest, the market will still resolve to ""Yes"". If D4vd",https://polymarket.com/event/d4vd-released-from-custody-in-2026
diddy-released-from-custody-in-2026,Diddy released from custody in 2026?,culture,celebrities|culture|epstein|courts|music,2026-12-31T00:00:00Z,224,2026-04-23T18:03:39.691734Z,1,1,107.81,1840.76,871.81,472.43,0.877,1,diddy-released-from-custody-in-2026,0x5382cd1266cbf866a7109ccdbcc660a811ca2631a9b5fb83c6b72a2e42d47b65,"This market will resolve to ""Yes"" if Sean ""Diddy"" Combs is released from custody between market creation and December 31, 2026, 11:59 PM ET. Otherwise, this market will resolve to ""No"". If Sean Combs is released but remains under house arrest, the market will still resolve to ""Yes"". If Sean Combs is",https://polymarket.com/event/diddy-released-from-custody-in-2026
paris-hilton-pregnant-in-2026,Paris Hilton pregnant in 2026?,culture,culture|celebrities|reality-tv,2026-12-31T00:00:00Z,224,2026-04-27T20:40:18.211715Z,1,1,0.00,193.38,66.39,165.86,0.865,1,paris-hilton-pregnant-in-2026,0x4ac4ae915c26ec16bb46b78e58551038e39219afca6b1b195d4a930b849022c5,"This market will resolve to ""Yes"" if Paris Hilton announces that she is pregnant between market creation and December 31, 2026, 11:59 PM ET. Otherwise, this market will resolve to ""No"". Only credible announcements will qualify. Pregnancy announcements that are not credible, for example jokes, will n",https://polymarket.com/event/paris-hilton-pregnant-in-2026
us-fertility-rate-up-in-q1-2026,US fertility rate up in Q1 2026?,culture,culture|science|macro-indicators,2026-12-31T00:00:00Z,224,2026-04-27T20:58:47.283082Z,1,1,0.00,73.03,747.06,55.75,0.917,1,us-fertility-rate-up-in-q1-2026,0x9903e1a6d90a15c1eb83271ad3afefa7cbd798cf7493881676eee2bbaa516dd6,"The CDC estimates a general fertility rate of 53.3 births per 1,000 women aged 15–44 for Q4 2025 (see: https://www.cdc.gov/nchs/nvss/vsrr/natality-dashboard.htm). This market will resolve to ""Yes"" if the initial reported rate for Q1 2026 exceeds 53.3, according to the CDC's Vital Statistics Rapid Re",https://polymarket.com/event/us-fertility-rate-up-in-q1-2026
next-james-bond-actor-398,Next James Bond actor?,culture,culture|celebrities|movies,2026-12-31T00:00:00Z,224,2026-05-18T23:10:23.693363Z,49,49,2.00,10.89,633.24,10.89,0.532,1,placeholder-17-announced-as-next-james-bond|placeholder-19-announced-as-next-james-bond|placeholder-21-announced-as-next-james-bond|placeholder-23-announced-as-next-james-bond|placeholder-25-announced-as-next-james-bond|placeholder-27-announced-as-next-james-bond|placeholder-29-announced-as-next-james-bond|someone-else-announced-as-next-james-bond|placeholder-16-announced-as-next-james-bond|placeholder-18-announced-as-next-james-bond|placeholder-20-announced-as-next-james-bond|placeholder-22-announced-as-next-james-bond|placeholder-24-announced-as-next-james-bond|placeholder-26-announced-as-next-james-bond|placeholder-28-announced-as-next-james-bond|placeholder-30-announced-as-next-james-bond|no-one-announced-as-next-james-bond|james-norton-announced-as-next-james-bond-289|jacob-elordi-announced-as-next-james-bond|tom-hardy-announced-as-next-james-bond-891|tom-holland-announced-as-next-james-bond|a-woman-announced-as-next-james-bond|jack-lowdon-announced-as-next-james-bond-917|james-collier-announced-as-next-james-bond-537|timothee-chalamet-announced-as-next-james-bond|placeholder-1-announced-as-next-james-bond|placeholder-3-announced-as-next-james-bond|placeholder-5-announced-as-next-james-bond|placeholder-7-announced-as-next-james-bond|placeholder-9-announced-as-next-james-bond|placeholder-11-announced-as-next-james-bond|placeholder-13-announced-as-next-james-bond|placeholder-15-announced-as-next-james-bond|aaron-taylor-johnson-announced-as-next-james-bond-655|paul-mescal-announced-as-next-james-bond-885|harris-dickinson-announced-as-next-james-bond|pierce-brosnan-announced-as-next-james-bond|henry-cavill-announced-as-next-james-bond-886|callum-turner-announced-as-next-james-bond-288|theo-james-announced-as-next-james-bond-893|josh-oconnor-announced-as-next-james-bond|michael-b-jordan-announced-as-next-james-bond|placeholder-2-announced-as-next-james-bond|placeholder-4-announced-as-next-james-bond|placeholder-6-announced-as-next-james-bond|placeholder-8-announced-as-next-james-bond|placeholder-10-announced-as-next-james-bond|placeholder-12-announced-as-next-james-bond|placeholder-14-announced-as-next-james-bond,0x2504e84f12a97816e1273197fefc653cb51c9e0b039b499ae7408fdf978ad4c2|0x23cefca9d8ab62cccafc28bdaa55ee7bd31de5ccdc68c973246103ba45f6c603|0x7ce4eb75d54f25b583b26b689a3dc1f77613d952282bf0aa57635be800f5fdc5|0x9bf78f06c528c088537d143f3aeca2b19510de3cc7a38268463c836a1ba10ec9|0x521d9a01a06d55aeb31f7a23e55f483f3fb1d621aa5ce7aa3a3a97b9b4574062|0x9a83837cbfd3d6338f08b618a5a4e288fbe4e2ddecfe33290a129b47d2a8c087|0xa09dfee8c69a799cae21ee72f878116eea56a12e65440ae9c36364cda84e370e|0xcf0b0a39633870d2061c74761ce42fe1b12001d644eef5b64cbc367c7d24a86f|0x3bcd09f7bdbd634da0d9d4e2a34ef5ee9a322be4b3b22585f03e3291ad26f2c1|0xfc9b36ab43fa0ac1bfd9595bd3295053f8a61bdb93cbcbf70c2c2a229fa28c6c|0x6dc6ef3bf5e74efb16d04f9400c6de5ccafa8e79ba07645a77a6932c3a8eb26e|0xf1a9a1654cc17ebce9e3d533119cb56bf88781b22eeeb687b6192064f5edac4d|0x75b920f4f3b8f7204954f4130b32774692583a831a94ff849d918d5bd7aa910a|0xa1bf6b6d1fa69bd6bb626c9ff603e9dc09b09a847857ef5f6a778b3a7722515d|0xe5825d37404ee3bd1ce92f1cc4f3f1754de8b1ff4273bd3b696ca774e9a44a59|0xa26ee2e97bf1261ad62a220b7577cde0b4ccc7e886d2e58522f0f01b5070f826|0xdfd9e88f948c6875027c881dcb50daf56ae577b0e4c4349779e7bd448ddc3a0b|0x19f5d7740459f84af8156440acabe28bfeb43dc1b2d7c3f5418aa14f64c75a0b|0x7eb5fde072782612d015d882bd99c396168f96c21c6c7260e2f24d9832a82a9b|0x6522a47a9d908d3f7667044c4de2621d78319bdca65266e6fa933caa2366b64a|0xb1d360baed14a5d51d8f7c0439afe0e14e332da127fc89ccc6fd7a4587900794|0xd1b93495064ec4d2cffbd221428a4c31ba90b3c0f883d2fa59854bbc6687918b|0x490b4abcc5b23958f5515716fbab843574f9cffef4bc52eac3a3939809757b46|0xb4d153acdc852fa97e8455f714778f059711623e67c3f3ee1b5d81b761485ea4|0x2f0c81548525ae3879f2855f75c112631a6338fafc7042d27db74723742b0c24|0x8ba5d152b8b24cd966f4c526aa0f4efc6b01c40a3924ee2d64268c10f0a103e6|0x0376484b77784e1a3e67e8e1e6e086fb2641a4e36ccef679bf28774ef22cd5ee|0xfe50b98364b1c5f5cbb8cb3b6be9d174526b00d21fa8b70cab6119ad64161909|0x3efda16b4cf1e92abb0300b6d50bc9f74d19eccfc8bccd1977fd941e40b17c00|0xdc913f1173086416c810b9b257d9f17887b3bfb414f69921e8b1310905699fe1|0x04544b54f0607f22a5fee76b6f54cf80fec2f763ccda2554beec7a08e08fcb12|0x67efa8537d8c844a5231f94757da896746c8d21a9577b3f363bc9495242bc2d9|0x3146a50a401d96d65dd67904304c0ee5691d4fd492e7e8cd81ecd61ecc9f4320|0x42133d49db1b92415e718af33f00d83fc0812bfad990496ec92ce6b93b259cb6|0x1d6b738eec27296a3add3fd93de0a59aa61a3cc467b76b912ab1a931b4cd0436|0x07dc148f68d0e4adf051bcd4fae2db36018f09ba30847a41cdd047d754f8f7e6|0xdb1a1caae5f7b00f93408abfc123c43c5c74f82e6c978b527d6dbdd6f53d531d|0xaac4b77e275cbbd0cc1428547805072006408a460377d6b79788284f08ba90df|0xdf55222217299506bd9b7b348ac3be51137ac480da920567722824f0c40c5fc0|0x2d215dfc6dc0e7be3bf0bc077adc3ab5dc562cdfe455bfff02a6723f1c98cf48|0x7de7918ba7be54764ec10958af792776d0dc2f77bff0d8aaaeac7c6f97015b77|0x28cb5e0034ff3c29ff315a95596282c905bc3c963b5f7b3c6ef65ee9f33c4196|0xabb40a75a60ffd8e6c124e6d1eaa15bcf0546b7c519f76ab989c14a32f7e0d2b|0x64373a7da83808eef16871d343d682739210c6731c1d75e77ca6a91a3b3130c7|0xe6e3284a0b2c97fa8e96bc1acd283bf95e6c2bdde10ea7fe38c0fbecaf1b279f|0xbe1d3f65308b735d00c5041afc6a922a5316ff950ef5191b0905e14f70802a59|0x0f05497b887abb104ea2beaf43feef6709cfe7db51b7f664df59472fab5f04c9|0x4e49aa95aa95988def40f43ae924ceddaec5e7a42d28c3241c30a686c03a36cf|0xe6dcafe9dc65a2b14fd679ac7b14ea62480cc11f7b8e8af82d4eb365b7c4db37,"This market will resolve to “Yes” if the listed actor is officially announced as the next James Bond actor by December 31, 2026, 11:59 PM ET. Otherwise, this market will resolve to “No”. This market will resolve based on the first official announcement of who will be the next James Bond, regardless ",https://polymarket.com/event/next-james-bond-actor-398
eurovision-2027-city,Eurovision 2027 City,culture,eurovision|music|culture,2026-12-31T00:00:00Z,224,2026-05-18T23:10:28.803563Z,16,16,552.70,2384.18,12182.24,948.06,0.882,2,will-sofia-host-eurovision-2027|will-burgas-host-eurovision-2027|will-plovdiv-host-eurovision-2027|will-city-a-host-eurovision-2027|will-city-c-host-eurovision-2027|will-varna-host-eurovision-2027|will-city-e-host-eurovision-2027|will-city-g-host-eurovision-2027|will-city-k-host-eurovision-2027|will-another-city-host-eurovision-2027|will-city-b-host-eurovision-2027|will-city-d-host-eurovision-2027|will-city-f-host-eurovision-2027|will-city-j-host-eurovision-2027|will-city-h-host-eurovision-2027|will-city-i-host-eurovision-2027,0x0cfaa8fabad4d452be63950f47b07339ce192820df5d64569496fb91eb55b502|0xb0f15a2e601a224e803babc18f2cb93442921dc45930ec0ecef32e48d8cac352|0x6e7fca5692fbd77fa9e76108ef4aee49d78c392f2ca0dbbadc3dcc440109de78|0x4f9670b4fa610a9f5f4760838ba88b89a57468cf49a39c548e6893e4f76907e2|0x18fdf6b1b0caad0114007e54683f483bff3acdadb6437e56589557941dbc1bf2|0x6fa374fadb2569c38a09875278900aaa45666a926f1fbd42f93d95b549ee306c|0x24bb1d883cf1b02e4253a44686e67fe5ff2c06553caa2d8e8a1eded2aa38e767|0xa958f102e648777ce862bf20c6262b3575dd16789d43ec5031d1e683f656fc3b|0x90906f9c34e9b999c1f412050e877eb1ed40d9ed8fa3e819cfa5e93bd657a656|0x96462d760a25597d8c7b5fe65293f12a68a8471be0c7ff20a2afe52fa958d1d2|0x3fd596b279e5e134f9d32f33012a6fe34e9cb9a12f1af0bf3cd4bfd01b66d073|0x57f4ad24d78beabead1a6c4d569bd84fba6e9b8260368245eafa2fc90107077d|0x8d9fc5d65efc178f934b1544e279b02f6faa214b0d72d9e4de34c305b5a9d93e|0x401e16c2f84d3c88c9fef133948bc4c038055b25363303fd1066559ad8915494|0x61b09a05052c6ce57673e0270b73ca2a04ee5ca6f242fee388d0f8ae8bc9af30|0x36e152f10ecd345b46428ec93bc4b9dba80bbfec151635eabf1f0525411fc05e,"This market will resolve according to the city announced to host Eurovision 2027. This market will resolve immediately based on the official announcement for which city will host Eurovision 2027, regardless of whether that decision is later changed or the city hosts the event. If no decision is anno",https://polymarket.com/event/eurovision-2027-city
taylor-swift-pregnant-in-2025,Taylor Swift pregnant in 2025?,culture,music|celebrities|culture|taylor-swift,2026-12-31T12:00:00Z,225,2025-07-30T15:52:32.624357Z,3,1,19.76,2022260.29,1357.51,4601.72,0.915,89,taylor-swift-pregnant-in-2025|taylor-swift-pregnant-by-march-31|taylor-swift-pregnant-before-2027,0xf4f51e9e4e8439e32f64dc0e659828af7564f9cbc323d4f7442f2c590a2ea07d|0x1ba46d242ac8b0cd6abc243bdd76630bbb7fdbbd380c766ae569bc2cc42372b2|0x0803b42cec5723f301f77f3ea818fcb393eb58b9694096cab2d4f8b81b4a2bdf,"This market will resolve to ""Yes"" if Taylor Swift announces that she is pregnant between July 30, 2025, and December 31, 2025, 11:59 PM ET. Otherwise, this market will resolve to ""No"". Only credible announcements will qualify. Pregnancy announcements that are not credible, for example jokes, will no",https://polymarket.com/event/taylor-swift-pregnant-in-2025
which-film-will-get-the-most-oscar-nominations-at-the-99th-academy-awards,Which film will get the most Oscar nominations at the 99th Academy Awards?,culture,culture|movies|oscars|awards,2027-02-28T00:00:00Z,283,2026-02-02T22:15:55.854433Z,22,22,40.56,18574.98,10719.67,3180.00,0.999,6,will-project-hail-mary-get-the-most-oscar-nominations-at-the-99th-academy-awards|will-the-bride-get-the-most-oscar-nominations-at-the-99th-academy-awards|will-film-c-get-the-most-oscar-nominations-at-the-99th-academy-awards|will-film-g-get-the-most-oscar-nominations-at-the-99th-academy-awards|will-film-k-get-the-most-oscar-nominations-at-the-99th-academy-awards|will-film-o-get-the-most-oscar-nominations-at-the-99th-academy-awards|will-wuthering-heights-get-the-most-oscar-nominations-at-the-99th-academy-awards|will-the-social-reckoning-get-the-most-oscar-nominations-at-the-99th-academy-awards|will-film-f-get-the-most-oscar-nominations-at-the-99th-academy-awards|will-film-j-get-the-most-oscar-nominations-at-the-99th-academy-awards|will-film-n-get-the-most-oscar-nominations-at-the-99th-academy-awards|will-the-odyssey-get-the-most-oscar-nominations-at-the-99th-academy-awards|will-wild-horse-nine-get-the-most-oscar-nominations-at-the-99th-academy-awards|will-film-e-get-the-most-oscar-nominations-at-the-99th-academy-awards|will-film-i-get-the-most-oscar-nominations-at-the-99th-academy-awards|will-film-m-get-the-most-oscar-nominations-at-the-99th-academy-awards|will-disclosure-day-get-the-most-oscar-nominations-at-the-99th-academy-awards|will-dune-messiah-get-the-most-oscar-nominations-at-the-99th-academy-awards|will-film-d-get-the-most-oscar-nominations-at-the-99th-academy-awards|will-film-h-get-the-most-oscar-nominations-at-the-99th-academy-awards|will-film-l-get-the-most-oscar-nominations-at-the-99th-academy-awards|will-another-film-get-the-most-oscar-nominations-at-the-99th-academy-awards,0x1a7c6656098abf4de8e475bd097ab63e6fba250a5dde06221bc5c762bf0a7d9e|0x75a62bb76932c5e4e5cb3c640353233bc18e2e8690ff6679beac155616286669|0x000b9607bd8d44c096250d674a0e5acdfc500da60867edd7e7542e9c22a963fa|0x61163fcd38047a3722ba19d0aeee877c05ccb211b11c5ebdbbf7db7d32850060|0x274dad19a63360f9090039f7bd476d006af70ecd6e3730d459d5f74368c392a5|0xe01291a9c8f921f953b6ff197d8f516a248b5628ed65ab97b6d091e7e1d87454|0x9930de4bd20494cd01234d7f8137defd6903178b9ba423cb8ed151f80081a3f7|0x30f0abcca4045359388feecfec803916f6f7b04e8df123614e533586fe78121d|0xe034c608e210d13822d61fe623d955715b51d3f8aca0ac8780c490903239d60b|0x3ecb33f965af28568764e9fa5ef269883594c10d60449a4538a3d83f16de55f5|0x23962fc4fcaca544dfe47f632e59030cf87ef18bf9bdc4667c2b79a26963950f|0x409d7e08b28d9b828fd71478c470055da1be83e55435edc569427cd9e300e161|0x1daa2f31b7526baf4604eacd2c3e6c14d798862486b2939480593001eb64aef3|0xde9955e651a1049fa05ce2ef53baab0fb89bf4e5041e859e6f649df1dac77728|0x419fa0f108ec852fc202bbb12c120e8559fd70e6f4b5964d3a008a2b0f288f8b|0xa9b5def891ccc82f8ae74bcee10adb97a621cd34412f22ef98e22a12edf24d08|0x7820fd1e1090197acfe7f26b935baa491d1594c0982a37c3c0ca22323fb62430|0xa7d02a01ae63cbaa3e01d31333c43018f27b49a3c99b57e13a4ac7ebbacce1f8|0x0bfc3641d62b9f1f8d9076903ea30c9ce14dd26de075ea4c380941b56054fabb|0x82fca855977aad28ba57154b7b3c3ceed87b0725ea7ab1d396f7c48121796d97|0x7e5fceca766cfcb78ce4a35ba167103b96141a35e7b13e9367bd16327b935ae4|0x4f7d9b11ddf29bdd1da44dc6ac1cea17bf15fa32657769a92ff5104ec0192629,The Academy Awards are given every year by the Academy of Motion Picture Arts and Sciences (AMPAS) to a variety of films and film industry workers for outstanding displays of artistic and technical merit. This market will resolve according to the film which is nominated for the greatest number of Os,https://polymarket.com/event/which-film-will-get-the-most-oscar-nominations-at-the-99th-academy-awards
will-gta-6-cost-100-245,Will GTA 6 cost $100+?,culture,culture|games|gta-vi,2027-02-28T00:00:00Z,283,2026-02-10T23:37:28.239788Z,1,1,2683.82,121079.16,13856.72,36873.20,0.859,10,will-gta-6-cost-100-245,0x2370f286c018850d6637b93169d6040e5ee6fcc4497288e00c4aa4b1e3669c8b,"This market will resolve to ""Yes"" if the standard edition of Grand Theft Auto VI (GTA 6) launches at $100.00 or more. Otherwise, this market will resolve to ""No"". This market will resolve based on the pre-tax launch price in USD of the standard edition of GTA 6 on Xbox or PlayStation as listed on th",https://polymarket.com/event/will-gta-6-cost-100-245
which-2026-movies-will-make-it-into-the-imdb-top-250,Which 2026 movies will make it into the IMDb Top 250?,culture,culture|movies,2027-03-31T00:00:00Z,314,2026-03-10T22:13:40.48914Z,5,4,13.70,1307.39,943.31,1067.55,0.706,4,will-project-hail-mary-make-it-into-the-imdb-top-250|will-avengers-doomsday-make-it-into-the-imdb-top-250|will-michael-make-it-into-the-imdb-top-250|will-dune-messiah-make-it-into-the-imdb-top-250|will-the-odyssey-make-it-into-the-imdb-top-250,0x2222e3a4ab1672854bfad1f224be1ea89a225321ef50909c9e2265625826d0a2|0x6a0c853d6ae71361c4a0f5b02b162dfbd3cf2ffa3555c57644da9e0cce723300|0x9d58fefc0ab3d17e7a5f363dc97638525d9769a2637849a6a7b1a97ebc34b837|0x8e7d5adb2251a60d2d839b503e24b75c5e2b0c1a78993a2c4825425b80765ef2|0xe924ffee67adc6863a064dff42bbcc8b81f7f8dbea727ccfc69b2aed3b39b48d,"This market will resolve to ""Yes"" if the named movie is listed on the IMDb Top 250 Movies list by March 31, 2027, 11:59PM ET. Otherwise, this market will resolve to ""No"". This market will immediately resolve to ""Yes"" if the listed movie enters the IMDb Top 250 Movies list. The resolution source for ",https://polymarket.com/event/which-2026-movies-will-make-it-into-the-imdb-top-250
who-will-be-cast-on-dancing-with-the-stars-season-35,Who will be cast on Dancing With the Stars: Season 35?,culture,culture|reality-tv|celebrities,2027-03-31T00:00:00Z,314,2026-04-23T15:07:24.884689Z,3,3,0.00,8.22,22.35,3.10,0.370,0,will-rob-rausch-be-cast-in-dancing-with-the-stars-season-35|will-miranda-mcwhorter-be-cast-in-dancing-with-the-stars-season-35|will-ashtin-earle-be-cast-in-dancing-with-the-stars-season-35,0xf380314b9136b14f3c35deeb4a713994850f8e2915127a376293595843de2193|0xcedf3a9888808e3a0400733eae21200f846850d653177702e92c6d0dfba2f1c8|0xe34946ce0f6f12be260d41c4cb235b97f4a93a708ded9497d8882cc3b0fa9e92,"Dancing with the Stars is a reality dance competition in which celebrities are paired with professional dancers to perform dance routines. This market will resolve to ""Yes"" if the listed individual is announced as a contestant on Dancing With the Stars: Season 35. Otherwise, this market will resolve",https://polymarket.com/event/who-will-be-cast-on-dancing-with-the-stars-season-35
who-will-perform-at-coachella-2027,Who will perform at Coachella 2027?,culture,music|celebrities|culture,2027-04-30T00:00:00Z,344,2026-05-11T22:34:15.088153Z,18,18,0.00,14.29,1298.65,13.27,0.410,0,will-dua-lipa-perform-at-coachella-2027|will-justin-bieber-perform-at-coachella-2027|will-taylor-swift-perform-at-coachella-2027|will-drake-perform-at-coachella-2027|will-dj-khaled-perform-at-coachella-2027|will-kanye-west-perform-at-coachella-2027|will-harry-styles-perform-at-coachella-2027|will-olivia-rodrigo-perform-at-coachella-2027|will-sabrina-carpenter-perform-at-coachella-2027|will-travis-scott-perform-at-coachella-2027|will-daft-punk-perform-at-coachella-2027|will-bts-perform-at-coachella-2027|will-sza-perform-at-coachella-2027|will-blackpink-perform-at-coachella-2027|will-radiohead-perform-at-coachella-2027|will-billie-eilish-perform-at-coachella-2027|will-tame-impala-perform-at-coachella-2027|will-bad-bunny-perform-at-coachella-2027,0x26f3f430055c2a14f68b8dca268d1ad66547068112d7df99f1b4ee52ebe565b6|0x357c37ac61b5ba66c4626727d0badcafa2981e70671dc413adb5bf8d7d71873b|0xdc0d25d05d02b2ab1c6bab835c36f8465546c0339288c01533718212a2209568|0x1cf72e6dc805df2fcfeb5c3b00fcccc7dbbb784d5956f3460323063f314b99c7|0x811a32e2c8ccd245d85702955e6f312782017d96c58cf7d0bcb7550656f7665f|0xd6fe82894337cb7ad7648e719d97d5eb60a497a7f419bd00a3125ed627b7deb0|0x253a13a522bd79a5c9471e0075f9f7a3d2b6c3df4668e2bc87fb784aba935626|0xb72259e494aa3819563308e86573016cfd97a48acc357e5ce7f0ffeebff06464|0xe2b68469af59ae9cbc944113780b3935f9185b75181d32f6a40d18d5fa04ba07|0x86194b04262a95db3b43411713fc0a94cad5b2b261e1c2c78f4b9b0667daaaf9|0x856fa22b5e4891747946ec84e4a07a69d951f750289b61aab6981927f2a643cb|0x72d7415e9bd6b7b990663cd0ab4c15741fd2690d45e39522acac5845837553fb|0xfed7258fc3f2d428aee22819c760d7f020feaabac4fd1417272a338c244bded1|0x3f60031cef367d4cfe90304bd7f807d98f57aec6bd7672ac4c81a296275d3333|0xfaf971f87d621c1609aba48935adbbb5900f7d9772dfaab1a3946dd22f4deca8|0x8b55265c299a29a46b2c029a0d7a8349224638e0d8aefda8457818ba0d3a2dfb|0x00382e39b84f72d8c6f191a2c2ba76c4f52106f010751beacd39b1f195c500eb|0x4d019f07d1400c17fe81aea8a42bce306b8a06c549c2fa4bca9b0114795f95a6,"The 2027 Coachella Valley Music & Arts Festival is scheduled to take place on the weekends of April 9 - 11, 2027 and April 16 - 18, 2027 at the Empire Polo Club in Indio, California. This market will resolve to ""Yes"" if the listed individual performs live and in person at the 2027 Coachella Valley M",https://polymarket.com/event/who-will-perform-at-coachella-2027
who-will-taylor-swifts-bridesmaids-be,Who will Taylor Swift's bridesmaids be?,culture,culture|taylor-swift|celebrities,2027-06-30T00:00:00Z,405,2026-04-20T21:22:20.943061Z,7,7,205.24,1631.87,3154.23,919.18,0.969,1,will-blake-lively-be-one-of-taylor-swifts-bridesmaids|will-selena-gomez-be-one-of-taylor-swifts-bridesmaids|will-gigi-hadid-be-one-of-taylor-swifts-bridesmaids|will-cara-delevingne-be-one-of-taylor-swifts-bridesmaids|will-brittany-mahomes-be-one-of-taylor-swifts-bridesmaids|will-zo-kravitz-be-one-of-taylor-swifts-bridesmaids|will-sabrina-carpenter-be-one-of-taylor-swifts-bridesmaids,0x1f34cc98dd6fcf91833a7e5859973f75bf7d1fed83da33823f3d82cd08d5ff05|0x5f731ad954f7af2601934d9c66eff170be6aa2d0cbaa1cfc1c75dc6c4df1c59f|0xdc736508860c34b8c28140480a0091734469d2587bc20cd5f87893df0509aa22|0x978d06a5056dab9028578a6998b5a27e8000c402e900a5a53fbd102996a99230|0x1061ff56cf9bc6b9ae4ae3f2f018823dbf66f36d63cf8c0ec6821fe6d84c2056|0xeda9eb14a054e234a72ab94dc45a6302ca702a6a8e5e7c270e7c91628ac8e084|0x56e6dd798622d89f00475164f3a1075a661fe46396a5ac7ed39fddfcb34e1a0a,"This market will resolve to ""Yes"" if the listed individual is announced to be a bridesmaid at Taylor Swift's wedding to Travis Kelce. Otherwise, this market will resolve to ""No"". If Taylor Swift's engagement to Travis Kelce is called off, cancelled, or otherwise broken according to official statemen",https://polymarket.com/event/who-will-taylor-swifts-bridesmaids-be
who-will-die-in-the-witcher-season-5,Who will die in The Witcher: Season 5?,culture,culture|movies,2027-06-30T00:00:00Z,405,2026-05-13T23:24:30.110343Z,9,9,172.19,30754.41,9119.94,8052.36,0.963,7,will-geralt-of-rivia-die-during-the-witcher-season-5|will-yennefer-of-vengerberg-die-during-the-witcher-season-5|will-princess-cirilla-die-during-the-witcher-season-5|will-jaskier-die-during-the-witcher-season-5|will-vilgefortz-die-during-the-witcher-season-5|will-emhyr-die-during-the-witcher-season-5|will-milva-die-during-the-witcher-season-5|will-cahir-die-during-the-witcher-season-5|will-regis-die-during-the-witcher-season-5,0xeeaf0eac683832934734936c323a6e048106d9bab4479178e2d70a69ca1e0cd8|0xff537f8096e0c7cd45be806a52423b0b5d52791b11d314669ad0270db123f003|0x4c8160fc310ee8599cef846f175de959909d23ec37976948462a6ae1b3e881fa|0xb68f25f6dce752d54cba62cb373480de8a69899d9f5f95f2d6344f910a3d9b0a|0xba54d9a9008a5a3b796b88012785c1f1d4d44d64dc4e13ed06107113bd2ce61f|0xd481c6fb741f7a88de609415ff1a9f1ecb93599f1d961aac60befe025a4d703d|0xd20ebbc736f4d39dfeba1f39d2ea744f9cf3e23c6b4217bc6f7ec843a0aee294|0x6d6b248dce9e2cd201d34232c3ab1abeeab23cacd2619591d784486ad0f8b8cc|0xedc6b53f963f867cecfc8ca24bb33cc47706b7459f112b9f690d84baf408e9d4,"Season 5 of The Witcher is expected to air on Netflix in late 2026. This market will resolve to “Yes” if the specified character dies during ""The Witcher: Season 5"". Otherwise, this market will resolve to “No”. A qualifying death must show the specified character dead on screen, or otherwise that ch",https://polymarket.com/event/who-will-die-in-the-witcher-season-5
top-spotify-artist-in-may,Top Spotify artist in May?,culture,culture|spotify|music,,-1,2026-04-28T22:52:39.400121Z,40,40,4475.60,56941.10,25913.51,20598.67,0.882,8,will-noah-kahan-have-the-greatest-number-of-monthly-spotify-listeners-this-month-596|will-the-weeknd-have-the-greatest-number-of-monthly-spotify-listeners-this-month-185|will-taylor-swift-have-the-greatest-number-of-monthly-spotify-listeners-this-month-221|will-billie-eilish-have-the-greatest-number-of-monthly-spotify-listeners-this-month-118|will-kanye-west-have-the-greatest-number-of-monthly-spotify-listeners-this-month-264|will-ed-sheeran-have-the-greatest-number-of-monthly-spotify-listeners-this-month-643|will-justin-bieber-have-the-greatest-number-of-monthly-spotify-listeners-this-month-952|will-artist-c-have-the-greatest-number-of-monthly-spotify-listeners-this-month-151|will-artist-e-have-the-greatest-number-of-monthly-spotify-listeners-this-month-446|will-artist-g-have-the-greatest-number-of-monthly-spotify-listeners-this-month-526|will-artist-i-have-the-greatest-number-of-monthly-spotify-listeners-this-month-471|will-artist-k-have-the-greatest-number-of-monthly-spotify-listeners-this-month-568|will-artist-m-have-the-greatest-number-of-monthly-spotify-listeners-this-month-944|will-artist-o-have-the-greatest-number-of-monthly-spotify-listeners-this-month-538|will-artist-q-have-the-greatest-number-of-monthly-spotify-listeners-this-month-567|will-bruno-mars-have-the-greatest-number-of-monthly-spotify-listeners-this-month-344|will-bad-bunny-have-the-greatest-number-of-monthly-spotify-listeners-this-month-974|will-kendrick-lamar-have-the-greatest-number-of-monthly-spotify-listeners-this-month-419|will-drake-have-the-greatest-number-of-monthly-spotify-listeners-this-month-596|will-lady-gaga-have-the-greatest-number-of-monthly-spotify-listeners-this-month-672|will-rihanna-have-the-greatest-number-of-monthly-spotify-listeners-this-month-873|will-coldplay-have-the-greatest-number-of-monthly-spotify-listeners-this-month-676|will-artist-b-have-the-greatest-number-of-monthly-spotify-listeners-this-month-956|will-artist-d-have-the-greatest-number-of-monthly-spotify-listeners-this-month-152|will-artist-f-have-the-greatest-number-of-monthly-spotify-listeners-this-month-722|will-artist-h-have-the-greatest-number-of-monthly-spotify-listeners-this-month-882|will-artist-j-have-the-greatest-number-of-monthly-spotify-listeners-this-month-972|will-artist-l-have-the-greatest-number-of-monthly-spotify-listeners-this-month-566|will-artist-n-have-the-greatest-number-of-monthly-spotify-listeners-this-month-834|will-artist-p-have-the-greatest-number-of-monthly-spotify-listeners-this-month-498|will-artist-r-have-the-greatest-number-of-monthly-spotify-listeners-this-month-154|will-artist-t-have-the-greatest-number-of-monthly-spotify-listeners-this-month-626|will-artist-v-have-the-greatest-number-of-monthly-spotify-listeners-this-month-887|will-artist-x-have-the-greatest-number-of-monthly-spotify-listeners-this-month-467|will-artist-z-have-the-greatest-number-of-monthly-spotify-listeners-this-month-118|will-artist-s-have-the-greatest-number-of-monthly-spotify-listeners-this-month-617|will-artist-u-have-the-greatest-number-of-monthly-spotify-listeners-this-month-446|will-artist-w-have-the-greatest-number-of-monthly-spotify-listeners-this-month-719|will-artist-y-have-the-greatest-number-of-monthly-spotify-listeners-this-month-483|will-another-artist-have-the-greatest-number-of-monthly-spotify-listeners-this-month-298,0xe495733e51bd61bceebf733677face01b103b7909c638d79b6970c6aa813a966|0xafc71dcd8225b2646ba34e2c4e9755bf170d114508b8ea89c16773ec53eb301f|0x5540ef1c8f9a26541cebeb67511e20bb667f4669740e96da95fe4713f3fb830d|0x893093a2190f5961c1db742baffef3dccd2b80c78cda8067c45a82ea0d5f1147|0xd137ba118e8706d82438634a349fe30d17b792523c6f24f1b178b54583817860|0x1d83ff22585fb870df18be331276009f32f1601205c94f4b9292c530b7125a3d|0x5e2d6bf9012c6c6131362d477153f4061b8904b439e6ac1191b09e07b0f90af7|0xea21399c9cb207fb0f4875278846e3d9024c932e55265fecd424f1956e26243e|0xf17df42e90f6ff5ff591d72a5c73af4cb4a17cf9a1274ffce3df9ed60c870fae|0x17d6d689aba25e6e689ee24f873b33b3451772360c393f5476fb89463033e61e|0x3858b3d5dc66221a9694e3007e7def2d3ba7c09100bb248d99799ce611366d68|0x98f459c9d021de0e5b688f2cc0fa79a6aed391c93fded2673ec9c229233fb607|0xf24b12e88603bc5df2d9860057f3589cc7688b3820bf40d5c05f6b372ba5a24b|0xd7ea57ba6e9d55775bdb3ff6595da6c4a4f3ce6f1bb1d4c46f660f8e7aed3214|0x2e125633dfa501696a3dee1dcb6c2f964694065c7fb604a278aff1a72973da40|0x8533c74f835e8f92bec54e14127040ef1ba6b2bf8dbae7f41d3b45147dc6f051|0xd3e052699fd170a527d866386d734662fa85b41ca801aeda264164165ab991ec|0x1bff3168662b3f94ccd66d9119d3747eae6686e3ce78772f84d14b6bc2e9d270|0xabf156741411337b95b9fffb22081171fdb5092d6f90576d79f253464350abcf|0x2d0ebd1188dcbad4d522c6b400b1fd2a7cc69bef4cc310ca28a6ebc05847c65b|0x5c8da1003222390b77b7c3f18bb014c2169d256dfef1a49ff74023776ba272c7|0xb9c1ef135226766c4e964c63c11f599c78db09b20bb6d13f2a77baed83a428ae|0x66722e3179ca6ed6b85cd2ef7e7d5e2c6934c12e08ade8e8ce1887a2c020782d|0xeca73087242d2e7b0346c825a242184b970e7f240ecbf5e59245593ac56b61e6|0x2a056db6fd346c0e31aa7d04994e677592b8a23b8f4904c72d5d8e0bebd1f8eb|0x524338fe27d5a517acbde8cbee7c02343fbcbc11e1c804eced97cf891edc0563|0xb5bdbfe5b9d31b8c9174f2aa8b9ed09f8f5eebe5c0cb7c13fc97174b615c0636|0x8e885864c273491521528f9a91afa1ee8e9718fceb494342d82d4616862e7b6d|0x98b5aa0bb94e65fbc6f7252d59c8837a9ed8ce02d3b9f37d5ad0e49ffd8a9e2e|0x180d5a71989c0f4b6b02aa7ec8f4b60cca68e35dc5554adf234633ce1d71993f|0x0ab1bd6f6a06818e22f3068a2750b5cb8831ea11676ee5a112778758eb6de4be|0x9a7bd01f9b8fed226aea92bfc6dd2408ff59d3ca58e5227ca1d5b154bbf8ae34|0xf247f67ece21fbd2cd3202d366d5042c34c1392c4fc4c502f17c196a8360ea08|0xd7204a8a9d64cda1a9ba1c2aabb0af27b81d5716056e9c2d246b7918fb12fe28|0xa0cae88efde016912e388ebfc7fca502794a6b49b6becab58c1423b74e9ba7e0|0x50be3885f91419ca4e7b96fa0ac1df424d0b00c35150d4c227fe407d421a7eb0|0xe2f37f9122ff68e28c49932e653bcbd49c4024f05c5d0b5e3911188f32141aee|0x343f524d7480fee3dc8e73deb48ceb07be159f835f37526b719a5a36a15d79f9|0x3920fdf55c41077190f4ba6e6fd20fe68561770988efff56091b3f0ded16831d|0xd6c2dc3bd39021b36958f9d1b45865b7d7578d7203102e121b57ef9f1e7e581e,"This market will resolve according to the listed artist with the greatest number of monthly listeners according to Spotify on May 31, 2026, 12PM ET. The monthly listener count is listed on each artist's public Spotify profile. Only primary artist profiles will qualify; features or collaborations und",https://polymarket.com/event/top-spotify-artist-in-may
