event_slug,title,category,tags,end_date,days_to_end,start_date,num_markets,open_markets,volume_24h,volume_total,liquidity,open_interest,competitive,comment_count,sub_market_slugs,condition_ids,description,polymarket_url
bank-of-israel-decision-in-may,Bank of Israel Decision in May?,economy,economy|interest-rate|global-rates|israel|boi,2026-05-25T00:00:00Z,4,2026-02-25T16:27:55.653191Z,3,3,181.25,43212.98,9252.77,6924.20,0.977,0,will-the-bank-of-israel-increase-the-bank-of-israel-interest-rate-after-the-may-decision|will-the-bank-of-israel-make-no-change-to-the-bank-of-israel-interest-rate-after-the-may-decision|will-the-bank-of-israel-decrease-the-bank-of-israel-interest-rate-after-the-may-decision,0x612771bf9aad18aca14d3013e05a51011493a5a740e8f744b4967c7462fb5b81|0x430c82b739789b90fd5f95929d03223f332808122327c8b69424793a5bad3daf|0x47381a493e81772f69e695d4de92695602eb353caa4a7a3bbf3b5df2ffa7ec74,"This market will resolve according to the change in the Bank of Israel Interest Rate resulting from the Bank of Israel’s May monetary policy decision, relative to the level it was prior to this decision. The resolution source for this market is information released by the Bank of Israel after its Ma",https://polymarket.com/event/bank-of-israel-decision-in-may
south-african-reserve-bank-decision-in-may,South African Reserve Bank Decision in May?,economy,south-africa|global-rates|interest-rate|economy,2026-05-28T00:00:00Z,7,2026-01-31T00:08:02.838327Z,3,3,1050.71,11718.39,6106.55,3497.72,0.934,0,will-the-south-african-reserve-bank-make-no-change-to-the-repo-rate-after-the-may-meeting|will-the-south-african-reserve-bank-decrease-the-repo-rate-after-the-may-meeting|will-the-south-african-reserve-bank-increase-the-repo-rate-after-the-may-meeting,0xaefa1b3071d946da2c02fde8ad680e5f85e3bf02c84348ff45505ed3a6e2f83c|0x4d8d101f6b029a6c2150a3ac45652800a99bcaba29bde12ed57729de330da177|0xd37d3800cab12ece646729232fc27c6b94d5aca8dc219c47f18b0eb2cdf9b7a9,"This market will resolve according to the change in the repo rate resulting from the South African Reserve Bank’s May Monetary Policy Committee meeting, relative to the level it was prior to this meeting. The resolution source for this market is information released by the South African Reserve Bank",https://polymarket.com/event/south-african-reserve-bank-decision-in-may
brazil-gdp-growth-in-q1-2026,Brazil GDP Growth in Q1 2026?,economy,macro-indicators|economy|gdp|brazil,2026-05-29T00:00:00Z,8,2026-03-23T23:22:10.849384Z,7,7,72.22,21339.60,7735.80,1274.78,0.833,0,will-brazils-q1-2026-gdp-growth-rate-yoy-be-between-1pt1-and-1pt4|will-brazils-q1-2026-gdp-growth-rate-yoy-be-between-1pt5-and-1pt8|will-brazils-q1-2026-gdp-growth-rate-yoy-be-at-least-2pt7|will-brazils-q1-2026-gdp-growth-rate-yoy-be-less-than-0pt7|will-brazils-q1-2026-gdp-growth-rate-yoy-be-between-1pt9-and-2pt2|will-brazils-q1-2026-gdp-growth-rate-yoy-be-between-0pt7-and-1pt0|will-brazils-q1-2026-gdp-growth-rate-yoy-be-between-2pt3-and-2pt6,0xf05752f4e995d3f867886338223dccba0aa924973a69c0f1a09c2b79aaa4f417|0xfda858216120c9224a3c98df14a24e4dee4168a9c01664b64122dc6ebc022f67|0xf1d4693f06745e15c30c382c7448ab77d08b128dfc76067ef596ab23807a47b9|0xa110090e00b35b4491cf88010fc27306353029900b1a8776c6e224d5edc6d095|0x2140b4ef272260b2b04067db20f4ab5753c33af1ff013ea7846293711f150f90|0x51314a1de815da4595f89c6c96bfb2405cdf26e09fb05ea9deb66ebf8d5f89c8|0xeae5059f8501d3b33e6c2f14d73edb7000f33d50b8148021286f956ab6b2b17d,"This market will resolve according to Brazil’s gross domestic product growth rate compared to the same quarter of the previous year (GDP at market prices, %) in the 1st quarter of 2026, as reported by the Instituto Brasileiro de Geografia e Estatística’s (IBGE) System of Quarterly National Accounts ",https://polymarket.com/event/brazil-gdp-growth-in-q1-2026
will-usd-hit-iranian-rials-by-may-31,Will USD hit ___ Iranian rials by May 31?,economy,exchange-rate|bank|usd|iran|economy|middle-east,2026-05-31T00:00:00Z,10,2026-04-30T19:26:44.768447Z,6,5,3788.37,98263.03,10651.69,23134.73,0.981,0,will-usd-reach-2pt0m-iranian-rials-by-may-31|will-usd-reach-1pt8m-iranian-rials-by-may-31|will-usd-fall-to-1pt6m-iranian-rials-by-may-31|will-usd-reach-1pt9m-iranian-rials-by-may-31|will-usd-fall-to-1pt7m-iranian-rials-by-may-31|will-usd-fall-to-1pt5m-iranian-rials-by-may-31,0x73e599a5a987ee9f739d1634d89aef38f55571e64630edf8a3b71f7d428583ea|0x877ce422a88ce926adc5732a5d961d225f3dc524a1d4eb3cc83f87846e533d7a|0xf96d3cbe677cc4c4c89f31c5f45403b5ccd5c3e6291ddfc440500979db62c9e6|0xf08efdf84d24228967df34cad753244b543af9df38799c0a965658ac8f2d5c13|0x82328689cf7f76da4029df8671057b126ca33334d7a05ef71924f5973d42ee4d|0x38ff830f3bb3d53ce004f19a0ba4d1b2fd21720915fd5e3a70881c51a4c731e4,"This market will resolve to “Yes” if the finalized USD exchange rate on Bonbast is equal to or above the specified price for any day between market creation and May 31, 2026. Otherwise, this market will resolve to “No”. This market will resolve according to the daily finalized free-market USD exchan",https://polymarket.com/event/will-usd-hit-iranian-rials-by-may-31
peoples-bank-of-china-rate-change-in-may,People's Bank of China rate change in May?,economy,global-rates|economy|pbc|china|all|pboc,2026-05-31T00:00:00Z,10,2026-04-30T00:04:49.338236Z,3,3,15.95,6630.00,9169.43,4283.68,0.810,0,will-the-peoples-bank-of-china-increase-rates-in-may|will-the-peoples-bank-of-china-decrease-rates-in-may|will-the-peoples-bank-of-china-not-change-rates-in-may,0x110e27034cdc8deeabe43ba69f39315fb62bd070bd55ae2e78c43685c55ef2bf|0x4ea08c9322e4d82a92ab91e39194fce7249c8997fd32c24cb05817dfd0db146e|0xfdf29434097572169cb64cfe8b638956022a68544fffe0820854568bb52c18b3,"This market will resolve according to the first change made to the People’s Bank of China (PBoC) 7-day reverse repo rate between May 1 and May 31, 2026, 11:59 PM China Standard Time (CST). An “increase” refers to any change in the 7-day reverse repo rate to a level higher than the most recent effect",https://polymarket.com/event/peoples-bank-of-china-rate-change-in-may
what-will-the-median-home-value-in-miami-be-on-may-31,What will the median home value in Miami be on May 31?,economy,economy|parcl|real-estate|housing,2026-05-31T00:00:00Z,10,2026-05-04T22:18:35.910512Z,7,7,0.00,673.88,309.44,361.61,0.995,1,will-the-median-home-value-in-miami-be-between-1136000-and-1161000-on-may-31|will-the-median-home-value-in-miami-be-between-1186000-and-1211000-on-may-31|will-the-median-home-value-in-miami-be-between-1236000-and-1261000-on-may-31|will-the-median-home-value-in-miami-be-less-than-1136000-on-may-31|will-the-median-home-value-in-miami-be-between-1161000-and-1186000-on-may-31|will-the-median-home-value-in-miami-be-between-1211000-and-1236000-on-may-31|will-the-median-home-value-in-miami-be-greater-than-1286000-on-may-31,0x703db8f0938e44e3be7bcd8590e079cf344c84cf6ecb22ab2a7ec9fa6689e926|0xb0f4b43cb98a196e834bdfdf667986984e75c7ad21b51513fd538e2b37d57caf|0x9d0832383b7c2dccea9185350999ceebe98f22bb65b927cb008b54e72ae6799d|0x08dce5f0aab9ca45d385571d6f4704a3834215de5b3bba5b66aa23313ad96a5c|0xab0c227e6d8b67a095e1970f36a0316407cbdb93750b345a8b9e6fab54849350|0x93f8ef6a52c04161a75bd88bee1bce45027c18f056d428c3cdf1ce104fa8f996|0x8f12defbc8224013c42ea25d1f4fe78d287de01211c5343f82a631f2ad1a4427,"This market will resolve according to the median home value for all property types in Miami, Florida on May 31, 2026. If the reported value falls exactly between two brackets, then this market will resolve to the higher range bracket. The resolution source will be official data from the Parcl Labs S",https://polymarket.com/event/what-will-the-median-home-value-in-miami-be-on-may-31
what-will-the-median-home-value-in-the-los-angeles-metro-area-be-on-may-31,What will the median home value in the Los Angeles Metro area be on May 31?,economy,housing|parcl|economy|real-estate,2026-05-31T00:00:00Z,10,2026-05-04T22:22:11.682095Z,7,7,6.74,626.43,765.53,537.92,0.960,2,will-the-median-home-value-in-the-los-angeles-metro-area-be-less-than-1166000-on-may-31|will-the-median-home-value-in-the-los-angeles-metro-area-be-between-1173000-and-1180000-on-may-31|will-the-median-home-value-in-the-los-angeles-metro-area-be-between-1187000-and-1194000-on-may-31|will-the-median-home-value-in-the-los-angeles-metro-area-be-greater-than-1209000-on-may-31|will-the-median-home-value-in-the-los-angeles-metro-area-be-between-1166000-and-1173000-on-may-31|will-the-median-home-value-in-the-los-angeles-metro-area-be-between-1180000-and-1187000-on-may-31|will-the-median-home-value-in-the-los-angeles-metro-area-be-between-1194000-and-1209000-on-may-31,0x3b72b38952503f9c620dbafb8ac97ab2a972b22a46c513567e69d8c2926f3c40|0x4e3f09007e18d2b238b3323ca6683f804c1f42153c29ee6518dee0d51a35881f|0xf01cc7a791cecd48b6b9a0232ace1d30ec53e1cdccdbf73391044ed8acc1f0ea|0x29b1aa4acff8a9a1a6bde5890d7f8f08a107e61d3090147ac1e93c2756506f6c|0x91b8730adc72c5fd2e0ec9c2537e4142c1bdf575a4f68efa6d88b13a8491d98f|0xa207b1b4c0121eb545f4b01d4d671c1a8b323146edb6a672900d273af35e7ba9|0xefcd4634b65ad43c56ca86dcff188f7f3c23f4491cba419aca03740af066bda3,"This market will resolve according to the median home value for all property types in the Los Angeles Metro area on May 31, 2026. If the reported value falls exactly between two brackets, then this market will resolve to the higher range bracket. The resolution source will be official data from the ",https://polymarket.com/event/what-will-the-median-home-value-in-the-los-angeles-metro-area-be-on-may-31
what-will-the-median-home-value-in-the-us-be-on-may-31,What will the median home value in the US be on May 31?,economy,parcl|real-estate|housing|economy,2026-05-31T00:00:00Z,10,2026-05-04T22:22:17.888878Z,8,8,71.46,830.15,579.24,709.41,0.965,0,will-the-median-home-value-in-the-us-be-less-than-432000-on-may-31|will-the-median-home-value-in-the-us-be-between-434000-and-436000-on-may-31|will-the-median-home-value-in-the-us-be-between-438000-and-440000-on-may-31|will-the-median-home-value-in-the-us-be-between-442000-and-445000-on-may-31|will-the-median-home-value-in-the-us-be-between-432000-and-434000-on-may-31|will-the-median-home-value-in-the-us-be-between-436000-and-438000-on-may-31|will-the-median-home-value-in-the-us-be-between-440000-and-442000-on-may-31|will-the-median-home-value-in-the-us-be-greater-than-445000-on-may-31,0x1e6827b760c93c925c26b88f04bb5f89c2a8ec04b15d13b7bdc31047b1bcd259|0x0c88f6168b8a12048ef8fc8852c2ace5e95ce6a1cf1f5cfb2350e53e0780c15e|0xbd55147c189ff840b15ed8277bb917b2de011e7526a090e9627287998c586ee8|0x7e0cdbec87fdc352a1e0a983c3dcb8bc537de1abb3ebeddd976d52c8c4641398|0x62b553df743e46de41c9260208fc0e6eafcfca1f2d3a7c3cf35d2b24504be532|0xe4b7165d6deae21c2697f4d4af646419e8b2cc82758009e2a920195683e6a2c0|0x64e46c16fb1d1d2c1c821941e3ca4ab8b876b80cfce5fddd0e41aac938bf88a2|0x2e545956294bb0ca46550a37fd680791767208e2753f6f0140fd01fe970cb800,"This market will resolve according to the median home value for all property types in the United States on May 31, 2026. If the reported value falls exactly between two brackets, then this market will resolve to the higher range bracket. The resolution source will be official data from the Parcl Lab",https://polymarket.com/event/what-will-the-median-home-value-in-the-us-be-on-may-31
what-will-the-median-home-value-in-new-york-city-be-on-may-31,What will the median home value in New York City be on May 31?,economy,parcl|real-estate|economy|housing,2026-05-31T00:00:00Z,10,2026-05-04T22:22:18.495595Z,8,8,23.59,1354.79,251.22,1229.00,0.828,0,will-the-median-home-value-in-new-york-city-be-between-602000-and-607000-on-may-31|will-the-median-home-value-in-new-york-city-be-between-612000-and-617000-on-may-31|will-the-median-home-value-in-new-york-city-be-between-622000-and-627000-on-may-31|will-the-median-home-value-in-new-york-city-be-greater-than-631000-on-may-31|will-the-median-home-value-in-new-york-city-be-less-than-602000-on-may-31|will-the-median-home-value-in-new-york-city-be-between-607000-and-612000-on-may-31|will-the-median-home-value-in-new-york-city-be-between-617000-and-622000-on-may-31|will-the-median-home-value-in-new-york-city-be-between-627000-and-631000-on-may-31,0x9c3fa71d0d7a9de7ab47c18080f0f2b40feaaec0ed911c1a765f24f8edac506f|0x55207f2f10e3c03bd119f6f9a66e7b43cab1b133b84648992ae48ba27e578a29|0x1e28074642b0527d76f3e5e5a999de6d46facbd3b40721008ccffcd48c588b20|0xa40b67e75b1e7289bfac3601fe10824d2dc02624888d4a247aea730071979e0a|0xa1a0703f91d8549f3d11b97a7497c3a2b31934f2645991743bb358f3a9e1a1cf|0xcdb2b844567f509bf2275bf6d602327d6b75f083390ea42543adef6bafdd7baf|0x14da2fd233036ae643f45b5b8d7511e32adcf377fae32530f50d0ae9d3ffb570|0xb04e537cc3f09c7535928a558cb6314bb7b68a509205d8e6e4bbf617191143d8,"This market will resolve according to the median home value for all property types in New York City, New York on May 31, 2026. If the reported value falls exactly between two brackets, then this market will resolve to the higher range bracket. The resolution source will be official data from the Par",https://polymarket.com/event/what-will-the-median-home-value-in-new-york-city-be-on-may-31
what-will-the-median-home-value-in-the-austin-texas-metro-area-be-on-may-31,"What will the median home value in the Austin, Texas Metro area be on May 31?",economy,economy|parcl|housing|real-estate,2026-05-31T00:00:00Z,10,2026-05-04T22:24:24.679617Z,8,8,30.00,707.17,241.73,326.89,0.839,0,will-the-median-home-value-in-the-austin-texas-metro-area-be-between-472000-and-475000-on-may-31|will-the-median-home-value-in-the-austin-texas-metro-area-be-between-478000-and-481000-on-may-31|will-the-median-home-value-in-the-austin-texas-metro-area-be-between-484000-and-487000-on-may-31|will-the-median-home-value-in-the-austin-texas-metro-area-be-greater-than-492000-on-may-31|will-the-median-home-value-in-the-austin-texas-metro-area-be-less-than-472000-on-may-31|will-the-median-home-value-in-the-austin-texas-metro-area-be-between-475000-and-478000-on-may-31|will-the-median-home-value-in-the-austin-texas-metro-area-be-between-481000-and-484000-on-may-31|will-the-median-home-value-in-the-austin-texas-metro-area-be-between-487000-and-492000-on-may-31,0xbfc487acf46e410d09399567a6400d5e20ab72f791b0b678c5eb877ac93192f7|0x4793c2199bd1117eccc69be709a17bec239d0a535ec159ff9d02f874244422c5|0xff27fe9f6308c15c1f2db9c8797e81fa16738ce0c66ca2ce212542bd7624753a|0x32471272be2e988d8cdc76af7735433cd1d5f84ad0d29afb017a3f4f521e104e|0x08aec001ae276e3445e881b09cda491681f6635650db01a0ba63a9f8f8047390|0x994042c45d6e7474ab314d12e1d89330f75923b235cec836f3f716aa39f6d267|0x1c02b77134a4e96975f5cf1a1670039289eb4a20a8da1b96602871d9b7e9bcd5|0x983023ae4b5386b0569102e4dcb9cb09446fcd4458a0cf484e3dd0d68ac5f5fb,"This market will resolve according to the median home value for all property types in the Austin, Texas Metro area on May 31, 2026. If the reported value falls exactly between two brackets, then this market will resolve to the higher range bracket. The resolution source will be official data from th",https://polymarket.com/event/what-will-the-median-home-value-in-the-austin-texas-metro-area-be-on-may-31
what-will-the-median-home-value-in-the-san-francisco-metro-area-be-on-may-31,What will the median home value in the San Francisco Metro area be on May 31?,economy,parcl|economy|housing|real-estate,2026-05-31T00:00:00Z,10,2026-05-04T22:26:54.741197Z,8,8,0.00,1989.50,93.61,1939.50,0.853,0,will-the-median-home-value-in-the-san-francisco-metro-area-be-between-1228000-and-1238000-on-may-31|will-the-median-home-value-in-the-san-francisco-metro-area-be-between-1249000-and-1259000-on-may-31|will-the-median-home-value-in-the-san-francisco-metro-area-be-less-than-1228000-on-may-31|will-the-median-home-value-in-the-san-francisco-metro-area-be-between-1238000-and-1249000-on-may-31|will-the-median-home-value-in-the-san-francisco-metro-area-be-between-1259000-and-1270000-on-may-31|will-the-median-home-value-in-the-san-francisco-metro-area-be-between-1280000-and-1301000-on-may-31|will-the-median-home-value-in-the-san-francisco-metro-area-be-between-1270000-and-1280000-on-may-31|will-the-median-home-value-in-the-san-francisco-metro-area-be-greater-than-1301000-on-may-31,0x26f935428ccd1b3e871102ba2d9b915479de78a4b80630775ce356377a84bdd2|0x52169b3794fc6bda6168802bd4994d89547c087686ffcb2ab4e7c5f42653e320|0xcff5f27d93a7a2a7438c524cc729c182ee8ca10e56e5340a4abc41c24f850058|0x33fb75cf41dc5b73a50f4d9245a3277ba482d20ae0241df9ad881e4cd3d35ff1|0xc70bd0d6cabb2c36e83b956cf37c478ccaaa10892fda65948168fdd68dfffb89|0x7b3f1b213ef70a5be29fac57955e20f418131600b8f9d5808bab1169fc6c87e4|0x361e10adb92075dbb0d547466cdcf46fa35ec0a82c921001c70d38d0bf8220c0|0xdd9731fecd05503676c54e72052d2f52d5d82c9ea0e5ce36d365d3fbf0d8ed36,"This market will resolve according to the median home value for all property types in the San Francisco Metro area on May 31, 2026. If the reported value falls exactly between two brackets, then this market will resolve to the higher range bracket. The resolution source will be official data from th",https://polymarket.com/event/what-will-the-median-home-value-in-the-san-francisco-metro-area-be-on-may-31
what-will-the-median-home-value-in-the-dc-metro-area-be-on-may-31,What will the median home value in the DC Metro area be on May 31?,economy,parcl|economy|housing|real-estate,2026-05-31T00:00:00Z,10,2026-05-04T22:26:59.349636Z,8,8,0.00,1233.94,90.76,1142.22,0.581,0,will-the-median-home-value-in-the-dc-metro-area-be-less-than-553000-on-may-31|will-the-median-home-value-in-the-dc-metro-area-be-between-559000-and-566000-on-may-31|will-the-median-home-value-in-the-dc-metro-area-be-between-572000-and-579000-on-may-31|will-the-median-home-value-in-the-dc-metro-area-be-between-585000-and-598000-on-may-31|will-the-median-home-value-in-the-dc-metro-area-be-between-553000-and-559000-on-may-31|will-the-median-home-value-in-the-dc-metro-area-be-between-566000-and-572000-on-may-31|will-the-median-home-value-in-the-dc-metro-area-be-between-579000-and-585000-on-may-31|will-the-median-home-value-in-the-dc-metro-area-be-greater-than-598000-on-may-31,0x9e1135c0f61b974edf150f0289a11d7a365cb7cd3209ccf6445efccaaddc61bf|0x4e556bb3a769f039695913d8e639c6dd51ed298101432fda9d5fd0e864b96e43|0x5574fdb42375a23e54fbf00ce4a67741b6d85536b0c7635e33d402a8d6a6fd1c|0x9c9d3ad23a4762d7c0ba9e6200da9b66ceeb7018080895c99c9128c93ee88c39|0xc618d6fe8bd16be7a47adbc3d4d7fc9c711b2659a0bac0b04d9af428a248b686|0x107e4217549115c8024b97a76e6c68bcd3d2a1c776abd54a57a2906c324fbaf5|0xebddfee12145b5b7dd75bcfb84f2661a5c418f75cb7f8b10a3f3ab0406932493|0xae9814411fdd971a6756c9353415662edbb92c3edb90d73ef0d282ad8ffee8a2,"This market will resolve according to the median home value for all property types in the Washington, D.C. Metro area on May 31, 2026. If the reported value falls exactly between two brackets, then this market will resolve to the higher range bracket. The resolution source will be official data from",https://polymarket.com/event/what-will-the-median-home-value-in-the-dc-metro-area-be-on-may-31
what-will-the-median-home-value-in-chicago-be-on-may-31,What will the median home value in Chicago be on May 31?,economy,economy|parcl|housing|real-estate,2026-05-31T00:00:00Z,10,2026-05-04T22:30:19.029603Z,8,8,16.06,484.93,448.85,315.26,0.877,0,will-the-median-home-value-in-chicago-be-less-than-344000-on-may-31|will-the-median-home-value-in-chicago-be-between-345000-and-347000-on-may-31|will-the-median-home-value-in-chicago-be-between-348000-and-349000-on-may-31|will-the-median-home-value-in-chicago-be-between-351000-and-353000-on-may-31|will-the-median-home-value-in-chicago-be-between-344000-and-345000-on-may-31|will-the-median-home-value-in-chicago-be-between-347000-and-348000-on-may-31|will-the-median-home-value-in-chicago-be-between-349000-and-351000-on-may-31|will-the-median-home-value-in-chicago-be-greater-than-353000-on-may-31,0x9ee01b2e87dea7d0c9c742463d2bcd0726c43988de99e0b83f4bf6a67a3e0765|0xc96cd38fd60ac9254a41dbfbd6109935222cae16922328980550fcbc99a8faf4|0x29793a6c073a6e1d7b8076a481874902c2057e0b7c9190898bcbf4066c676e60|0xd9770b60add89cf2c8986f790676aa3dc68158cb1710eda0020d1169605a0467|0x200ab3cc372193fa8f3532c6c6aa590bc4edbc60d20039c1884cbe3d6e04aed4|0x2a087e4dfd73dd85807fc12480c7a9b0730aa3ebf6498f86ac6b713c572e12af|0xe7ab38549ac21059cff2c3c810bf6ca0a82042c4b61d7774caf9d404dc9205f2|0xd8ee649d9263d9f3b146a6c50273d5e4b3fdc529beb694f487516e18e16b2113,"This market will resolve according to the median home value for all property types in Chicago on May 31, 2026. If the reported value falls exactly between two brackets, then this market will resolve to the higher range bracket. The resolution source will be official data from the Parcl Labs Sales Pr",https://polymarket.com/event/what-will-the-median-home-value-in-chicago-be-on-may-31
may-unemployment-rate-168,May Unemployment Rate,economy,economy|macro-indicators|jobs|unemployment,2026-06-05T00:00:00Z,15,2026-05-08T16:51:26.62972Z,9,9,249.60,1041.23,27223.55,709.59,0.975,0,will-the-may-2026-unemployment-rate-be-4pt0|will-the-may-2026-unemployment-rate-be-4pt1|will-the-may-2026-unemployment-rate-be-4pt2|will-the-may-2026-unemployment-rate-be-3pt9|will-the-may-2026-unemployment-rate-be-4pt6|will-the-may-2026-unemployment-rate-be-4pt3|will-the-may-2026-unemployment-rate-be-4pt4|will-the-may-2026-unemployment-rate-be-4pt7|will-the-may-2026-unemployment-rate-be-4pt5,0xb7d7b176d9e929a4a7bfb047cfa77bbf6dd6ab0e8637209a53230dff829630ac|0x842e07723da0d7e62968a927cf5018ae0313cab29292ff0d0d9a4aeb3dc98995|0x5dd8b182003440f3b36b2219907057271d154a7a1303550fa9cc98202715cf88|0xd232fc47c9f6de8d313e701a8cd35b6e5887917f20389d92c88d387fdb29dcf9|0x718464c8223d9ec682cf01f90e21ac774cb53e4c055e04b2223a04ee7d5a5128|0xd55867cc20f58b22c25dc80b53bdb3acf0f45895d1a05cdc8f6e27844f6d81f4|0xd19771d820c0874d9e2a1c427c96fb6b4aa6b5742bb528b5518fe60dd86b503e|0xfeb36a1484d0a2f9ed1a9ab69fb4d8119299f7d5af47c4c331269ab9af4c80cc|0x79cda13f05442370aa8e3403c230cd5157c3cdd07e3b446d8d828a4dfd650736,"This market will resolve according to the seasonally adjusted unemployment rate (total unemployed, as a percent of the civilian labor force, official unemployment rate denoted as U-3) reported by the Bureau of Labor Statistics in the Employment Situation Report for May 2026. The resolution source fo",https://polymarket.com/event/may-unemployment-rate-168
how-many-jobs-added-in-may-945,How many jobs added in May?,economy,macro-indicators|nonfarm-payroll|economy|nfp,2026-06-05T00:00:00Z,15,2026-05-08T17:00:54.714427Z,6,6,1.65,425.46,13838.82,159.57,0.902,0,will-the-us-add-at-least-200k-jobs-in-may|will-the-us-add-between-100k-and-150k-jobs-in-may|will-the-us-add-between-0-and-50k-jobs-in-may|will-the-us-add-between-150k-and-200k-jobs-in-may|will-the-us-lose-jobs-in-may|will-the-us-add-between-50k-and-100k-jobs-in-may,0x5e1c7633cc32c3ed572e97c35da2aad55c60c55eb7f321c16bffa96b12b4d9aa|0x5ab29b036f27ec7a9c5d07c8e37bcac81baa15a7c8ad3ff03c60ce63a4e319a3|0x8c7c82c8768a5854e34227bb0352d8445c405c682559cb958c1b22fe2675fb9e|0x43d3318edbc2c6bd4a23aeec4630740c74133d8fd7a19f59ec5e219cd12a31e1|0xd45b76f8999521d030751dd90e418fb2209cb7fe16ef12096de1d4af42931f8b|0x4008ffaaf58ed4302a9695400f2b4cb089fcbfcac261b0e14bd570116a44fee6,"This market will resolve according to the change in the total nonfarm payroll employment reported by the BLS ""Employment Situation Summary"" for May 2026, scheduled to be released on June 5, 2026, at 8:30 AM ET. If the reported value falls exactly between two brackets, then this market will resolve t",https://polymarket.com/event/how-many-jobs-added-in-may-945
bank-of-canada-decision-in-june,Bank of Canada decision in June?,economy,world|global-rates|canada|economy|rate,2026-06-10T00:00:00Z,20,2026-03-24T23:43:56.82297Z,4,4,544.55,29791.37,44305.91,7858.89,0.819,0,will-the-bank-of-canada-announce-a-50-bps-decrease-at-the-june-meeting|will-the-bank-of-canada-announce-a-25-bps-decrease-at-the-june-meeting|will-the-bank-of-canada-announce-no-change-at-the-june-meeting|will-the-bank-of-canada-announce-an-increase-at-the-june-meeting,0x8c2beab0e154c578ef23dfba88d8648dba30d292cb96988ad4e33bacad4b2e15|0xfb58cedd4b17f09429e0ad84f4824244ff9e6678481d02d740a2fd77c3b1db16|0xaa5aa8844cdcb27f9224d55472a4017788d54e36080250c7b6c63d537fb3d6de|0x146cdf818590e91110ab0ec950b367020625c792ce1953f12bb5e7c439643797,"This market will resolve to the amount of basis points the target for the overnight rate is changed by versus the level it was prior to the Bank of Canada's June 2026 meeting. If the target for the overnight rate is changed to a level not expressed in the displayed options, the change will be rounde",https://polymarket.com/event/bank-of-canada-decision-in-june
may-inflation-us-monthly,May Inflation US - Monthly,economy,economy|inflation|cpi|rewards-20-4-5-50|macro-indicators,2026-06-10T08:00:00Z,21,2026-05-12T19:11:07.057351Z,9,9,7953.18,12923.80,44684.97,5260.06,0.991,0,will-monthly-inflation-increase-by-0pt1-or-less-in-may|will-monthly-inflation-increase-by-0pt3-in-may-811|will-monthly-inflation-increase-by-0pt6-in-may|will-monthly-inflation-increase-by-0pt8-in-may|will-monthly-inflation-increase-by-0pt2-in-may-419|will-monthly-inflation-increase-by-0pt7-in-may|will-monthly-inflation-increase-by-0pt4-in-may|will-monthly-inflation-increase-by-0pt9-or-more-in-may|will-monthly-inflation-increase-by-0pt5-in-may,0x1238975c24547156c288a645a7d9e4bd3bc46bbb3790f0bbc6332c31c30250f0|0xc642575bea233d94818da50c43b93578b99b3976e05d9db528d5f99205d73a50|0x5df2b1eee1b40c0ff3ae1c0c3bac9697f718ded26c3eff9ddb0084f613a71a34|0x3d5e7bf9b70ad47937c85bc4728be4ed421bf80ce714f0e17d0d9026f00c0e84|0x47084ccf0484680371b0055a122446081b1a81d6ddfecf2ca4b46d218a9fc92c|0x1c978df1ef2ffa70155e81e94fe5c9e74774f4c046fdf8b9b8a7983b981f545e|0xe2d112ac92d94c29edfc66bd39be876d298966eae73e815a377fc2decf8291a7|0x339cbfc3622d775e4904a15b60356be545dd232e41eed5dcf517038856b0dcef|0x6ad572256da9fbebdf401cdd368618424644077700b5e1d1461236112d18bffa,This is a market about the one-month percent change in the seasonally adjusted Consumer Price Index for All Urban Consumers (CPI-U) published by the Bureau of Labor Statistics (BLS). This market will resolve to the one-month percent change in the seasonally adjusted Consumer Price Index for All Urba,https://polymarket.com/event/may-inflation-us-monthly
may-inflation-us-annual,May Inflation US - Annual,economy,cpi|inflation|economy|rewards-20-4-5-50|macro-indicators,2026-06-10T08:00:00Z,21,2026-05-12T19:50:56.071491Z,12,12,38429.64,149675.34,125699.71,36171.81,0.987,0,will-annual-inflation-be-3pt3-or-less-in-may|will-annual-inflation-be-3pt4-in-may-715-782|will-annual-inflation-be-3pt6-in-may-986-389|will-annual-inflation-be-3pt8-in-may-315-277|will-annual-inflation-be-4pt4-or-more-in-may|will-annual-inflation-be-3pt5-in-may-178-525|will-annual-inflation-be-3pt7-in-may-842-613|will-annual-inflation-be-3pt9-in-may-733-934|will-annual-inflation-be-4pt0-in-may|will-annual-inflation-be-4pt1-in-may|will-annual-inflation-be-4pt2-in-may|will-annual-inflation-be-4pt3-in-may,0xa4478fcbfa9da68bcc7210e80a8156581bf2a499e1a9e4547f3d94a55deaaf18|0xe296ac5add962fd47fa1e6c0b72b0916cbe933ae7ef9436d0758fa844bc67ff1|0x57da6dcdfbaf9126887b91226a51c52369daf6ad132a6ad76d19f6b2b4f11b51|0x8ab95ea735a3478e81d15fbfae6f2e31219fef9925981cb957350b40ee5e3eb7|0x016a4bca735c197c1d5171a427ab46da9c58f29d292bb4b706c5ff5b189e04f2|0x5a3e61b44034cbce9de2de8427af285e13202d106e1608c43ffffa06e99cba7b|0xc85dcba61eb4a32c5047c58e9ea691de274106a937b47d5e7849b3860a561e91|0x267b9ea3c26cb96aa952961ca8a555604811f275bf1d48f12320bd5820e8b892|0x015bff0e99821b8969a706f0ea310c5f39f66cb86c5ea92c9e562407c63695f2|0xdc90996b9dcd8a412afc38bc8a3e73f364a4099ccee581cdbf14b9eb34ddf287|0x1f916787432121b23c3fd09ad2b309a34888bf1c98f304f0d1cc40c95d052ca0|0x809b695481bca7c2eddb11ad9ed9b3ca8341ee9f33d1e86fe1344ed509dea3f3,"This is a market about inflation over the 12-month period ending May 2026, before seasonal adjustment, as reported by the Bureau of Labor Statistics. This market will resolve to the percentage change in the Consumer Price Index (CPI) over the 12-month period ending in May 2026 according to the month",https://polymarket.com/event/may-inflation-us-annual
price-of-dozen-eggs-in-may-835,Price of Dozen Eggs in May?,economy,economy|inflation|cpi|macro-indicators|rewards-20-4-5-50,2026-06-10T08:00:00Z,21,2026-05-12T19:14:53.83456Z,10,10,9315.05,11921.77,53757.49,3332.53,0.998,0,will-a-dozen-eggs-cost-between-1pt752pt00-in-may|will-a-dozen-eggs-cost-between-2pt753pt00-in-may|will-a-dozen-eggs-cost-1pt50-in-may|will-a-dozen-eggs-cost-between-2pt252pt50-in-may|will-a-dozen-eggs-cost-between-3pt253pt50-in-may|will-a-dozen-eggs-cost-between-1pt501pt75-in-may|will-a-dozen-eggs-cost-between-2pt502pt75-in-may|will-a-dozen-eggs-cost-3pt50-in-may|will-a-dozen-eggs-cost-between-2pt002pt25-in-may|will-a-dozen-eggs-cost-between-3pt003pt25-in-may,0xe6c82cb0e6c632cbeaea6a174259807460257d38d7c70b3ab51ef2aa0a516652|0x167640c2a86048a1c7fe6c06458a274e78e13b9e7ed69afbc1ac26c664402ba7|0x54ad2f38f2ababac00e3f1b1c86d2e566b86a57059e7c2a88c3e9325dc1cc41d|0xa7b8ca25b7668fc824c5049ae78cd3f910b65607bc95a38086d93544fad0e1e5|0x5b9499c67349ac6ea0905c6575293b7d4617a3f29e426f4aba3f70c5d5e7b448|0x32e064449211e91a3bb46055b8413f4fc8a1cf8cd6063490c0ea5b78fd36ebd0|0x52c7d82180909e03c1dcc8db5f7c25957795a1111fdc387b3129a1e4d509e115|0xbb2bfbfa053406c2c3bfee73257f2119342dd040102f21edb1684885ca1cb3bb|0xd360aecc49ee09a80f422b66360380182ac2a1201d997f2d9aa189fdcad57b14|0x903b8a68ba73e20eab5dda57d92da968cb76f19e42b81f4310909bc394bede42,"This market will resolve to the bracket within which the price for ""Eggs, Grade A, Large (Cost per Dozen) in U.S. City Average"" lies when the May data point is published by the St. Louis Fed (https://fred.stlouisfed.org/series/APU0000708111). The St. Louis Fed bases its numbers for egg prices on the",https://polymarket.com/event/price-of-dozen-eggs-in-may-835
ecb-interest-rates-june-2026,ECB Interest Rates: June 2026,economy,interest-rates|europe|economy|global-rates|economic-policy|european-central-bank,2026-06-11T00:00:00Z,21,2026-03-19T23:33:53.809879Z,5,5,31327.50,327845.67,84719.05,65650.36,0.891,0,will-the-ecb-announce-a-25-bps-decrease-at-the-june-2026-meeting|will-the-ecb-announce-an-increase-at-the-june-2026-meeting|will-the-ecb-announce-a-50-bps-decrease-at-the-june-2026-meeting|will-the-ecb-announce-no-change-at-the-june-2026-meeting|will-the-ecb-announce-a-50-bps-increase-at-the-june-2026-meeting,0x750a2af2236366b55e59691c82e91b1bea9aa04d2c668afa308d88854fec81f1|0xc7781eb0e4ab55dcecb64bba3cdb58a03d1275cfdc87ff4bbc4c20005b283681|0x4e2fb098afc05850b0941a5d97ebb7833fb5eb26d1744d7b3c73a815037ebf83|0xf154d470878d214ef528445c15ba77263f59123939362d495d83bbb0ec7a9c43|0x747b73e330b59aab9266491ae4c8ae9f79286e4da5f46656a0f61e9d767ee49d,"This market will resolve to the amount of basis points the upper bound of the deposit facility rate is changed by versus the level it was prior to the European Central Bank's (ECB) June 2026 meeting. If the deposit facility rate is changed to a level not expressed in the displayed options, the chang",https://polymarket.com/event/ecb-interest-rates-june-2026
argentina-monthly-inflation-may,Argentina Monthly Inflation - May,economy,argentina|economy|inflation|macro-indicators,2026-06-11T00:00:00Z,21,2026-05-13T21:30:52.928605Z,8,8,120.20,47893.00,8046.77,693.01,1.000,0,will-argentinas-monthly-inflation-in-may-2026-be-less-than-or-equal-to-2pt1|will-argentinas-monthly-inflation-in-may-2026-be-between-2pt2-and-2pt4|will-argentinas-monthly-inflation-in-may-2026-be-between-2pt5-and-2pt7|will-argentinas-monthly-inflation-in-may-2026-be-between-2pt8-and-3pt0|will-argentinas-monthly-inflation-in-may-2026-be-between-3pt1-and-3pt3|will-argentinas-monthly-inflation-in-may-2026-be-between-3pt4-and-3pt6|will-argentinas-monthly-inflation-in-may-2026-be-between-3pt7-and-3pt9|will-argentinas-monthly-inflation-in-may-2026-be-4pt0-or-higher,0x649820d554c9e8d579ba4034b3eda10ad8d7e63250a82221bab92ea2cf43a9e6|0x182a54d7760117c78a35b7c30dd290581edfeba9d95bd967489621e898ac9e27|0x9b4c0ad5e92c1574fc7f633dec261f664ffed00fbcea3e2e00153d7b5d17c009|0x31e602f87f028557c92a6fa5422f117eba525c5e27e50ca0fb1774aa4c44e90e|0xbf7dfa444bce9641a11fa99f653510fafe9acfbafc5fb178eaf43f2676d18dbc|0xb79eedd256f40a233a7c31524c5be66d7d220498f98c702cc17ffa05de02e4ab|0x29e7286bbcc8d299eb23582760e6b178450ede126d1b195129ac20b4b5aeb439|0xe4fa8cc01c9c64731d68cf6e91e3779063009c5c42eaca7ddbb5217ddb709510,"This is a market about the monthly variation of consumer prices in Argentina, before seasonal adjustment, as reported by the National Institute of Statistics and Census (INDEC) of Argentina. This market will resolve according to the monthly percentage change in the Consumer Price Index (CPI / IPC) i",https://polymarket.com/event/argentina-monthly-inflation-may
bank-of-japan-decision-in-june,Bank of Japan Decision in June?,economy,japan|interest-rates|global-rates|economy|economic-policy|world,2026-06-16T00:00:00Z,26,2026-03-19T23:17:51.829904Z,4,4,4259.85,132973.60,22168.15,21949.92,0.909,0,bank-of-japan-increases-interest-rates-by-50-bps-after-the-june-2026-meeting|bank-of-japan-decreases-interest-rates-after-the-june-2026-meeting|no-change-in-bank-of-japans-interest-rates-after-the-june-2026-meeting|bank-of-japan-increases-interest-rates-by-25-bps-after-the-june-2026-meeting,0xd175952df3f4312096d408a699c922af54d31b17b8d22afb35e8f09016053de9|0xba7ce27f7204f5813d992cd3d71c72cc8138268041b2a80d52109f0a13b77a4f|0xe2fc1b6f5e644f939e090c42c309a498db86fb3bc20c02f05021ab42f1567de7|0xb3237c597bd198f2e5af2d9c2597c71cdda3ab88649a410a917798b3eec8cff4,"The Statement on Monetary Policy for the Bank of Japan's Monetary Policy meeting for June is scheduled to be released on June 16, 2026 (https://www.boj.or.jp/en/mopo/mpmsche_minu/index.htm). This market will resolve to the amount of basis points the upper bound of the short-term policy interest rate",https://polymarket.com/event/bank-of-japan-decision-in-june
reserve-bank-of-australia-decision-in-june,Reserve Bank of Australia Decision in June?,economy,rba|world|australia|economic-policy|economy|global-rates,2026-06-16T00:00:00Z,26,2026-03-19T23:36:19.046975Z,3,3,1976.42,28072.14,15847.36,3474.23,0.904,0,will-the-reserve-bank-of-australia-decrease-the-target-for-the-cash-rate-after-the-june-meeting|will-the-reserve-bank-of-australia-increase-the-target-for-the-cash-rate-after-the-june-meeting|will-the-reserve-bank-of-australia-make-no-change-to-the-target-for-the-cash-rate-after-the-june-meeting,0xb803406ccafae5640ca20d7dd14d594343899dfb011b267897ee211c517e4aee|0xd4719b9909ddfd1c2b1bac37d800e4cedbca38fcc36272030f70176cb4b23c1e|0x8644f95a4ddf30f4428f7250e2a9ea3a9d3b2b52942e2116c61bc8c5bca2555a,"This market will resolve according to the change in the target for the cash rate resulting from the Reserve Bank of Australia Monetary Policy Board’s June meeting, relative to the level it was prior to this meeting. The resolution source for this market is information released by the Reserve Bank of",https://polymarket.com/event/reserve-bank-of-australia-decision-in-june
bank-of-brazil-decision-in-june,Bank of Brazil Decision in June?,economy,global-rates|brazil|world|economy|economic-policy,2026-06-16T00:00:00Z,26,2026-03-24T23:39:56.705682Z,3,3,1798.16,149823.42,45841.70,33884.47,0.926,0,will-the-bank-of-brazil-increase-the-selic-rate-after-june-2026-meeting|no-change-in-the-selic-rate-after-bank-of-brazils-june-2026-meeting|will-the-bank-of-brazil-decrease-the-selic-rate-after-june-2026-meeting,0x1b9241de79ca65e8ce76396b3845854363e5ae949f9eba70986f923fb4ecc9ce|0x0111a2756734a64f9d70fd6b8f8ed3bb583b19935a2fccc62b0c98b3f1557eac|0xa68cd3b1f9fa774651b49a0679fe8d68e8dbf7d1b30d8bf4e9525704d0e72718,This market will resolve according to the change in the target for the Selic rate as a result of the monetary policy decision of the Bank of Brazil's June 2026 meeting versus the level it was prior to this meeting. The resolution source for this market is information released by the Bank of Brazil a,https://polymarket.com/event/bank-of-brazil-decision-in-june
fed-decisions-mar-jun,Fed decisions (Mar-Jun),economy,fed|parlays|economy|fed-rates|economic-policy|jerome-powell|fomc,2026-06-17T00:00:00Z,27,2026-01-29T22:23:38.052802Z,9,3,4518.44,1118585.57,66102.18,50350.72,0.814,0,will-the-fed-cutpausepause-in-the-next-three-decisions-maraprjun|will-the-fed-cutcutpause-in-the-next-three-decisions-maraprjun|will-the-fed-pausepausepause-in-the-next-three-decisions-maraprjun|will-the-fed-pausecutpause-in-the-next-three-decisions-maraprjun|will-the-fed-decide-differently-in-the-next-three-decisions-maraprjun|will-the-fed-cutpausecut-in-the-next-three-decisions-maraprjun|will-the-fed-cutcutcut-in-the-next-three-decisions-maraprjun|will-the-fed-pausepausecut-in-the-next-three-decisions-maraprjun|will-the-fed-pausecutcut-in-the-next-three-decisions-maraprjun,0x83111e684e0351507e8725b998560b5aed24f6047ed2d4a7318eef79b0ebfdbf|0x7e0f54ae66168a233ac177be4e51d83a1a981e1bd1d42476b21d657c870bcf4b|0x221e0b7d9646f5a4262509e8c4c856299c422e21571018dcb3d5bd288d70afd0|0x028441ca49d358b80fcef82cc07e3924d5f6d5c03fde55e5a138d3d5f9be35b8|0x982460624c93de97715ff5323897965b42c7e20ea01daeaad98e6833241d0612|0x6b726e1630fc7bbc5afe8c14fc5d6cc6892ae66d066281ed343a22739e9e533c|0x168e73c685fc1f957f63d6d571fc627c49458526816cf66d88a1b4eea7b25222|0x92410744b32432595f784c83740ecef014ff508e8c56c8152405c6d64880ac00|0x22ed0a1f029b7ca62fee0d6b759b502d20967348b627984478679d4ee7f0f1e3,The FED interest rates are defined in this market by the upper bound of the target federal funds rate. The decisions on the target federal funds rate are made by the Federal Open Market Committee (FOMC) meetings. This market will resolve according to the decisions made by the next three Federal Open,https://polymarket.com/event/fed-decisions-mar-jun
bank-of-england-decision-in-june-221,Bank of England decision in June?,economy,economy|global-rates|economic-policy|england|uk,2026-06-18T00:00:00Z,28,2026-03-24T23:37:40.226981Z,5,5,27639.48,207576.15,48609.30,31344.11,0.827,0,no-change-in-bank-of-englands-interest-rates-after-june-2026-meeting|bank-of-england-decreases-interest-rates-by-25-bps-after-june-2026-meeting|bank-of-england-increases-interest-rates-after-june-2026-meeting|bank-of-england-decreases-interest-rates-by-50-bps-after-june-2026-meeting|bank-of-england-increases-interest-rates-by-50-bps-after-june-2026-meeting,0x817d4b78894e48d96d85a6e016bd12958d3d2a11915f10988f66b45de2751ac0|0x077bef5e0626b2da84f4075558ef75436218c705fefe9c419e68c27b46dc5b23|0x5d67e894a960a0485f73815e468702674b3c8de4ed5edae0ed94dbc10473eb74|0x4057e6709481119273eb7189872001e8a22094db5ed39da02546438d1b699f4e|0x268e100a44b2e89149a1f9a335e397b551fbbfd68b2ec13f032f5288a364f554,"The summary for the Bank of England's Monetary Policy Committee meeting for June 2026 is scheduled to be released on June 18, 2026. This market will resolve to the amount of basis points the upper bound of the Bank Rate is changed by versus the level it was prior to the Bank of England's June 2026 m",https://polymarket.com/event/bank-of-england-decision-in-june-221
bank-of-russia-decision-in-june,Bank of Russia decision in June?,economy,economy|global-rates|bor|economic-policy|world|russia,2026-06-19T00:00:00Z,29,2026-03-20T00:10:34.487611Z,3,3,331.62,52064.23,13322.66,17589.18,0.885,0,will-the-bank-of-russia-decrease-the-key-rate-after-the-june-meeting|will-the-bank-of-russia-increase-the-key-rate-after-the-june-meeting|will-the-bank-of-russia-make-no-change-to-the-key-rate-after-the-june-meeting,0x1daa856d50fe01a0bf8f8bb168705fc6ae929faa0f00252fb7ad3461c8db7a3d|0x6e2513e599fcd025b9af1c1591e1ab4f4c8a9599a5b59a6a149dce4668629d74|0xe2da9a8cdf0abbe6b6b89cef2fc14ae7686419c33606d696bd15d8ccf302a818,"This market will resolve according to the change in the key rate resulting from the Bank of Russia’s June meeting, relative to the level it was prior to this meeting. The resolution source for this market is information released by the Bank of Russia after its June 19, 2026 meeting as listed on the ",https://polymarket.com/event/bank-of-russia-decision-in-june
bank-of-mexico-decision-in-june,Bank of Mexico Decision in June,economy,global-rates|economic-policy|mexico|banxico|economy,2026-06-25T00:00:00Z,35,2026-03-27T20:46:32.101706Z,3,3,353.50,11458.17,4125.91,5548.05,0.832,0,will-the-bank-of-mexico-announce-no-change-at-the-june-meeting|will-the-bank-of-mexico-announce-a-decrease-at-the-june-meeting|will-the-bank-of-mexico-announce-an-increase-at-the-june-meeting,0x7fc2ef7c733fb853dc3247e6ac9f8740265ed5c41423400dfadd4b4601e9cdce|0x2f1db759c6a4f4b67b73374755ecb50ca71a8b549a216881b0bd4581f8c6b403|0xb6233af1a33b9803a8cc50d587ad4a281d18afeb5ca897e95a03c069532d2615,This market will resolve according to the change in the target for the overnight interbank interest rate as a result of the monetary policy decision of the Bank of Mexico's June 2026 meeting versus the level it was prior to this meeting. The resolution source for this market is information released ,https://polymarket.com/event/bank-of-mexico-decision-in-june
central-bank-of-colombia-decision-in-june,Central Bank of Colombia Decision in June?,economy,economy|economic-policy|world|global-rates|colombia,2026-06-30T00:00:00Z,40,2026-04-02T19:54:23.78998Z,3,3,0.00,4016.50,6837.74,1486.69,1.000,0,will-the-central-bank-of-colombia-announce-a-decrease-at-the-june-meeting|will-the-central-bank-of-colombia-announce-no-change-at-the-june-meeting|will-the-central-bank-of-colombia-announce-an-increase-at-the-june-meeting,0xfd60b975dc670704eb83ea1e8a2b06726e9cb88d57bcb1524fa7d472ad7698b6|0xdb57f9b9232a158cb5837b0d33ff54d61cdb8cce1ab4c9cd2a2bf57b284d5d22|0xde7971d294b406b3184545a9295b01ba25d45e0358108710986c0b5b1393c478,This market will resolve according to the change in the target for the monetary policy rate as a result of the Central Bank of Colombia's June 2026 meeting versus the level it was prior to this meeting. The resolution source for this market is information released by the Central Bank of Colombia aft,https://polymarket.com/event/central-bank-of-colombia-decision-in-june
bank-of-israel-decision-in-july,Bank of Israel Decision in July?,economy,israel|economy|boi|global-rates|interest-rate,2026-07-06T00:00:00Z,46,2026-03-30T19:54:30.381665Z,3,3,0.00,1199.29,4054.86,562.34,0.998,0,will-the-bank-of-israel-make-no-change-to-the-bank-of-israel-interest-rate-after-the-july-decision|will-the-bank-of-israel-decrease-the-bank-of-israel-interest-rate-after-the-july-decision|will-the-bank-of-israel-increase-the-bank-of-israel-interest-rate-after-the-july-decision,0x17c51c52caf554ca5337fb1391dae64e2b9dda236ff5725e27191faae96e1b83|0xac8094e49053b7b8db7e434a0703db67b12d85e40335950afec12ed995f0fc8b|0x8a62ae76b62a2c1fff66e3e199f5db0acc328e99ad1a608c5621f8ecabf8f265,"This market will resolve according to the change in the Bank of Israel Interest Rate resulting from the Bank of Israel’s July monetary policy decision, relative to the level it was prior to this decision. The resolution source for this market is information released by the Bank of Israel after its J",https://polymarket.com/event/bank-of-israel-decision-in-july
bank-of-canada-decision-in-july,Bank of Canada Decision in July?,economy,economy|global-rates|canada,2026-07-15T00:00:00Z,55,2026-04-30T00:08:10.245585Z,5,5,231.28,4000.23,13400.63,1256.80,0.941,0,will-the-bank-of-canada-increase-the-target-for-the-overnight-rate-by-50-bps-at-the-july-interest-rate-announcement|will-the-bank-of-canada-make-no-change-to-the-target-for-the-overnight-rate-at-the-july-interest-rate-announcement|will-the-bank-of-canada-decrease-the-target-for-the-overnight-rate-by-50-bps-at-the-july-interest-rate-announcement|will-the-bank-of-canada-increase-the-target-for-the-overnight-rate-by-25-bps-at-the-july-interest-rate-announcement|will-the-bank-of-canada-decrease-the-target-for-the-overnight-rate-by-25-bps-at-the-july-interest-rate-announcement,0x0910b7112f384c6be32ebccfc2f7c0f0e3e19f2e9787166d141349837d324eda|0x5a5a8ad60367ff6fc38c350b08891b7e34b338c8b821b8698ac0ccf630afe953|0x86bb19db99eb1e89a50e07f2948f98ac082b0f3e052ed9439c788e36a663bf45|0xc28c158775ac425760f36198547687328be7b6ccf943d63212e2a0a56b8de4b5|0x2f5978811f72eed22b49802880801f20e8216e2b5aeac38fa61ba2ca880a21d8,"This market will resolve according to the change in basis points in the target for the overnight rate resulting from the July 2026 interest rate announcement of the Bank of Canada, relative to the level it was prior to this announcement. The resolution source will be official information from the Ba",https://polymarket.com/event/bank-of-canada-decision-in-july
bank-of-korea-decision-in-july,Bank of Korea decision in July?,economy,south-korea|global-rates|economy|bok|world,2026-07-16T00:00:00Z,56,2026-04-13T22:27:34.41033Z,3,3,1225.34,14764.39,5383.44,2311.28,0.998,0,will-the-bank-of-korea-decrease-the-base-rate-after-the-july-meeting|will-the-bank-of-korea-increase-the-base-rate-after-the-july-meeting|will-the-bank-of-korea-make-no-change-to-the-base-rate-after-the-july-meeting,0x95cfdb3ffb01b029a7f2b766c2ebf0ba677fc8a75f65300643c68516041724d5|0x4961d77539d2ae985a957254aa479a1cf95394be11d03b4a39be8278695f6e5a|0x532bc7c57ab441649590c6d3477c7ec1cf145914d5aebc5f0580c6d2a81e0526,"This market will resolve according to the change in the base rate resulting from the Bank of Korea’s July monetary policy meeting, relative to the level it was prior to this meeting. The resolution source for this market is information released by the Bank of Korea after its July 16, 2026 policy-set",https://polymarket.com/event/bank-of-korea-decision-in-july
china-gdp-growth-yy-in-q2-2026,China GDP growth (Y/Y) in Q2 2026?,economy,macro-indicators|china|economy|gdp|rewards-20-4-5-50,2026-07-16T00:00:00Z,56,2026-04-20T21:37:38.344232Z,9,9,1580.40,27180.83,27666.68,4402.36,0.999,0,will-china-gdp-growth-in-q2-2026-be-between-4pt0-and-4pt3|will-china-gdp-growth-in-q2-2026-be-between-4pt6-and-4pt9|will-china-gdp-growth-in-q2-2026-be-between-5pt2-and-5pt5|will-china-gdp-growth-in-q2-2026-be-between-5pt8-and-6pt1|will-china-gdp-growth-in-q2-2026-be-less-than-4pt0|will-china-gdp-growth-in-q2-2026-be-between-4pt3-and-4pt6|will-china-gdp-growth-in-q2-2026-be-between-4pt9-and-5pt2|will-china-gdp-growth-in-q2-2026-be-between-5pt5-and-5pt8|will-china-gdp-growth-in-q2-2026-be-at-least-6pt1,0xb141cf8b87ac142530d387f9099289e2ce8bbbfbbd5a80971758e5e601f1b2ae|0x800be7611c7efcdf5827c049e0baac8b6047b506af412e283dbac9ce7e202560|0x339ef2e6999b5fb8d818bc46a33cb05052e232c4f98121b4977a66a5ac4bda52|0xece9ba8a439ff9328741e56f112c78ae433a709a66acbb2580322f0413868cde|0x6887c26b460f1a92154f3a69c728087738a267917f5e6de248d980d13b799665|0x7ccef198fac90ac8a29aed052fc8c5c08b16bff84b3b4ded112248a9d8f885c2|0x4af115cc5eadfbaa831523a17f297842011e6ba4175fc194b6d1e5e862193077|0xfb442d0e8ab3dd32f376bdd0b0fdad1593a8050d00bccc7be0ae6809a7ebc2f1|0xe8f6bff34996217c533756d90902bb2b2a3c01601f63e96c8d3c3015fc80102b,"This market will resolve according to China's Y/Y Growth Rate (%) of Gross Domestic Product (GDP) in the ""Preliminary Accounting Results of GDP"" release for Q2 of 2026, scheduled for July 16, 2026. The GDP release will be made available here: https://www.stats.gov.cn/english/PressRelease/ If the rep",https://polymarket.com/event/china-gdp-growth-yy-in-q2-2026
south-korea-gdp-growth-yoy-in-q2-2026,South Korea GDP growth (YoY) in Q2 2026?,economy,economy|south-korea|gdp,2026-07-23T00:00:00Z,63,2026-04-23T22:37:37.051089Z,8,8,11.79,1972.33,3107.42,608.98,0.922,0,will-south-korea-gdp-growth-in-q2-2026-be-less-than-1pt5|will-south-korea-gdp-growth-in-q2-2026-be-between-2pt5-and-2pt9|will-south-korea-gdp-growth-in-q2-2026-be-between-4pt0-and-4pt4|will-south-korea-gdp-growth-in-q2-2026-be-between-1pt5-and-1pt9|will-south-korea-gdp-growth-in-q2-2026-be-between-2pt0-and-2pt4|will-south-korea-gdp-growth-in-q2-2026-be-between-3pt0-and-3pt4|will-south-korea-gdp-growth-in-q2-2026-be-between-3pt5-and-3pt9|will-south-korea-gdp-growth-in-q2-2026-be-at-least-4pt5,0x93970fd772d2716fc4a0115d5ad0c9479d8cf86fee0625a65d226a89fd79f79e|0x9b1fcab34a900d498a84e7691d8fb1dbb83ba74eb00cc3b27fe669f32ebd6d53|0x9b573e0a302903bb286a1f7868005011b6894f83e6fba4ed6c380c88ec3e03e2|0xa447c8b4931f8736018a9adb0f4ee26d1fcfefa1d442c8eca6c8b15a39c8b78a|0xbb58b9ede928127eed02d2aee3d493bee565565553c2c2124a37cb406e28551f|0xa656297ec6f9a3fca7e5164e0247bace3e641afc415d4a64ffb4f6e11bc72939|0xcc76f09c637c421ac812bfa7df0aa0c83dda264aece5fa90f67e74580a9b6e69|0x788a06fb0e443cecb6e6187336f18203f864a80b87e349b9152c755f945e1ae0,"This market will resolve according to South Korea's real Gross Domestic Product (GDP) growth rate (Year-on-Year, %) in the second quarter of 2026, as reported in the Bank of Korea’s Real Gross Domestic Product (Advance Estimate) release for the second quarter of 2026, scheduled for release on July 2",https://polymarket.com/event/south-korea-gdp-growth-yoy-in-q2-2026
ecb-interest-rates-july-2026,ECB Interest Rates: July 2026,economy,economy|european-central-bank|europe|global-rates,2026-07-23T00:00:00Z,63,2026-04-30T18:32:58.591683Z,5,5,49.34,715.45,14525.78,381.13,0.994,0,will-the-ecb-announce-a-50-bps-decrease-at-the-july-2026-meeting|will-the-ecb-announce-no-change-at-the-july-2026-meeting|will-the-ecb-announce-a-50-bps-increase-at-the-july-2026-meeting|will-the-ecb-announce-a-25-bps-decrease-at-the-july-2026-meeting|will-the-ecb-announce-a-25-bps-increase-at-the-july-2026-meeting,0x60b57453fb6201117b22f9427b403f47ed98e8e0bd69b482ec403f6374c393d2|0x13ca23189a09423b464147d3fa35bc210f6bd589ee115d947676784ec2418e71|0x62fd5556fb8d5ab32c0a97505c96dd7a6bab52924a1bfe21dad687d2540db1df|0xca744588e35b6caa08fa5c010d6cdd1c7c3dbc584fc603740ef9b8f810780660|0x9b319ffe86e0717a1dfdc5019f9f1aeb72bde74e9d75612950c2156ad47b4cde,"This market will resolve according to the change in basis points in the deposit facility rate resulting from the July 2026 meeting of the European Central Bank, relative to the level it was prior to this meeting. The resolution source will be official information from the European Central Bank, incl",https://polymarket.com/event/ecb-interest-rates-july-2026
bank-of-russia-decision-in-july,Bank of Russia decision in July?,economy,interest-rates|russia|economy|global-rates|bor,2026-07-24T00:00:00Z,64,2026-04-24T21:54:19.406304Z,3,3,116.70,947.44,5036.56,513.06,0.958,0,will-the-bank-of-russia-decrease-the-key-rate-after-the-july-meeting|will-the-bank-of-russia-increase-the-key-rate-after-the-july-meeting|will-the-bank-of-russia-make-no-change-to-the-key-rate-after-the-july-meeting,0x7e8794e4ff149da85bbb5e4609d79466fc68d4a84bb54aea2727caa496aa8406|0x8698f69b12ddb5f251251abf7b7973c6578a6d2b69f35bb5c35cbe1a245afe79|0x2d5c8e9a38609661a11de7532c7049cb44a99b347cb1e81a3d7b8b418df386a4,"This market will resolve according to the change in the key rate resulting from the Bank of Russia’s July meeting, relative to the level it was prior to this meeting. The resolution source for this market is information released by the Bank of Russia after its July 24, 2026 meeting as listed on the ",https://polymarket.com/event/bank-of-russia-decision-in-july
fed-decisions-apr-jul,Fed decisions (Apr-Jul),economy,fed|fed-rates|parlays|economic-policy|economy|fomc|jerome-powell,2026-07-29T00:00:00Z,69,2026-03-24T23:49:45.393325Z,9,5,250.00,49335.92,57036.66,1760.14,0.844,0,will-the-fed-cutpausepause-in-the-next-three-decisions-aprjunjul|will-the-fed-cutpausecut-in-the-next-three-decisions-aprjunjul|will-the-fed-cutcutpause-in-the-next-three-decisions-aprjunjul|will-the-fed-cutcutcut-in-the-next-three-decisions-aprjunjul|will-the-fed-pausepausepause-in-the-next-three-decisions-aprjunjul|will-the-fed-pausepausecut-in-the-next-three-decisions-aprjunjul|will-the-fed-pausecutpause-in-the-next-three-decisions-aprjunjul|will-the-fed-pausecutcut-in-the-next-three-decisions-aprjunjul|will-the-fed-decide-differently-in-the-next-three-decisions-aprjunjul,0x61133f1fd3957b316afa2f8c172878fc7933d2c7d62ceda06843162b50bbe134|0x63fa88e1141a284ab4e78b321f0d6a772416e1766ab23c241e0b0809946883bb|0xe1d008c0a97787f6146fd65c368c9a127a94ce6c97f202a9619afa33e8e6e027|0xedfcb448b21d1896bd8eb45aa97b2ed828e61bef831c5926380b5326931b554e|0x647fe897e10ecde7f5bf00b420cd00b76634b7de8830ae683136c9d3102c5532|0xcc4d677ee6e9ccf49ef775ff434ee1e3075a006a81e1d5032f0343964a00bdac|0x67e026765defb5e87a8f4523401bb1aabdcb66dd326ed80c09152776604771aa|0x750e64d6e78ef869d2b410094bfec47969b584e152a6e3b90733039c58b3e6e8|0x7618e80c410d107b9929455007e4ccf649630ac6aec6a76ebcd04ae9946dd514,The FED interest rates are defined in this market by the upper bound of the target federal funds rate. The decisions on the target federal funds rate are made by the Federal Open Market Committee (FOMC) meetings. This market will resolve according to the decisions made by the next three Federal Open,https://polymarket.com/event/fed-decisions-apr-jul
us-gdp-growth-in-q2-2026,US GDP growth in Q2 2026?,economy,economic-policy|gdp|macro-indicators|economy|rewards-20-4-5-50,2026-07-30T00:00:00Z,70,2026-04-30T18:32:59.668891Z,7,7,6.58,3371.49,7317.69,1152.17,0.943,0,will-us-gdp-growth-in-q2-2026-be-between-1pt0-and-1pt5|will-us-gdp-growth-in-q2-2026-be-between-2pt0-and-2pt5|will-us-gdp-growth-in-q2-2026-be-between-3pt0-and-3pt5|will-us-gdp-growth-in-q2-2026-be-less-than-1pt0|will-us-gdp-growth-in-q2-2026-be-between-1pt5-and-2pt0|will-us-gdp-growth-in-q2-2026-be-between-2pt5-and-3pt0|will-us-gdp-growth-in-q2-2026-be-greater-than-3pt5,0x40df085761181d25bcdd5715a743ab1b06323b0f68683d3bd2fe7d5fa11b1960|0xa3a8bbabfa3069a5301ecbdcf5defcdff10b6c2dc7ad2a58b2805cc90f02770f|0x4e8bd7c295b79258d3581e8fef733cf7990883127d10e5a41805b4a136574312|0x2fbd2dd1e58234aaa3d9ad3ad8637fdbdcdca5cef384e7dba27f652afd23bc0b|0xcb0820efdbc7813d883c71a348ca8109cc6d5b74feb928ba3992bf41ba45d663|0x88cf368125d325223b6f21c2b004448d9f9c22d101cd9aaadaa131647798b609|0x2a48c165b2f8792429afe26c4ef2ec2af68889c77c4c9e2627ffac7ef41e589b,"This market will resolve according to the seasonally adjusted and annualized GDP ""Advance Estimate"" release for Q2 of 2026, scheduled for July 30, 2026. If the reported value falls exactly between two brackets, then this market will resolve to the higher range bracket. The GDP release will be made a",https://polymarket.com/event/us-gdp-growth-in-q2-2026
bank-of-england-decision-in-july,Bank of England decision in July?,economy,economy|global-rates|uk|england,2026-07-30T00:00:00Z,70,2026-04-30T18:36:50.787698Z,5,5,0.00,373.22,4363.43,318.96,0.958,0,bank-of-england-decreases-interest-rates-by-50-bps-after-july-2026-meeting|no-change-in-bank-of-englands-interest-rates-after-july-2026-meeting|bank-of-england-increases-interest-rates-by-50-bps-after-july-2026-meeting|bank-of-england-decreases-interest-rates-by-25-bps-after-july-2026-meeting|bank-of-england-increases-interest-rates-by-25-bps-after-july-2026-meeting,0x4b2959a705b9cc69c3ac277e2da189ae9d3543f5c68f3b5f066169083c2be611|0x7edc5c0a5071c1428da9fec9aa6f522595e8911c2d3743b7aa73b8ec2f499d4f|0xf8de11ab73be73bae46af65c9713e120c476f603bcc56977dd638bacd77c879d|0x374574bd20d2f6d5cc930496732c44960e5587da91b182f932d71431f16f2b03|0x6d7cf7d069fc722cae0e7653dd98ba9d31670ce174f04652b6a7988eee89c14c,"This market will resolve according to the change in basis points in the Bank Rate resulting from the July 2026 meeting of the Bank of England’s Monetary Policy Committee, relative to the level it was prior to this meeting. The resolution source will be official information from the Bank of England, ",https://polymarket.com/event/bank-of-england-decision-in-july
mexico-gdp-growth-in-q2-2026,Mexico GDP growth in Q2 2026?,economy,macro-indicators|mexico|gdp|macro|economy,2026-07-30T06:00:00Z,71,2026-05-04T15:46:14.658646Z,8,8,0.00,46.66,2583.08,44.58,0.868,0,will-mexico-gdp-growth-in-q2-2026-be-between-0pt0-and-0pt5-473|will-mexico-gdp-growth-in-q2-2026-be-between-1pt0-and-1pt5-999|will-mexico-gdp-growth-in-q2-2026-be-between-2pt0-and-2pt5-687|will-mexico-gdp-growth-in-q2-2026-be-less-than-0pt0|will-mexico-gdp-growth-in-q2-2026-be-between-0pt5-and-1pt0-614|will-mexico-gdp-growth-in-q2-2026-be-between-1pt5-and-2pt0-453|will-mexico-gdp-growth-in-q2-2026-be-at-least-2pt5-151|will-mexico-gdp-growth-in-q2-2026-be-between-0pt5-and-0pt0,0x2bc6ae80f1e357942bd8f6e96b239dde44a5cd6e9f3c3a5eca5b9ff1729f849f|0xd73bff3092e0c4bf0a35da772b59cba3c069c980b4a1656eda2c886031587e17|0x99285cb79c85086cff29e78f5fca5b48c27a0311b826ec85ca460cf11654e6ad|0xf2c6911c8dd33d38eba6f65719f58c61b6954c6b2021d202f384c3e94ff2925d|0x53cc7f3da61ae2a3fea6ffe0d6a9e5e5839dd3e9466ebdb3b9e597ce175c9fce|0xd0b445937bf46f3173fa2956931e21fbeae2a3ecae60609a3dd28e41368b368b|0xf57d1b36540028b10c42ba351ab57a7a9592e6cf86fd63ad1a692226128ed629|0xb5e81ed4505222492089b249b90ae7cc57b8232bb8b627902496bddc8679c94a,"This market will resolve according to Mexico's Y/Y Growth Rate of Gross Domestic Product (GDP) in the ""Timely Estimate of Quarterly GDP"" release for Q2 of 2026, scheduled for release on July 30, 2026. If the reported value falls exactly between two brackets, then this market will resolve to the high",https://polymarket.com/event/mexico-gdp-growth-in-q2-2026
eurozone-gdp-growth-in-q2-2026,Eurozone GDP growth in Q2 2026,economy,macro-indicators|economic-policy|gdp|economy,2026-07-30T06:00:00Z,71,2026-05-04T15:48:44.512684Z,7,7,0.00,90.00,2262.17,70.00,0.997,0,will-eurozone-gdp-growth-in-q2-2026-be-less-than-0pt0|will-eurozone-gdp-growth-in-q2-2026-be-between-0pt4-and-0pt7|will-eurozone-gdp-growth-in-q2-2026-be-between-1pt2-and-1pt5|will-eurozone-gdp-growth-in-q2-2026-be-at-least-2pt0|will-eurozone-gdp-growth-in-q2-2026-be-between-0pt0-and-0pt3|will-eurozone-gdp-growth-in-q2-2026-be-between-0pt8-and-1pt1|will-eurozone-gdp-growth-in-q2-2026-be-between-1pt6-and-1pt9,0x332795e682556e4efec2cfa897e6be12f7793d79af3baa1e5ff303497e0ba8f8|0xc7278221c82a892056250c1962fe445b6c1ec79c4bd956bd4b9f9a30c05e3127|0x87a5c99bd094a04016cdb92924a8da7f448d7f015e4ca22060b6bf8533a6da97|0x0e7854c0cd56963325cf92d3703fdebd58a41c41a3a9b1efc497d0bc3643b259|0xed252bf95df9e888ec5b4b5136afb3ab0845c82fe17bc08d0329eb22f835d53c|0x4d6bde89ed147bbcd0ebf677a87bbce6061da030f500998b32b0aa44f50523e7|0x005609b51e824a123f6a3589a43adfbdb72ddfe89f4748e25b7242ccfe2246b1,"This market will resolve according to the Eurozone (Euro Area 21) Q2 2026 GDP growth rate over the same quarter of the previous year (% change), based on seasonally adjusted data, in the Eurostat Preliminary Flash Estimate of GDP release for Q2 of 2026, scheduled for July 30, 2026. If the reported v",https://polymarket.com/event/eurozone-gdp-growth-in-q2-2026
germany-gdp-growth-in-q2-2026,Germany GDP growth in Q2 2026?,economy,gdp|economy|macro-indicators|germany|economic-policy,2026-07-30T06:00:00Z,71,2026-05-04T15:52:14.373112Z,6,6,0.00,16.74,2544.31,16.74,0.847,0,will-germany-gdp-growth-in-q2-2026-be-less-than-or-equal-to-0pt0|will-germany-gdp-growth-in-q2-2026-be-between-0pt4-and-0pt6|will-germany-gdp-growth-in-q2-2026-be-between-1pt0-and-1pt2|will-germany-gdp-growth-in-q2-2026-be-between-0pt1-and-0pt3|will-germany-gdp-growth-in-q2-2026-be-between-0pt7-and-0pt9|will-germany-gdp-growth-in-q2-2026-be-at-least-1pt3,0xb895a712418096470dd93b6a400958ad8dc8f6a918fea84ed5406d573c6f71ca|0xb3db298098bcb999dc9c91a4515f55ef191b1a9810488e68273d0ffed5faa56e|0x0df2be93c060d50d769dcceed5af845bf73c16ea1c3bbfe1d08374767f1a2668|0x00139748aa8dfe595589a72f959b9522235939d0e8b5e488372438a45da2e681|0x5cfd72a3e92385652cf8ec8802a66bfd73164175cf7f0c3d5ffc2a911fff8cf1|0x644762669ddcefc9a59866175ce7f9d59cd07ea715bdcb4e3654772131de351c,"This market will resolve according to the German GDP growth rate (% change) on the same quarter a year earlier, price adjusted, as reported in the first release of the Destatis Gross Domestic Product press release for Q2 of 2026, expected to be released on July 30, 2026. The GDP release will be made",https://polymarket.com/event/germany-gdp-growth-in-q2-2026
bank-of-japan-decision-in-july-659,Bank of Japan Decision in July?,economy,japan|global-rates|world|boj|economy|economic-policy,2026-07-31T00:00:00Z,71,2026-04-28T23:12:47.901873Z,5,5,0.00,921.18,6857.56,680.24,0.981,0,bank-of-japan-decreases-interest-rates-by-50-bps-after-the-july-2026-meeting|no-change-in-bank-of-japans-interest-rates-after-the-july-2026-meeting|bank-of-japan-increases-interest-rates-by-50-bps-after-the-july-2026-meeting|bank-of-japan-decreases-interest-rates-by-25-bps-after-the-july-2026-meeting|bank-of-japan-increases-interest-rates-by-25-bps-after-the-july-2026-meeting,0xc1d195585e88b912e243224a0e04829bb1c47e9f18073a3dcafc1dacd42a8346|0x2716a89ac0adb404b1651b2f8c153261ea28fddcc2523f6664638a5aeb0a77cb|0x32f42493c8f05f46da6d8c6b6f7b75bab035e279c91ca19464053d84bc1f5a1f|0xc5ac0de9a3525da35980ff23dbee8e866e4ca78a1b3fc48a64a3b1444b3ef1d7|0x86d6d59585490e727fe4669279391c9a09f4c3588b5652e913fea4383855aa63,"The Statement on Monetary Policy for the Bank of Japan's Monetary Policy meeting for July is scheduled to be released on July 31, 2026 (https://www.boj.or.jp/en/mopo/mpmsche_minu/index.htm). This market will resolve to the amount of basis points the upper bound of the short-term policy interest rate",https://polymarket.com/event/bank-of-japan-decision-in-july-659
central-bank-of-colombia-decision-in-july,Central Bank of Colombia decision in July?,economy,economy|global-rates|colombia,2026-07-31T00:00:00Z,71,2026-04-30T18:36:51.36893Z,5,5,0.00,48.68,1519.28,35.34,0.525,0,will-the-central-bank-of-colombia-decrease-the-monetary-policy-interest-rate-by-25-bps-at-the-july-meeting|will-the-central-bank-of-colombia-increase-the-monetary-policy-interest-rate-by-25-bps-at-the-july-meeting|will-the-central-bank-of-colombia-decrease-the-monetary-policy-interest-rate-by-50-bps-at-the-july-meeting|will-the-central-bank-of-colombia-make-no-change-to-the-monetary-policy-interest-rate-at-the-july-meeting|will-the-central-bank-of-colombia-increase-the-monetary-policy-interest-rate-by-50-bps-at-the-july-meeting,0xf59c7a8bb078489dc39d4b9d2f63800b0c0429098eb0ac2fdd210e40274dd888|0xc2e7e68b3c971a7bf9a1235282838c98e9ecf2f9578be473ae594da802db03a7|0x0cf0a02d42bd4e67f4cb14b561589e51b4e17883358c4d394000873c7304ff0e|0x73cf51a15aa6c5bf4fc748ea68508c827e972c651365356dc363daa13b4044f1|0x747f998499960ba4e1fb9af126a2d266d69c490f4a991a8568c9836088a88374,"This market will resolve according to the change in basis points in the monetary policy interest rate resulting from the July 2026 meeting of the Central Bank of Colombia (Banco de la Republica), relative to the level it was prior to this meeting. The resolution source will be official information f",https://polymarket.com/event/central-bank-of-colombia-decision-in-july
bank-of-brazil-decision-in-august,Bank of Brazil decision in August?,economy,economy|global-rates|brazil,2026-08-04T00:00:00Z,75,2026-04-30T00:01:47.004979Z,5,5,10.76,2164.43,20778.05,1039.83,0.999,0,will-the-bank-of-brazil-increase-the-target-for-the-selic-rate-by-50-bps-at-the-august-meeting|will-the-bank-of-brazil-make-no-change-to-the-target-for-the-selic-rate-at-the-august-meeting|will-the-bank-of-brazil-decrease-the-target-for-the-selic-rate-by-50-bps-at-the-august-meeting|will-the-bank-of-brazil-increase-the-target-for-the-selic-rate-by-25-bps-at-the-august-meeting|will-the-bank-of-brazil-decrease-the-target-for-the-selic-rate-by-25-bps-at-the-august-meeting,0x7b45e6eead7cbcb63e242ba0a771ed324c22cf36b96df0c1562be42bd1f6e777|0xa58e20682b23995b0fd20964962e6388727bf15fb004206cae740462f7d181cf|0xbbf51c04cf05c3a99e590db75b95fc651e788870d26f983cfd2c42e9b4c9e0b5|0x3fafa3875ae13cd82752078cfecb760cca897a352c045d2fdc42784024d2718d|0x72c0a78cc4255678e80c3b13117a3d6c4134151963cb2e8bfb62478a71e5385e,"This market will resolve according to the change in basis points in the target for the Selic rate resulting from the August 2026 meeting of the Bank of Brazil’s Monetary Policy Committee (COPOM), relative to the level it was prior to this meeting. The resolution source will be official information f",https://polymarket.com/event/bank-of-brazil-decision-in-august
bank-of-mexico-decision-in-august,Bank of Mexico Decision in August?,economy,banxico|economy|mexico|global-rates,2026-08-06T00:00:00Z,77,2026-05-12T14:50:27.442979Z,5,5,448.84,2903.77,2350.80,2408.60,0.972,0,bank-of-mexico-decreases-interest-rates-by-50-bps-after-august-2026-meeting|bank-of-mexico-decreases-interest-rates-by-25-bps-after-august-2026-meeting|no-change-in-bank-of-mexicos-interest-rates-after-august-2026-meeting|bank-of-mexico-increases-interest-rates-by-25-bps-after-august-2026-meeting|bank-of-mexico-increases-interest-rates-by-50-bps-after-august-2026-meeting,0x8b2b748bbfd47a68a16f9c65984ffed1daad042f94c1f505a02a9876cc65b9f2|0xbae7256639952b3901769ec1a142d80d2ca3d243a28d8fee733f7ac6e07ef5a7|0xf4a41125f734865ded42916a9b6816a0f10eb62465905ee814363a3086e651e0|0xffe2b9aff6591c0dd87a3189f48093f482a69b7494df4856d235152a5d189c50|0xbd46a9e7533c37158f4b514673ee97d4b25df10b85196fa0a7518b9550463aa4,"This market will resolve according to the change in basis points in the target for the overnight interbank interest rate resulting from the August 2026 meeting of the Bank of Mexico, relative to the level it was prior to this meeting. The resolution source will be official information from the Bank ",https://polymarket.com/event/bank-of-mexico-decision-in-august
reserve-bank-of-australia-decision-in-august,Reserve Bank of Australia Decision in August,economy,aus|economy|world|rba|global-rates,2026-08-11T00:00:00Z,82,2026-05-12T01:16:32.503494Z,5,5,0.00,225.12,15661.44,111.79,0.862,0,reserve-bank-of-australia-decreases-interest-rates-by-50-bps-at-the-august-2026-meeting|reserve-bank-of-australia-decreases-interest-rates-by-25-bps-at-the-august-2026-meeting|no-change-in-reserve-bank-of-australias-interest-rates-at-the-august-2026-meeting|reserve-bank-of-australia-increases-interest-rates-by-25-bps-at-the-august-2026-meeting|reserve-bank-of-australia-increases-interest-rates-by-50-bps-at-the-august-2026-meeting,0x1cf3622a379181e9776801cfd93fabd909b3871d82de486e039d5b778042d685|0x6fccf1dc1483aa8ccd8a230549bc3eccd63de5e7b7e1449f15e4805994e8191a|0x8c39e2ee7d85026ab1e23dd0ad927676f4c5b122051effafbe7764f817dbdc37|0x1522ada3f83e1a97a6ec5d83e8df4e7bffda7e3d83793931e70634a3e3dfa0cb|0xb3a257ccb05531f71ff7a1bc926cbac4668b0168a5643c8f5f52b38a0610b5be,"This market will resolve according to the change in basis points in the cash rate target resulting from the August 2026 meeting of the Reserve Bank of Australia (RBA) Monetary Policy Board, relative to the level it was prior to this meeting. The resolution source will be official information from th",https://polymarket.com/event/reserve-bank-of-australia-decision-in-august
fed-decisions-jun-sep,Fed decisions (Jun-Sep),economy,fed-rates|fed|fomc|parlays|economy|jerome-powell,2026-09-16T00:00:00Z,118,2026-04-30T00:01:47.191445Z,9,9,22.77,1450.27,75848.28,408.82,0.948,0,will-the-fed-cutpausepause-in-the-next-three-decisions-junjulsep|will-the-fed-cutcutpause-in-the-next-three-decisions-junjulsep|will-the-fed-pausepausepause-in-the-next-three-decisions-junjulsep|will-the-fed-pausecutpause-in-the-next-three-decisions-junjulsep|will-the-fed-decide-differently-in-the-next-three-decisions-junjulsep|will-the-fed-cutpausecut-in-the-next-three-decisions-junjulsep|will-the-fed-cutcutcut-in-the-next-three-decisions-junjulsep|will-the-fed-pausepausecut-in-the-next-three-decisions-junjulsep|will-the-fed-pausecutcut-in-the-next-three-decisions-junjulsep,0x939991996943dc503bf17a76ec71cd68c6eccc8a67f0bc56389259722dffd8fd|0x0db535388174e80feca135f1f09120239ea3b82a21f4c25ab8c2f9d3e402f08d|0xd17e44ec063959238b3e4587475977a584618f7e18892d7b13b47051dbaa9a35|0x2c027dcabf04d8aafebe86337180f6959f6341adeb2dcc22f590992dd0d9978e|0x1b56e46dba9e7b2bf93db18e7a79de3f97037314a46f8ebc93b541ae5f396200|0xe96aaa3201601142ed4ae92f086b42ad717c822bc84f59ffc2c98077c2b7a1b4|0x8ce59af7975a10eaf038ea88181f20cdf50e9b08f58bb7705a765c6e1338894f|0x3d58efa61842054779ee3541eb4394024172a4a111ee0606e6ec535f27bb7082|0x9288e07cc3a716cad898081de864f2fffad42e5f48bf923aad42a36403d2ae9a,The FED interest rates are defined in this market by the upper bound of the target federal funds rate. The decisions on the target federal funds rate are made by the Federal Open Market Committee (FOMC) meetings. This market will resolve according to the decisions made by the next three Federal Open,https://polymarket.com/event/fed-decisions-jun-sep
fed-rate-hike-in-2026,Fed rate hike in 2026?,economy,fed|economic-policy|jerome-powell|economy|fed-rates|macro-single,2026-12-09T00:00:00Z,202,2025-12-10T21:11:18.479556Z,1,1,47734.57,1175343.22,61660.93,271129.57,0.948,0,fed-rate-hike-in-2026,0x80b3af88cb991980e8da1ce86b9794a0957f96ec98c29319dd7ba65e9744d82b,"This market will resolve to “Yes” if the upper bound of the target federal funds rate is increased at any point between January 1, 2026 and the Fed's December 2026 meeting, currently scheduled for December 8-9, 2026. Otherwise, this market will resolve to “No”. This market may not resolve to ""No"" un",https://polymarket.com/event/fed-rate-hike-in-2026
major-us-bank-bailout-before-2027,Major U.S. bank bailout before 2027?,economy,economy,2026-12-31T00:00:00Z,224,2025-11-12T23:33:53.38714Z,1,1,0.00,3630.87,1979.35,1611.13,0.885,0,major-us-bank-bailout-before-2027,0x766e0dae76c4c67969a1634fb9deefcaab494577d821f911cffef00870ac47c3,"This market will resolve to ""Yes"" if a U.S. bank with total assets exceeding $50 billion as of November 11, 2025 (see:https://www.federalreserve.gov/releases/lbr/current/), is bailed out by the U.S. federal government by December 31, 2026, 11:59 PM ET. Otherwise this market will resolve to “No”. A b",https://polymarket.com/event/major-us-bank-bailout-before-2027
ecb-rate-hike-in-2026,ECB rate hike in 2026?,economy,economic-policy|eu|ecb|europe|economy|global-rates|macro-single,2026-12-31T00:00:00Z,224,2025-12-23T22:46:44.123947Z,1,1,37.50,115055.02,9513.02,22854.62,0.841,1,ecb-rate-hike-in-2026,0x26e6aa82c5fa62e9a146521aa5bfd7b5f4c5b47b92e66507defe992bd09a173f,"This market will resolve to “Yes” if the upper bound of the European Central Bank’s (ECB) deposit facility rate is increased at any point between January 1, 2026 and the conclusion of the ECB's December 2026 meeting, currently scheduled for December 16-17, 2026. Otherwise, this market will resolve t",https://polymarket.com/event/ecb-rate-hike-in-2026
ecb-rate-cut-in-2026,ECB rate cut in 2026?,economy,europe|economic-policy|economy|eu|global-rates,2026-12-31T00:00:00Z,224,2025-12-23T22:46:43.33909Z,1,1,6.74,27919.84,2083.90,6798.70,0.871,1,ecb-rate-cut-in-2026,0x7afb0968d23370cf4daf85e6a483c45197181ffbc26122465af70ee15e56d286,"This market will resolve to “Yes” if the upper bound of the European Central Bank’s (ECB) deposit facility rate is decreased at any point between January 1, 2026 and the conclusion of the ECB's December 2026 meeting, currently scheduled for December 16-17, 2026. Otherwise, this market will resolve t",https://polymarket.com/event/ecb-rate-cut-in-2026
how-high-will-us-unemployment-go-in-2026,How high will US unemployment go in 2026?,economy,nfp|unemployment|macro-indicators|nonfarm-payroll|economy|bls,2026-12-31T00:00:00Z,224,2026-01-02T18:56:04.53782Z,5,5,2162.00,406572.39,14316.93,104937.16,0.956,13,will-us-unemployment-reach-at-least-5pt0-in-2026|will-us-unemployment-reach-at-least-5pt5-in-2026|will-us-unemployment-reach-at-least-6pt0-in-2026|will-us-unemployment-reach-at-least-7pt0-in-2026|will-us-unemployment-reach-at-least-10pt0-in-2026,0xf7cb64502151bde17648b90f53abc3e5338b4193d14a636e225dffcb245b5c16|0x21a83ad85d5579df54f4659abf1a4e7722156b0b04204e77ecfa6c3533ceb5e5|0x1b0a4870cd50bdf9e9e5bc9f8ad42b011fadd554610f99699db34dca6d09fde1|0x109e5e08aee879d79a67aa1f22a3bb4684165a64b3fd9c85abecdbb28bf24cf5|0x086ffc767cb5b55cedc4a98f7c2e4b279f5f805ed93929493054334ebc74af1f,"This market will resolve to “Yes” if any seasonally adjusted unemployment rate (total unemployed, as a percent of the civilian labor force, official unemployment rate denoted as U-3) reported by the Bureau of Labor Statistics in an “Employment Situation Report” for a reference month in 2026 is great",https://polymarket.com/event/how-high-will-us-unemployment-go-in-2026
argentina-official-usd-exchange-rate-end-of-2026,Argentina Official USD Exchange Rate end of 2026?,economy,world|economy|argentina|dollar|exchange-rate,2026-12-31T00:00:00Z,224,2026-01-21T15:29:41.982563Z,9,9,0.00,6988.04,7193.33,1594.98,0.994,0,will-the-official-usd-to-ars-exchange-rate-be-less-than-1250pt00-at-the-end-of-december-2026|will-the-official-usd-to-ars-exchange-rate-be-between-1250pt00-and-1299pt99-at-the-end-of-december-2026|will-the-official-usd-to-ars-exchange-rate-be-between-1300pt00-and-1349pt99-at-the-end-of-december-2026|will-the-official-usd-to-ars-exchange-rate-be-between-1350pt00-and-1399pt99-at-the-end-of-december-2026|will-the-official-usd-to-ars-exchange-rate-be-between-1400pt00-and-1449pt99-at-the-end-of-december-2026|will-the-official-usd-to-ars-exchange-rate-be-between-1450pt00-and-1499pt99-at-the-end-of-december-2026|will-the-official-usd-to-ars-exchange-rate-be-between-1500pt00-and-1549pt99-at-the-end-of-december-2026|will-the-official-usd-to-ars-exchange-rate-be-between-1550pt00-and-1599pt99-at-the-end-of-december-2026|will-the-official-usd-to-ars-exchange-rate-be-1600pt00-or-higher-at-the-end-of-december-2026,0x6b8cb39dc5dce35a63f9917667e31755117fd21a00edf625fa73d52c67557f5f|0x6c4ea4422ce40d840d3da29b0b43fb39a55f0f595b83ea4ffaae8aa7b77ce9bd|0xe030ed1ae4edeaa25d21dfa116ca1109212e2946a2af258c04696d91b867e868|0xd5f41571f014b2bb83e4ac19c776d4470c0e0f599559c06f1c33ac77e51232aa|0x9098cc8aea99fac63848aa0bc37a80f1b8ad8df6c0a784c7d84158096a8daf9d|0x30cfecad2b8a451c00cf2bddb8444e41d315b32c421810c006a27b06894fa627|0x5458c804acbbb43e822a6175c12677c65e8bf586d2c93c6e1df8551ad8e01d87|0x895e3215d73dfdaf2253ce268065c7e9670b15bf4cae479814011e9f26130126|0xdc5cd3816f6273546e45c0db4cf10b6788119a5f28a7148fe3471a83d6360ca7,"This is a market about Argentina’s official wholesale U.S. dollar exchange rate at market close on the last business day of December 2026, as published by the Central Bank of Argentina (BCRA). This market will resolve according to the official wholesale USD to ARS exchange rate (Tipo de Cambio Mayor",https://polymarket.com/event/argentina-official-usd-exchange-rate-end-of-2026
argentina-official-usd-exchange-rate-end-of-2026-higher-brackets,Argentina Official USD Exchange Rate end of 2026? (Higher Brackets),economy,world|dollar|forex|economy|argentina|exhange-rate,2026-12-31T00:00:00Z,224,2026-01-26T21:53:48.111023Z,6,6,0.00,18469.52,8760.36,1266.12,0.999,0,will-the-official-usd-to-ars-exchange-rate-be-between-1700pt00-and-1799pt99-at-the-end-of-december-2026|will-the-official-usd-to-ars-exchange-rate-be-between-1900pt00-and-1999pt99-at-the-end-of-december-2026|will-the-official-usd-to-ars-exchange-rate-be-less-than-1600pt00-at-the-end-of-december-2026|will-the-official-usd-to-ars-exchange-rate-be-between-1600pt00-and-1699pt99-at-the-end-of-december-2026|will-the-official-usd-to-ars-exchange-rate-be-between-1800pt00-and-1899pt99-at-the-end-of-december-2026|will-the-official-usd-to-ars-exchange-rate-be-2000pt00-or-higher-at-the-end-of-december-2026-686,0xf75e7c7dfc255454a7f3d870753468d80b4ee87d345903db80762cae28a54506|0xf64f0c63a95f13006f1feddee78fb1cc09fcd021dce68f5b5190a479be64484b|0xb6e3089d9a6c38959e09c4d381be1966e6b818c7a1bc84de1da38363ea08fd4f|0x6d08b8be8ba554142cc38bda6193b137299c79bf19f9080b0044ac52f8ae7604|0x69c936ea72d68d51579f0591f0e47878fbf3f134c70c660ed3f942996d90e4c9|0xe9d2673b8949dde8c7ace819e86d53bc9c3c6098b45423b989c935f699f36b51,"This is a market about Argentina’s official wholesale U.S. dollar exchange rate at market close on the last business day of December 2026, as published by the Central Bank of Argentina (BCRA). This market will resolve according to the official wholesale USD to ARS exchange rate (Tipo de Cambio Mayor",https://polymarket.com/event/argentina-official-usd-exchange-rate-end-of-2026-higher-brackets
south-korea-annual-inflation-2026,South Korea Annual Inflation 2026,economy,economy|inflation|macro-indicators|south-korea|cpi,2026-12-31T00:00:00Z,224,2026-02-06T22:43:50.528423Z,7,7,9.91,11082.03,4247.75,477.80,0.915,0,will-south-koreas-2026-annual-inflation-be-less-than-1pt5|will-south-koreas-2026-annual-inflation-be-between-1pt5-and-1pt7|will-south-koreas-2026-annual-inflation-be-between-1pt8-and-2pt0|will-south-koreas-2026-annual-inflation-be-between-2pt1-and-2pt3|will-south-koreas-2026-annual-inflation-be-between-2pt4-and-2pt6|will-south-koreas-2026-annual-inflation-be-between-2pt7-and-2pt9|will-south-koreas-2026-annual-inflation-be-at-least-3pt0,0xad8fbf169c40a7cbf7b3d9c464d84f4744aeb987c82c4afd2c7e10ee516c0eb9|0x79f55c5fc9c981ba49042f85cbc8f51a06753f600331d38ba17c5072a252992b|0x46ebc12a6333b8f7f213be40e49613f5fb66fb830ce1c40b19ec528ae37667db|0xfab337523b8f1551e4ea48e6160a75842598c85cd004c94915e471e07d336505|0x4ca528bc4fbd2d9d5113e3314e59bbea2f2b74f64fc9a3ba476bae9cc6b94da4|0x73991c82042b5b751e3d398b8793b4454c405eb82f9d0964bf8ad7740cd48b39|0x6e6279b5d44197881e0f4d6b091c5c6377e48dd8027e58f5a002c14b8df948dd,"This is a market about the variation of consumer prices in South Korea in the 12-month period ending December 2026, as reported by the South Korean Ministry of Data and Statistics (MODS). This market will resolve according to the percentage change in South Korea’s Consumer Price Index (CPI) over the",https://polymarket.com/event/south-korea-annual-inflation-2026
bank-of-england-rate-hike-in-2026,Bank of England rate hike in 2026?,economy,boe|economy|interest-rate|bank-rate|global-rates,2026-12-31T00:00:00Z,224,2026-02-26T23:47:29.778294Z,1,1,1795.03,30511.23,1341.33,11084.91,0.954,0,bank-of-england-rate-hike-in-2026,0xf41cdb3c4e9921acd070fa36fb567f4075284a2e3b89f06a1a23667aeecdc545,"This market will resolve to “Yes” if the Bank of England's Bank Rate is increased at any point between market creation and December 31, 2026, 11:59 PM ET. Otherwise, this market will resolve to “No”. This market may not resolve to ""No"" until December 31, 2026, 11:59 PM ET has passed. The primary res",https://polymarket.com/event/bank-of-england-rate-hike-in-2026
bank-of-canada-rate-hike-in-2026,Bank of Canada Rate Hike in 2026?,economy,economy|global-rates|interest-rate|canada,2026-12-31T00:00:00Z,224,2026-03-11T21:55:39.861822Z,1,1,0.00,7919.86,1995.60,3299.48,0.997,2,bank-of-canada-rate-hike-in-2026,0x22679bf61a35842e34ce6ae5648949007960ee9c3f8bd3b7f06c531e8a7b7c14,"This market will resolve to “Yes” if the Bank of Canada's target for the overnight rate is increased at any point between market creation and December 31, 2026, 11:59 PM ET. Otherwise, this market will resolve to “No”. This market may not resolve to ""No"" until December 31, 2026, 11:59 PM ET has pass",https://polymarket.com/event/bank-of-canada-rate-hike-in-2026
will-ground-beef-hit-in-2026,Will ground beef hit __ in 2026?,economy,macro-indicators|cpi|economy|inflation,2026-12-31T00:00:00Z,224,2026-04-03T15:18:30.422655Z,4,4,0.00,18746.23,1951.42,517.33,0.891,2,will-ground-beef-hit-7-per-pound-in-2026|will-ground-beef-hit-8-per-pound-in-2026|will-ground-beef-hit-10-per-pound-in-2026|will-ground-beef-hit-9-per-pound-in-2026,0x49ee620e6e0ae23a7a52f53d03336c5fb289906c62d22836f1cceea50908dc4f|0x4d92632a8f30a2c1bd7cfca50093715f6270542c681466483c9f3193be15cda0|0x4f1e6d88045775d0b85d6599626442cd64c88bbc0bc4213a679dec879b303c21|0xd20b5d0c73c824a7a0c2937baa24c3ad8913fa1d4a057f0cc702b5705a7ac307,"This market will resolve to ""Yes"" if the figure for ""Average Price: Ground Beef, 100% Beef (Cost per Pound/453.6 Grams) in U.S. City Average"" reaches or exceeds the listed figure for any month of 2026 as published by the St. Louis Fed (https://fred.stlouisfed.org/series/APU0000703112). Otherwise, th",https://polymarket.com/event/will-ground-beef-hit-in-2026
mexico-annual-inflation-2026,Mexico Annual Inflation 2026,economy,economy|inflation|macro-indicators|cpi|mexico,2027-01-08T00:00:00Z,232,2026-02-09T23:42:11.981063Z,8,8,407.70,41780.52,9571.19,2007.19,0.998,0,will-mexicos-2026-annual-inflation-be-between-3pt50-and-3pt99|will-mexicos-2026-annual-inflation-be-less-than-2pt50|will-mexicos-2026-annual-inflation-be-between-4pt50-and-4pt99|will-mexicos-2026-annual-inflation-be-between-2pt50-and-2pt99|will-mexicos-2026-annual-inflation-be-between-5pt00-and-5pt49|will-mexicos-2026-annual-inflation-be-between-3pt00-and-3pt49|will-mexicos-2026-annual-inflation-be-between-4pt00-and-4pt49|will-mexicos-2026-annual-inflation-be-at-least-5pt50,0x96e9ee9536dc0419d4b5ac0075c2d6ea3b8405687ee1bc2152c575b1cddb8cd5|0x13d6c5ff12053298c4ed6bfc794a5e3adfec6300c413fd9d07c83e2362671f17|0x36fff2366a37c4fd11014f53fa7499173b3f4663db0db6a0448a679c422d4683|0xb5031e4b28187580fd7134a58b0bc6d681d836dc86003877958c222b4415e899|0x90c03947fd07e7116f2dba601a3e6601f1a0c057ef4b8e3f336371574a81f824|0x039aecea63c2728234a00cbcf27ea0db3247c488b3cc97cf1cd213b2a4735edb|0x92db92b0c2a161440cb8500db98b5883c475e5a5e3b869990fb4276bd1f70a04|0xcefab2aa9aa3082a4a922d8044e7dc3373e4fa0c89f3f69a9d45b91cb5936a87,"This is a market about the variation of consumer prices in Mexico over the 12-month period ending December 2026, as reported by the Mexican National Institute of Statistics and Geography (INEGI). This market will resolve according to the percentage change in Mexico’s Consumer Price Index over the 12",https://polymarket.com/event/mexico-annual-inflation-2026
china-annual-inflation-2026,China Annual Inflation 2026,economy,macro-indicators|economy|inflation|cpi|world|china,2027-01-10T00:00:00Z,234,2026-01-22T00:31:41.734803Z,9,9,324.23,42455.04,12477.64,3601.63,0.991,0,will-chinas-annual-inflation-in-2026-be-less-than-1pt0|will-chinas-annual-inflation-in-2026-be-between-0pt6-and-1pt0|will-chinas-annual-inflation-in-2026-be-between-0pt1-and-0pt5|will-chinas-annual-inflation-in-2026-be-at-least-2pt5|will-chinas-annual-inflation-in-2026-be-between-0pt9-and-0pt5|will-chinas-annual-inflation-in-2026-be-between-1pt1-and-1pt5|will-chinas-annual-inflation-in-2026-be-between-0pt4-and-0pt0|will-chinas-annual-inflation-in-2026-be-between-1pt6-and-2pt0|will-chinas-annual-inflation-in-2026-be-between-2pt0-and-2pt4,0x8c52b5498d48981d12b4e56bedaa011f8ea1db871528d321c248233b1da4b5cd|0xf2b7f54d9b88d9baeddb2a541d503cafd7bbe35fdf0ebd3bdf9adb44432dcfe1|0x0643a9edd0e8b0dbe0e471371818f5c61a84949ae1e3fc72c8e4572be3a0fe3c|0xaf30ebe95c57934df90bc9126132e0ce5e61a567f5f0c475a5c6b3cad9a2e2f9|0x1dd2e27c05035962c0d5fe54afd782afe645761e4ee10393dd661b8a07a38d46|0x4d8a21e7451dff6419d6d55459119950664d8f93907314e9516fda182c55d6d1|0x2232f0c9135988f25dd8e6b2d12d3cd483d233e3ca9a7aa3c04afe0eef7bc647|0x88049a105cba5211bba80634b33b5059489d9c49145bf1c548c9cf2760267ba5|0x97e8e99d8b96ca434a03a099c5dfb9b2b7747360978e5eb4cca0c3ce7eb5feaf,"This is a market about the variation of consumer prices in China over the 12-month period ending December 2026, as reported by the National Bureau of Statistics (NBS) of China. This market will resolve according to the percentage change in the Consumer Price Index (CPI) during the 12-month period en",https://polymarket.com/event/china-annual-inflation-2026
argentina-annual-inflation-2026,Argentina Annual Inflation 2026,economy,inflation|argentina|macro-indicators|cpi|world|economy,2027-01-10T00:00:00Z,234,2026-01-21T12:18:02.843069Z,7,7,0.00,9766.21,8650.93,2453.06,0.957,0,will-argentinas-annual-inflation-in-2026-be-between-20-and-24pt9|will-argentinas-annual-inflation-in-2026-be-between-30-and-34pt9|will-argentinas-annual-inflation-in-2026-be-at-least-45|will-argentinas-annual-inflation-in-2026-be-between-35-and-39pt9|will-argentinas-annual-inflation-be-less-than-20|will-argentinas-annual-inflation-in-2026-be-between-25-and-29pt9|will-argentinas-annual-inflation-in-2026-be-between-40-and-44pt9,0x0256fee8c98ffd1dc894d310a772cfcd9ca0095f3f584c86c991d59ec6004091|0xdfd83fe76d9fc1d00e961f9ae72e6f41f10e682ef9a913d090d757becd458bcb|0x444cb85ce07d3fb4e7628e9eb5d53d66da6211b8edbb608fac736b7b06addfa9|0x7a73d26a08dd80c28dae88d2efb2199a54b48815f846cb16b2dd88ba69493a91|0x9caf172337fa494c65ffb9d2f2241b9dce1ffa222efb681c959abcdd74ec164e|0x4ea5177566bdb21120d0e511fb37b33e8f5b1249f76c5fcdd8ef8d7a41817f45|0xd7c034efdfa0017c8ace417bd3e830d5ed3cea79ac756b704762530e18c80263,"This is a market about Argentinian inflation over the 12-month period ending December 2026, before seasonal adjustment, as reported by the National Institute of Statistics and Census (INDEC) of Argentina. This market will resolve according to the percentage change in the Consumer Price Index (CPI / ",https://polymarket.com/event/argentina-annual-inflation-2026
brazil-annual-inflation-2026,Brazil Annual Inflation 2026,economy,ipca|ibge|inflation|economy|brazil|cpi|world,2027-01-12T00:00:00Z,236,2026-01-23T15:39:55.568416Z,10,10,11.00,59444.19,21580.55,3883.72,0.954,2,will-brazils-annual-inflation-in-2026-be-less-than-3pt00|will-brazils-annual-inflation-in-2026-be-between-3pt00-and-3pt49|will-brazils-annual-inflation-in-2026-be-between-3pt50-and-3pt99|will-brazils-annual-inflation-in-2026-be-between-4pt00-and-4pt49|will-brazils-annual-inflation-in-2026-be-between-4pt50-and-4pt99|will-brazils-annual-inflation-in-2026-be-between-5pt00-and-5pt49|will-brazils-annual-inflation-in-2026-be-between-5pt50-and-5pt99|will-brazils-annual-inflation-in-2026-be-between-6pt00-and-6pt49|will-brazils-annual-inflation-in-2026-be-between-6pt50-and-6pt99|will-brazils-annual-inflation-in-2026-be-at-least-7pt00,0x8fe695298af16094b3809429af799d42abf8edab8c2347c4c8a6ac036df98d13|0x9895931ad8be33553d943057162e15f9221ab448c5c384759a8f0ed7a76e6428|0x045a227ee1a01e36ee49b7d935820d6cfea60e7d4998eaef105c17f749fc5522|0xf175a9b333cab7cf916af8055abd33a264fddda2d3942ec909bca6810b591d70|0x37b4fd9e4e688b9fb124db1a58ae2c601bc87b1d283690b64885c09bfac66359|0xba4a30cc8deca861f0f724d35dc4f8f09dc228bd97bd0af84eb7db173db21824|0x7e53a9d9b32f134cf8e6a2d00a2ffbc18ea9625442067f65b0dac564d80b6722|0x66d397cfc57b75b096980637e05d793997af8f7cc599bbdac0ff1ff04b81f3c7|0x8f4d9bab9dab8e844d697cbf291c571afa521342d53c735970ac21a9b1f3f0cb|0x413b45639c979b95e19dc99e227aadba3341967513112659b2c36eb432de8681,"This is a market about the variation of consumer prices in Brazil over the 12-month period ending December 2026, as reported by the Brazilian Institute of Geography and Statistics (IBGE). This market will resolve according to the percentage change in the Extended National Consumer Price Index (IPCA)",https://polymarket.com/event/brazil-annual-inflation-2026
india-annual-inflation-2026,India Annual Inflation 2026,economy,india|macro-indicators|cpi|economy|inflation,2027-01-12T00:00:00Z,236,2026-02-09T23:42:14.833698Z,7,7,0.00,60623.29,8331.87,1516.31,0.920,0,will-indias-2026-annual-inflation-be-between-1pt50-and-2pt24|will-indias-2026-annual-inflation-be-between-3pt75-and-4pt49|will-indias-2026-annual-inflation-be-at-least-4pt50|will-indias-2026-annual-inflation-be-less-than-0pt75|will-indias-2026-annual-inflation-be-between-2pt25-and-2pt99|will-indias-2026-annual-inflation-be-between-0pt75-and-1pt49|will-indias-2026-annual-inflation-be-between-3pt00-and-3pt74,0x5c4b3811fd26a0352c710dfd45f0855c44eac0f48490d61d1f0e47c8845a7e01|0x99f9b93f2a1722242f785513441a6b53329b974016cee38cc18ab7a6d9580734|0x4c3eb9cc59964dbf8afc1b778c3178c5af15c5dd4686b1ea8da979a52d0a932b|0x2cbd2902e437ad21646706800b0322b2ca321d3ce23ef833255aeb654f78aa19|0x8aee74b7b847e182a4e80090d76c278ada71bfd9144d8cc0868c51a339524738|0xa54df16a869289122b0fea45dc4cbe1df713f5b118fb567e559f311539363883|0xebf35775288568c083fd517aceb4d6906f9fb7c63f42a924a1eff1013ffa0188,"This is a market about the variation of consumer prices in India over the 12-month period ending December 2026, as reported by the Indian Ministry of Statistics and Programme Implementation (MoSPI). This market will resolve according to the percentage change in India’s Consumer Price Index (CPI) ove",https://polymarket.com/event/india-annual-inflation-2026
2026-world-gdp-growth,2026 World GDP Growth,economy,global-gdp|economy|gdp|macro-indicators|imf,2027-01-15T00:00:00Z,239,2026-01-23T16:21:34.478724Z,9,9,0.00,17606.28,4592.59,1879.88,0.849,0,will-world-gdp-growth-be-2pt9-in-2026|will-world-gdp-growth-be-3pt0-in-2026|will-world-gdp-growth-be-3pt1-in-2026|will-world-gdp-growth-be-3pt2-in-2026|will-world-gdp-growth-be-3pt3-in-2026|will-world-gdp-growth-be-3pt4-in-2026|will-world-gdp-growth-be-3pt5-in-2026|will-world-gdp-growth-be-3pt7-in-2026|will-world-gdp-growth-be-3pt6-in-2026,0xa3833fb4962f96f7232768080bdd927746ac897d4bfa5f9a0ffbac9c05be7be5|0x1bc6c0e52f07a573a64c0a095af33930e5ac0f065a056b1e586f5eb7887f3531|0x2eb19e745505204f889ddd1293d213e4a28a579110b2cfd8e1e809b050b47545|0x6219e01740da1e4b0b67c32692f2f33b47b283a3b720aeb6d8dbb48a33bfb7ea|0xb8e453f1147b9ed4b0303476ca53d065137dee9ab0286e9b281e1c9eb1e3b627|0xe910586ba1cd1e15f7c65d55080d97044721858480db1869763437a138389b08|0xf13d1fedd21e7f89da9efbea3351d6a7f538d0abc2fcba8743aeefa7c8a24572|0x0681f7b9342125d3cf45f3afcfcff5c37c78563038444f511bd29a1d138b9a72|0x082a94135166ca7d0b4946669e9b4f79302438e5c712e8d6e75e67d5a76f85e1,"This Market will resolve according to the estimate of the World GDP growth rate (Real GDP, annual percent change) reported by the International Monetary Fund in the World Economic Outlook Update released between the October 2026 and April 2027 editions of the World Economic Outlook, expected to be r",https://polymarket.com/event/2026-world-gdp-growth
canada-annual-inflation-2026,Canada Annual Inflation 2026,economy,macro-indicators|inflation|economy|canada|cpi,2027-01-18T00:00:00Z,242,2026-01-22T00:25:16.105491Z,8,8,0.00,16413.22,3969.22,766.61,0.836,0,will-canadas-2026-inflation-be-between-1pt5-and-1pt9|will-canadas-2026-inflation-be-less-than-1pt0|will-canadas-2026-inflation-be-between-1pt0-and-1pt4|will-canadas-2026-inflation-be-between-2pt0-and-2pt4|will-canadas-2026-inflation-be-between-2pt5-and-2pt9|will-canadas-2026-inflation-be-at-least-4pt0|will-canadas-2026-inflation-be-between-3pt0-and-3pt4|will-canadas-2026-inflation-be-between-3pt5-and-3pt9,0x50c672949cfbc8c2cb7d2437315964031b4792788e49d426e2dd8f9c83433cc1|0xfd60f6e9e3ee002868e4fd33dc2826d0a27bf9ed3c0bae0be7a9c340b73ead32|0x8ce14b22b63640c244c389113499e9f7da4f918b43238e952cfed32fc5e42bac|0x83859c8ef5712e17bde5a92cb027a9fdc41a7b1b76e6ee06bdd830215b5b1f5f|0xde3801fcbe45f94ab23ae56c8fdd759b5736d8d92c774688acde561987e6115a|0xfa681624353bc0ed097d0219e042bcf22c84495b1c15847b308b4d2f5af74364|0x29c639f7498ae455e756f9f0851f93ea75a746c3c9cf4ed90ef7d1c6ded412bd|0x67a5802fa8da9dd6309f39cfa09d6c227c9eead16c960cde412b1a402c75d792,"This is a market about the variation of consumer prices over the 12-month period ending December 2026 in Canada, before seasonal adjustment, as reported by Statistics Canada. This market will resolve according to the percentage change in the Consumer Price Index (CPI) over the 12-month period ending",https://polymarket.com/event/canada-annual-inflation-2026
eurozone-2026-annual-inflation,Eurozone Annual Inflation 2026,economy,macro-indicators|economy|eu|inflation|cpi|europe,2027-01-19T00:00:00Z,243,2026-01-22T00:29:42.90454Z,9,9,179.00,13096.82,8676.44,1451.05,0.985,3,will-the-eurozones-2026-annual-inflation-be-between-1pt0-and-1pt2|will-the-eurozones-2026-annual-inflation-be-between-1pt7-and-1pt9|will-the-eurozones-2026-annual-inflation-be-between-2pt4-and-2pt5|will-the-eurozones-2026-annual-inflation-be-at-least-3pt1|will-the-eurozones-2026-annual-inflation-be-less-than-1pt0|will-the-eurozones-2026-annual-inflation-be-between-1pt3-and-1pt5|will-the-eurozones-2026-annual-inflation-be-between-1pt9-and-2pt1|will-the-eurozones-2026-annual-inflation-be-between-2pt5-and-2pt7|will-the-eurozones-2026-annual-inflation-be-between-2pt8-and-3pt0,0xc97f915b033f2176eb9f62dc9d184899e51f4803bc2bb23b20e4fb85e6c41912|0x7cddc2578e74d176486689addf13091311ff6d08756e2661d5b4a1c17248a384|0xbeb692033effc758cea5b40a5b50a1f0cbb00c260afd1d3ed676bdb9e16c3c82|0x5fd7fba49eb48a18b624005225680f0aa42f0b5c6cb42e993328be1a70e991c5|0x4efa52760df49a5626b3ab7bf2a158e1ef30cbbf5454f4fcf4415d448509be70|0x959f46f791c776a9a3d40d6d4556927fc85b839c0f07a2c29f69af7bc9cbfac7|0xddb02d336f907bf510b59f13a9a5fb3e5dd92ff1a967fc63acf47e95a57fdbe6|0x2178a830bc9b8f50ee5b92bbeba3ac278ac59389974652ddc24e211ec8be3b5d|0xeef7fe220413846bfb05f3763fa0ca2e1a5ebc5e71f67f3000596933fe47d929,"This is a market about the variation of consumer prices in the Eurozone over the 12-month period ending December 2026 as reported by Eurostat. This market will resolve according to the percentage change in the Harmonised Index of Consumer Prices (HICP) over the 12-month period ending December 2026, ",https://polymarket.com/event/eurozone-2026-annual-inflation
uk-annual-inflation-in-2026,U.K. Annual Inflation 2026,economy,macro-indicators|cpi|uk|economy|inflation,2027-01-20T00:00:00Z,244,2026-02-07T21:29:54.336985Z,9,9,30.26,4359.65,4150.98,827.62,0.962,1,will-the-uks-2026-inflation-be-less-than-1pt0|will-the-uks-2026-inflation-be-between-1pt5-and-1pt9|will-the-uks-2026-inflation-be-between-2pt5-and-2pt9|will-the-uks-2026-inflation-be-between-3pt5-and-3pt9|will-the-uks-2026-inflation-be-between-1pt0-and-1pt4|will-the-uks-2026-inflation-be-between-2pt0-and-2pt4|will-the-uks-2026-inflation-be-between-3pt0-and-3pt4|will-the-uks-2026-inflation-be-at-least-4pt5|will-the-uks-2026-inflation-be-between-4pt0-and-4pt4,0x488b72cfab76a34c49e217ee41e9fcfed157c992a303cb3593470454a85ebbfc|0xcce4472c7a90eedc8c9689b7011e6e40143042ecf9d650b69dbd0fdebac76f70|0xdc0f54672c3eb93b34f309be18f068d3917da9bd5cc9aab04b3f9cc04aedf85f|0x95b01f1ddbf8c89f007425d3f78d65ab2d8ac4c355eb7e2b7752dedf1f214105|0x5a6864c9d6c76b1be2c2cd26a34cc36975e3f11b25199af88fadce4d7984d5f4|0x5356e2760f8c8ca7f8c2f03158f0f9bdb295970b702d83836852a5f98b28a2be|0xa08ede55b69f37c13745f2b9c5c6adf62e2af93c9707ac392f021fc682bd7c19|0xe6e0dd575ce5f8754ea0d7201c87ae14b2c7ea4a6998491aa036dc5240f35e56|0x6657dbaf9109fdd9e5be195e626e7ace12cfc31c605ca3c6367884ae35f3d75e,"This is a market about the variation of consumer prices in the U.K. over the 12-month period ending December 2026, before seasonal adjustment, as reported by the Office for National Statistics (ONS). This market will resolve according to the percentage change in the Consumer Price Index (CPI) over t",https://polymarket.com/event/uk-annual-inflation-in-2026
south-africa-annual-inflation-2026,South Africa Annual Inflation 2026,economy,economy|south-africa|macro-indicators|inflation|cpi,2027-01-20T00:00:00Z,244,2026-01-26T23:01:23.485369Z,10,10,10.00,21384.61,4998.12,659.73,0.805,0,will-south-african-inflation-be-less-than-2pt6-in-2026|will-south-african-inflation-be-between-2pt6-and-2pt9-in-2026|will-south-african-inflation-be-between-2pt9-and-3pt2-in-2026|will-south-african-inflation-be-between-3pt2-and-3pt5-in-2026|will-south-african-inflation-be-between-3pt5-and-3pt8-in-2026|will-south-african-inflation-be-between-3pt8-and-4pt1-in-2026|will-south-african-inflation-be-between-4pt1-and-4pt4-in-2026|will-south-african-inflation-be-between-4pt4-and-4pt7-in-2026|will-south-african-inflation-be-between-4pt7-and-5pt0-in-2026|will-south-african-inflation-be-greater-than-5pt0-in-2026,0x8d0f8d00e9fe195b497d1a330b5a7f7579e1d448c24e9d03f5bafdf96093b279|0xb6ea30c8cf1658248f037056697c86fb4610398714900c7b158b014bc063a6f1|0x04b8e446bdb7d4a259045b38a3df6b4baf7204d13ce99a21623e5831370faca7|0x443e60a2f3550031a8a6fb2785f8bb919e6ff505a4e3875198ee5b864756b369|0x7ddb61d4da8387f0e37e344340fe446c0d28eb3ab7ba0fbfa7576a848d3aab15|0x0c0322ff739a75f9943b1e7112de9cd2de59004430eb0f21923a15621f786f9d|0x33d9d829a18b15d05c3454393a501d05ee90bb120d39e3ce7df43adbacd9dba2|0xdd0d2a374345c7758710cbb8e70ae546d2c38e56b7a27b6b0a095a2ad7e2905b|0x5e2308501f28e574ca4478d2ebcdabd4ccac631c3db1c30ae5fa4e8a7cd9f47e|0x9beb023f95d83c9046eae91130938636d449beb93d18a1c537026c8531e83302,"This is a market about the variation of consumer prices in South Africa over the 12-month period ending December 2026 (Y/Y, % change), as reported by Statistics South Africa. This market will resolve according to the percentage change in the Consumer Price Index (CPI) during the 12-month period endi",https://polymarket.com/event/south-africa-annual-inflation-2026
gdp-growth-in-2026,GDP growth in 2026,economy,economy|economic-policy|gdp,2027-01-29T00:00:00Z,253,2025-11-12T23:22:20.740173Z,6,6,84.14,28430.48,5188.84,3726.61,0.902,0,will-us-gdp-growth-in-2026-be-less-than-0pt5|will-us-gdp-growth-in-2026-be-between-1pt0-and-1pt5|will-us-gdp-growth-in-2026-be-between-2pt0-and-2pt5|will-us-gdp-growth-in-2026-be-between-0pt5-and-1pt0|will-us-gdp-growth-in-2026-be-between-1pt5-and-2pt0|will-us-gdp-growth-in-2026-be-greater-than-2pt5,0x6ae072980c3a34f776b1bb0d252cff1222ebf223866c1097937d1c5b46274dca|0x88038be57cc91815287021d71dc17189c5eecd2fb851228b4a408c5b6512becd|0x21ba6e5a2ac90fa75afef355b6459730b79ff573ff3724c256aeb4d6e3e88e9a|0x88d5a8b1269b10cee37d493545be2c57ba335afb82e0d66eadea2c8db6758021|0xd3a452030757492868a7d139aef0e14989cc7bde92796c0f841a95fcd0b6941d|0x47843866e73dd6aeefbb67ab80b48c12d68eb27818e228c399fe0c5e2a89f5e2,"This market will resolve according to the seasonally adjusted real GDP growth rate for the United States in 2026, as reported in the Bureau of Economic Analysis (BEA) ""Advance Estimate"" release for Q4 of 2026, estimated to be released in January 2027. If the reported value falls exactly between two ",https://polymarket.com/event/gdp-growth-in-2026
negative-gdp-growth-in-2026,Negative GDP growth in 2026?,economy,economy|macro-indicators|gdp|macro-single,2027-01-29T00:00:00Z,253,2025-11-13T21:27:13.712283Z,1,1,57.68,26565.44,3869.13,7573.47,0.877,3,negative-gdp-growth-in-2026,0xd8c1b0a73653b1fb4fb6e8d13d0063d25810870d7ddf83e61fffb4de4522edf1,"This market will resolve to 'Yes' if the seasonally adjusted and annualized GDP growth rate for the full year 2026, as derived from the 'Advance Estimate' for Q4 2026, with a release by the U.S. Bureau of Economic Analysis (BEA) expected in January 2027, reports a growth rate below 0. Otherwise, thi",https://polymarket.com/event/negative-gdp-growth-in-2026
eurozone-annual-gdp-growth-2026,Eurozone Annual GDP Growth 2026,economy,economy|gdp|macro-indicators|europe|euro-area,2027-01-31T00:00:00Z,255,2026-01-22T00:33:29.531464Z,9,9,0.00,8726.88,7009.20,1968.15,0.963,0,will-eurozone-annual-gdp-growth-in-2026-be-less-than-0|will-eurozone-annual-gdp-growth-in-2026-be-between-4pt0-and-5pt0|will-eurozone-annual-gdp-growth-in-2026-be-at-least-7pt0|will-eurozone-annual-gdp-growth-in-2026-be-between-0-and-1pt0|will-eurozone-annual-gdp-growth-in-2026-be-between-1pt0-and-2pt0|will-eurozone-annual-gdp-growth-in-2026-be-between-5pt0-and-6pt0|will-eurozone-annual-gdp-growth-in-2026-be-between-2pt0-and-3pt0|will-eurozone-annual-gdp-growth-in-2026-be-between-6pt0-and-7pt0|will-eurozone-annual-gdp-growth-in-2026-be-between-3pt0-and-4pt0,0x426e80109336e68bf5f9a4b6edadc6831639d104e5892750fdf626f8dfbfdbcd|0x03b6de28d45d1468575f5fe5c327959250c4f6c9f8bb62b1a14c48587f7b9cb2|0xb82431caa69a1e0178cdf61d3ee9b55473a69ea36aa34197db0a88634ce7045c|0x4c1c0c7b91dc4662de79d04b100754cb714d698b389bf1a9c21116b052041733|0xccdda72e8306018ecca67bb9e051c79183fb5a9d5bd323bf3dacb0c1839ed9c1|0xfbaacf639ab426359caeac3968d1214c0b1cfd33d184dfc652e483e8b1a86343|0xbf36de5d2974e0df0519363ef69ba3d3f6df3bfac851619cb1162b2361590355|0xe531b038463306e142ec396b4249022f5eb8c082733d4f76662332e4f0fa8c27|0xca2d841f2670dffe5191054f83e405e4f1182846594fd46ae06abdb2aae27083,"This market will resolve according to the estimation of Euro Area (Eurozone) annual GDP growth for the full year of 2026 (% change), based on seasonally and calendar adjusted quarterly data, as reported in the ""GDP and employment flash estimates for the fourth quarter of 2026"" flash release for Q4 o",https://polymarket.com/event/eurozone-annual-gdp-growth-2026
us-economic-state-at-the-end-of-2026,US economic state at the end of 2026?,economy,economy|cpi|unemployment|inflation,2027-01-31T00:00:00Z,255,2026-04-24T21:54:05.761501Z,4,4,58.04,3636.18,5307.78,1689.66,0.998,1,will-the-us-economy-be-in-a-soft-landing-at-the-end-of-2026|will-the-us-economy-be-overheating-at-the-end-of-2026|will-the-us-economy-be-in-stagflation-at-the-end-of-2026|will-the-us-economy-have-slack-at-the-end-of-2026,0x50e3ee8f93a464d04ea2cea6efff45c902f43642aedbf43f7afdc899e10f71d8|0x4e54fc57fcd566b9c7a25fe7a6ed9596ffe1eb95489ba25575b1c4af0ac798f6|0x9b1804352d6246bc8b609bc05a3021134269c133bda15e76e05f844539b59774|0x53ba15f24a0194c2ef422cc023d26e86ab03a7fd36a62cb8c0eacf5c2a22cae0,"The unemployment rate is defined as the seasonally adjusted unemployment rate (total unemployed as a percent of the civilian labor force, denoted as U-3) reported by the Bureau of Labor Statistics in the Employment Situation release. The inflation rate is defined as the 12-month percent change in th",https://polymarket.com/event/us-economic-state-at-the-end-of-2026
uk-annual-gdp-growth-2026,UK Annual GDP Growth 2026,economy,gdp|economy|macro-indicators|united-kingdom,2027-02-12T00:00:00Z,267,2026-01-22T15:29:01.680663Z,7,7,0.00,2068.16,3438.10,812.25,0.915,1,will-uk-annual-gdp-growth-in-2026-be-between-0-and-1|will-uk-annual-gdp-growth-in-2026-be-between-3-and-4|will-uk-annual-gdp-growth-in-2026-be-below-0|will-uk-annual-gdp-growth-in-2026-be-between-1-and-2|will-uk-annual-gdp-growth-in-2026-be-between-2-and-3|will-uk-annual-gdp-growth-in-2026-be-between-4-and-5|will-uk-annual-gdp-growth-in-2026-be-5-or-higher,0x2a0dcff6f438d1c92574b58d58e9fe4bc13f2db6399ec81655986e5925a61ffd|0xff5f8fbf498da1e1c2e5612751b9f1c6fe3c501284d8479df426ab85a2be9aa1|0xb57f012ac5d6e101ba4d0b10af780f4cfe9d34bb4eced617e6bd1e43cc8e4376|0x79558ff86ae0d59862750f49da4ee3658d5457b39fdb3970753f4ced2076ae3b|0x3e6b2daf6955c98fec374dee6db9c44ac89b8d2e9c0cc4744a79d7d9b633f120|0x95fbfa0814e712d4ed4cd43ddce85503c80517b69e2fe4858163f58990323d5e|0xd1cdfc25c26ccb87c1045b1361147da598b831faf6f65d39e31462e385058759,"This market will resolve according to the estimate of UK real gross domestic product (GDP) across the year of 2026 (% change) in the ""GDP First quarterly estimate, UK"" release for October-December (Q4) of 2026, scheduled for February 12, 2027. If the reported value falls exactly between two brackets",https://polymarket.com/event/uk-annual-gdp-growth-2026
will-canada-have-the-highest-unemployment-rate-since-2016-this-year,Will Canada have the highest unemployment rate since 2016 this year?,economy,canada|macro-indicators|economy|world|unemployment,2027-02-15T00:00:00Z,270,2026-01-29T21:21:33.881702Z,1,1,0.00,6345.24,1797.75,2479.58,0.859,2,will-canada-have-the-highest-unemployment-rate-since-2016-this-year,0x132a28d477e53645301b847d71fd1ab73655bf54c72b0d759fdd351480781d6c,"This market will resolve to ""Yes"" if the seasonally adjusted unemployment rate (15 years and over, total) reported by Statistics Canada in the Labour Force Survey for any month of 2026 is higher than that of any other month since January 2017 (inclusive). Otherwise, this market will resolve to ""No"".",https://polymarket.com/event/will-canada-have-the-highest-unemployment-rate-since-2016-this-year
will-venezuelan-crude-oil-production-reach-barrels-per-day-in-2026,Will Venezuelan crude oil production reach __ barrels per day in 2026?,economy,venezuela|oil|economy|trump,2027-02-28T00:00:00Z,283,2026-01-07T04:11:03.021967Z,8,7,0.00,111062.96,7521.30,15080.90,0.847,8,will-venezuelan-crude-oil-production-reach-1pt7m-barrels-per-day-in-2026|will-venezuelan-crude-oil-production-reach-2m-barrels-per-day-in-2026|will-venezuelan-crude-oil-production-reach-1m-barrels-per-day-in-2026|will-venezuelan-crude-oil-production-reach-1pt2m-barrels-per-day-in-2026|will-venezuelan-crude-oil-production-reach-1pt5m-barrels-per-day-in-2026|will-venezuelan-crude-oil-production-reach-1pt1m-barrels-per-day-in-2026|will-venezuelan-crude-oil-production-reach-1pt3m-barrels-per-day-in-2026|will-venezuelan-crude-oil-production-reach-1pt4m-barrels-per-day-in-2026,0x28f262f83978e0a29a25a36ac81a99990abcc8246f6fd349736d01eaa48fd20a|0x294517aabac969add6c08806c376d4f89c248c04ddc5232e3a0a18ac41ccf834|0x49c778d7b068e7d031b272b2660d829448f7d1e17cecf792416cba15cac56431|0x0ade700b2236988fe36cd542748df50f58b241562b51ecdc6e28d8161eaf0652|0xf0904ab7e7487a656dda050756cfdbdb0a9a4bd9bed24d6d7cf85c3b349e825c|0x100207711a0d1ede324bf62d3ba060e2e222cdd58eb480a3b36a22fae0348113|0x59bb2cc4b116c5137e858222c867638bcd78b236db7656adf93114fcdf62b902|0x50b1af573a5f1ec560b16fe03c54ed6f82f8c19f12105bfabbea99bbf30130d1,"This market will resolve to “Yes”, if Venezuelan crude oil production is greater than or equal to the listed number of barrels per day for any month in 2026, according to the OPEC Monthly Oil Market Report published for each month. The resolution source for this market will be the OPEC Monthly Oil M",https://polymarket.com/event/will-venezuelan-crude-oil-production-reach-barrels-per-day-in-2026
us-trade-deficit-in-2026,US Trade Deficit in 2026?,economy,trump|economy|tariffs|deficit|trade-war|surplus,2027-02-28T00:00:00Z,283,2026-02-26T00:32:18.428073Z,8,8,0.00,21009.16,34356.50,1238.77,0.855,0,will-the-2026-trade-deficit-be-less-than-500b|will-the-2026-trade-deficit-be-between-600b-and-700b|will-the-2026-trade-deficit-be-between-800b-and-900b|will-the-2026-trade-deficit-be-between-900b-and-1t|will-the-2026-trade-deficit-be-1pt1t-or-more|will-the-2026-trade-deficit-be-between-500b-and-600b|will-the-2026-trade-deficit-be-between-700b-and-800b|will-the-2026-trade-deficit-be-between-1t-and-1pt1t,0xaaf3bc4e63735b3bfcc7a008e00ce7466a699584a50e92d94cd256a0ced72a7c|0xac9d6105090f5e372ceb14422889be27f4a07a8b10497786d2df5946d0d7e9c7|0xd3c6552a51528c74c28471aa0a5e13fbafdf84f02a40d11bf173b94032b7e7ef|0x26b69058c1c2c53a8e439504a8755ce75d469ba3a1c82bca934ea7a46f26529e|0x306b01a825a423668beec573456610843ad4c47f72d1fb70d880f55b10109d91|0x4984dbde0e85feab501afae35635c01581d632dbd671d00e81709fd1801605b8|0x17ac7b249bf0672209617e31a6b56eb79ffa056dc9a3e873b2baba2276675cf4|0x9bf22c2451daab2017ba08fc2f2fcc96a37e3f8c7c091d14fa7d719d2d8f6a74,"This market will resolve according to the annual US Goods and Services Deficit for 2026, as reported by the US Bureau of Economic Analysis (BEA) and the US Census Bureau (USCB) in the “U.S. International Trade in Goods and Services” release for December and Annual 2026, expected to be released in Fe",https://polymarket.com/event/us-trade-deficit-in-2026
uk-recession-in-2026,UK Recession in 2026?,economy,economy|gdp|united-kingdom|macro-indicators,2027-03-31T00:00:00Z,314,2026-04-23T22:32:39.833965Z,1,1,5.00,3795.44,1818.43,1320.57,0.946,3,uk-recession-in-2026,0xad89385d3ac086b7642b116b4f794bc280584d8ce2645e6904a9ce09cc6756fd,"This market will resolve to “Yes” if the United Kingdom’s seasonally adjusted quarter-on-quarter percent change in real GDP, as reported by the Office for National Statistics, is less than 0.0 for two consecutive quarters between Q1 and Q4 2026. Otherwise, this market will resolve to “No”. This mark",https://polymarket.com/event/uk-recession-in-2026
japan-recession-in-2026,Japan recession in 2026?,economy,macro-indicators|gdp|recession|economy|japan,2027-03-31T00:00:00Z,314,2026-04-23T22:27:25.880371Z,1,1,32.68,1815.75,1622.06,911.22,0.657,2,japan-recession-in-2026,0x8bc43739611f5d6e2c8b975b5f3a98425b8b1250995cb1c978ee722d2f075d3e,"This market will resolve to “Yes” if Japan’s seasonally adjusted quarter-on-quarter percent change in real GDP (Quarterly Real Growth Rate, Seasonally Adjusted Series, Quarter-to-Quarter), as reported by the Cabinet Office, is less than 0.0 for two consecutive quarters between Q4 2025 and Q4 2026. O",https://polymarket.com/event/japan-recession-in-2026
