event_slug,title,category,tags,end_date,days_to_end,start_date,num_markets,open_markets,volume_24h,volume_total,liquidity,open_interest,competitive,comment_count,sub_market_slugs,condition_ids,description,polymarket_url
trump-xi-summit-what-will-trump-announce-by-may-22,Trump-Xi Summit: What will Trump announce by May 22?,politics,china|politics|trump|xi-jinping|trump-xi-summit|xi|tariff|ai|taiwan|sanctions|sanction|weapons|arms,2026-05-22T00:00:00Z,1,2026-05-11T13:02:47.336758Z,7,6,8036.66,218845.57,62255.71,76025.20,0.856,34,will-trump-announce-a-tariff-reduction-on-china|will-trump-announce-a-taiwan-arms-sales-halt-385-157-952|will-trump-announce-ai-export-control-relief-224-899-648|will-trump-announce-new-sanctions-on-china-127-594|will-trump-announce-a-us-china-ai-safety-channel|will-trump-announce-the-release-of-detained-americans|will-trump-announce-a-us-china-board-of-trade,0x0cfac875e3fa84e292a97256b74432c236904d1a3e46fe8b489978122bdc663b|0x99067da61a6adbd81a774a2171a692c2bc0b1d79339010892dd0122700d07c27|0x5ce3e24da24e081975a103ddaa0dc188f57dfed228108480bfb42e22b6e9d11d|0x48c7603bb331cb47e78951840fcc3b1ade6ae5dcf65dd86d75fe0a28476b9383|0xea6d303ab39205e7c1d2c92461bc5053e7cf3494fead51d64097455ff0f3894d|0xc4bb233ab32b46bb4695f0a1b51f099960dec20e7cf9075f1f92728ebafabd40|0x2f67a201d2d3a057c027748f9287c39c8ac34012bbf8d06fe3ae194c1dc96268,"This market will resolve to “Yes” if Donald Trump or the Trump administration announces a reduction, removal, or suspension of any existing tariffs on China between market creation and May 22, 2026, 11:59 PM ET. Otherwise, this market will resolve to “No”. Only tariffs reductions specifically announ",https://polymarket.com/event/trump-xi-summit-what-will-trump-announce-by-may-22
trump-xi-summit-what-will-china-announce-by-may-22,Trump-Xi Summit: What will China announce by May 22?,politics,trump-xi-summit|jinping|china|politics|trump|xi,2026-05-22T00:00:00Z,1,2026-05-12T15:04:57.9525Z,6,5,9275.63,381956.05,54703.21,75478.31,0.814,79,will-china-announce-participation-in-iran-negotiations-by-may-22-881|will-china-announce-a-boeing-aircraft-purchase-by-may-22-385|will-china-announce-a-us-soybean-purchase-by-may-22-425-786|will-china-announce-a-us-oil-purchase-by-may-22-245|will-china-announce-rare-earth-export-relief-by-may-22-971|will-china-announce-an-nvidia-chip-purchase-by-may-22,0x2dacd626e7e6bdf41d922968120ecf052f0e044491048fe067f62c04d8e16ffb|0xecbc0d8411219bcbf1601cd2d5dc6923f4d3497e5f23f3a45f888cf2ce306591|0xb275aaf74777d2ed7af289a836b8cb73df52eb927ddbc1552eed4e8cc0fc8d56|0x379e8e6cfbdcc689d3859efe5f5bfa4327c33c2a3042fd0c06c125a19fdeb967|0xbe6ab2f71d3ed064621ea9917ee3e6b8fc526c86d48f49f5ce62e350005b677f,"This market will resolve to ""Yes"" if Xi Jinping, the Chinese government, or any authorized representative of the Chinese government announces a reduction, removal, or suspension of any existing tariffs on the United States between market creation and May 22, 2026, 11:59 PM ET. Otherwise, this market",https://polymarket.com/event/trump-xi-summit-what-will-china-announce-by-may-22
will-the-white-house-call-a-full-lid-by-630-pm-may-18-23,Will the White House call a full lid by 6:30 PM? (May 18 - 23),politics,lid|trump-daily|politics|trump,2026-05-23T00:00:00Z,2,2026-05-15T16:04:37.909326Z,6,4,2540.86,3036.70,6395.67,84.00,1.000,0,will-the-white-house-call-a-full-lid-by-630pm-on-may-18|will-the-white-house-call-a-full-lid-by-630pm-on-may-19|will-the-white-house-call-a-full-lid-by-630pm-on-may-20|will-the-white-house-call-a-full-lid-by-630pm-on-may-21|will-the-white-house-call-a-full-lid-by-630pm-on-may-22|will-the-white-house-call-a-full-lid-by-630pm-on-may-23,0x723d73a37461f9727bf370cf58348902521b9094bb9493ef29e733bb5ba2ae5c|0x32670334f574c6cf9c75056e66578e8aa024235179f16a4199f749078be8f6e1|0xd87f1e19fb3e8bf0ead835da36700db47f04f352cd6a717ed83c0ea4f4d8bcb3|0x1288ade431615de8d457c3de4289f765d579227a32fe30c6e4f527e70445ab73|0x86ec899215945fd536b06a49bc952b602e64744ead0196f62c628fedd803a7bf|0xe6397a58f40824256e322c05617ceff32d4c2e09ea16c16250727601feceac8e,"A ""full lid"" at the White House is an official announcement indicating that the President's public activities for the day have concluded and no further public events, appearances, or news are expected. This market will resolve to ""Yes"" if the White House Press Office calls a full lid by 6:30 PM ET o",https://polymarket.com/event/will-the-white-house-call-a-full-lid-by-630-pm-may-18-23
will-ken-paxton-drop-out,Will Ken Paxton drop out?,politics,elections|texas-senate|cornyn|primaries|midterm|politics,2026-05-25T00:00:00Z,4,2026-03-09T17:29:33.769163Z,1,1,4061.24,10175.96,10206.19,4082.69,0.801,0,will-ken-paxton-drop-out,0x4a97117e52d79b855de34962239fdb20cb627c24de5f639b9601c908c1d73999,"This market will resolve to ""Yes"" if Ken Paxton withdraws from or officially announces his withdrawal from the 2026 Texas Senate Republican Primary election, or announces the suspension of his 2026 Senate campaign, by May 25, 2026, 11:59 PM ET. Otherwise, this market will resolve to ""No"". The primar",https://polymarket.com/event/will-ken-paxton-drop-out
will-russia-capture-all-of-vovchansk-by,Will Russia capture all of Vovchansk by...?,politics,ukraine|geopolitics|ukraine-map|politics|putin|russia|military-actions|russia-capture,2026-05-31T00:00:00Z,10,2025-11-04T20:42:22.668954Z,7,3,0.00,856932.76,6726.45,3581.62,0.981,137,will-russia-capture-all-of-vovchansk-by-november-30|will-russia-capture-all-of-vovchansk-by-december-31|will-russia-capture-all-of-vovchansk-by-march-31|will-russia-capture-all-of-vovchansk-by-april-30|will-russia-capture-all-of-vovchansk-by-may-31|will-russia-capture-all-of-vovchansk-by-september-30|will-russia-capture-all-of-vovchansk-by-december-31-464,0x96ffe387516944a810dc53c1e3ede658d45498790b26a4ea44de903aafd4f992|0x7f41d341539a66365d00a05c62dc4ed9d5b0cbe52e54b804890dab10245a7773|0xc7f522adece27e6a631fab1f01ee75622517f486ec798380c71bd1ab33a0dedd|0xc96a954fafd8697c57980f27b3e8e8e7fa766e9d5b7d929ed6dbb2e26fc6e364|0xf7ffb48c52e71a70eda74c2982342a3b70832c0eb7ed461a09fad631d62ad3c7|0xbc43a765b1fb2a7ffabf7d57cc64be3754a07f6dbbb657130b520875f204c772|0x25e961b73889e80bb2e8e7e9611aa573cf5f7cae0d7db8a488256cf758f0f1ca,"This market will resolve to “Yes” if, according to the ISW map, Russia captures the entirety of Vovchansk by November 30, 2025, 11:59 PM ET. Vovchansk will be considered captured if the entirety of the municipality is shaded red on the ISW map (https://storymaps.arcgis.com/stories/36a7f6a6f5a9448496",https://polymarket.com/event/will-russia-capture-all-of-vovchansk-by
will-russia-enter-borova-by-december-31,Will Russia enter Borova by...?,politics,politics|geopolitics|ukraine|ukraine-map,2026-05-31T00:00:00Z,10,2025-11-27T13:07:30.970261Z,4,1,1176.97,159352.78,3366.00,8028.62,0.865,30,will-russia-enter-borova-by-december-31|will-russia-enter-borova-by-march-31|will-russia-enter-borova-by-april-30|will-russia-enter-borova-by-may-31,0xa3e37f8f0173508a88d1f15aff6ca3852f4e28574185830fe6d95afec53c5f77|0x447ebfa6074ef7b513711abe57fae9cfe80d6f93bfaf1c4e8d813fdd6cfac6f7|0x1f5265ae5e37f192217d565731483f809d9b7ed4f4c851aec079574fc345c787|0xec843b00542f8aae316ade26229c9f88846f3af47c59d783deb7854a9594de04,"This market will resolve to “Yes” if, according to the ISW map, Russia captures any territory of Borova (49.37457173620971, 37.62233412539868) by December 31, 2025, at 11:59 PM ET. Territory will be considered captured if any part of Borova is shaded under a below specified layer on the ISW map (htt",https://polymarket.com/event/will-russia-enter-borova-by-december-31
will-russia-capture-all-of-stepnohirsk-by,Will Russia capture all of Stepnohirsk by...?,politics,ukraine|ukraine-map|russia|putin|politics|military-actions|russia-capture|geopolitics,2026-05-31T00:00:00Z,10,2025-12-29T22:05:27.55127Z,6,2,447.56,922953.99,27800.34,3038.28,0.888,185,will-russia-capture-all-of-stepnohirsk-by-february-28-2026|will-russia-capture-all-of-stepnohirsk-by-march-31-2026-627|will-russia-capture-all-of-stepnohirsk-by-january-31-2026-147|will-russia-capture-all-of-stepnohirsk-by-april-30-2026|will-russia-capture-all-of-stepnohirsk-by-may-31-2026|will-russia-capture-all-of-stepnohirsk-by-september-30-2026,0xaee223ab7933d335e26a425d24006c1b2f973b7d32524afe496f7d4d6a8e01b1|0x8931e0498e10ad811a5be3188b28f178f55782d9c20270be62cae0ec288277ed|0x0c2ae975d6139b4193d33f71e09b5ef9cb08701306872657afb3cdc86fe08ca3|0x61725d7b77199987537c9c40ea8af6d0d825160cef1701dc0c2c06ca1d0df4cb|0xc5a2aa043b85c4c665dbb2360d844bc7b154d632e15f0f5beb1ec255a9149807|0xcd5f739ee4218c44531ef49e98de3b33271c4dc6799499301df0f9f0a14d0474,"This market will resolve to “Yes” if, according to the ISW map, Russia captures the entirety of Stepnohirsk, Zaporizhzhia Oblast, by January 15, 2026, 11:59 PM ET. Stepnohirsk will be considered captured if the entirety of the municipality is shaded red on the ISW map (https://storymaps.arcgis.com/s",https://polymarket.com/event/will-russia-capture-all-of-stepnohirsk-by
will-russia-enter-malokaterynivka-by-february-28,Will Russia enter Malokaterynivka by...?,politics,politics|ukraine|ukraine-map|geopolitics,2026-05-31T00:00:00Z,10,2026-01-14T18:25:01.362129Z,4,1,1.10,30641.57,4261.01,1307.29,0.824,1,will-russia-enter-malokaterynivka-by-february-28|will-russia-enter-malokaterynivka-by-march-31-2026|will-russia-enter-malokaterynivka-by-april-30-2026|will-russia-enter-malokaterynivka-by-may-31-2026,0xa14669307d629539b9d28a159861bbab7dba13b51bf0444beca54e951cc8c632|0xf695acc209aa3556cef822996a6bc6f332722b013c4ea498ccdb056ef15ee684|0x6dfc80b199d4e7d89220795a6ad74e335840fbdb27a1e8ae0fc95ee280b66db2|0x76598a35e8cb78059f1a36b84442c2f958528bab1e2738a6c95bb35e88288f8f,"This market will resolve to “Yes” if, according to the ISW map, Russia captures any territory of Malokaterynivka, Zaporizhzhya Oblast (47.6566° N, 35.2560° E), by February 28, 2026, at 11:59 PM ET. Territory will be considered captured if any part of Malokaterynivka is shaded under a below specified",https://polymarket.com/event/will-russia-enter-malokaterynivka-by-february-28
will-russia-capture-bilytske-by,Will Russia capture Bilytske by...?,politics,ukraine-map|geopolitics|ukraine|politics,2026-05-31T00:00:00Z,10,2026-01-14T20:15:15.255963Z,4,1,419.57,199440.69,1523.86,5430.47,0.840,6,will-russia-capture-bilytske-by-february-28-2026|will-russia-capture-bilytske-by-march-31-2026|will-russia-capture-bilytske-by-april-30-2026|will-russia-capture-bilytske-by-may-31-2026,0xfa13efa033b68c664ba009a6187cb337969ee45f418f0958b4d3654a345c79ea|0xc71ae60417a812b0a16d7eca04bbd5db4a330a56b3c8cb4fe254f2a7b77207f3|0x9c381f13371da3e3ce0c10e8f175a55aeb7918e07c4a993e6c18d2c1e4aa7de7|0xfdea893b9de9f4d631fff8b5b68dd30e2b38937260c2f45901c0608c14f9027a,"This market will resolve to “Yes” if, according to the ISW map, Russia captures the building located at 48.40731° N, 37.17956° E in Bilytske, Donetsk Oblast, by the specified date ET. The building will be considered captured if any part of the building is shaded red under a below-specified layer on ",https://polymarket.com/event/will-russia-capture-bilytske-by
will-russia-capture-havrylivka-by-february-28,Will Russia capture Havrylivka by...?,politics,politics|ukraine|geopolitics|ukraine-map,2026-05-31T00:00:00Z,10,2026-01-29T03:43:16.193344Z,4,1,0.00,66433.32,2785.23,464.19,0.830,0,will-russia-capture-havrylivka-by-february-28-2026|will-russia-capture-havrylivka-by-march-31-2026|will-russia-capture-havrylivka-by-april-30-2026|will-russia-capture-havrylivka-by-may-31-2026,0xb94244c5f9537743c30beb769fd3e170bd379481010739a198ee9bd7707f522f|0x842ba9354a70f32bcaba8c4dd866394037a77036e1b3fe1a00e1f421e06c57e6|0x602c2230bb73b47bedc8418f8929d5ca2771f911c6883825c823ea9afaafa1ea|0x20ddfa8e3939c1c45459f297c9fc00a4c4d64eb687041dba4e03be8e6039c8ea,"This market will resolve to “Yes” if, according to the ISW map, Russia captures the intersection at 48.0728° N, 36.5235° E in Havrylivka by the listed date, 11:59 PM ET. The intersection will be considered captured if any part of the intersection is shaded red on the ISW map (https://storymaps.arcgi",https://polymarket.com/event/will-russia-capture-havrylivka-by-february-28
will-russia-enter-havrylivka-by-february-28,Will Russia enter Havrylivka by...?,politics,politics|geopolitics|ukraine|ukraine-map,2026-05-31T00:00:00Z,10,2026-01-29T03:35:12.114707Z,4,1,0.00,22036.77,1061.67,479.18,0.618,0,will-russia-enter-havrylivka-by-february-28|will-russia-enter-havrylivka-by-march-31-2026|will-russia-enter-havrylivka-by-april-30-2026|will-russia-enter-havrylivka-by-may-31-2026,0x6459ef52b8428e2c2caaffbb3cbd7f98e52e138c02d6087270699d59eb9ed3cf|0x953574ee71d08dc6048e161f784ce98d1e18b8b6f4c48e9e61d72c8dd2e6e510|0x6a1eb31777d0150b40a31aec603d1cb91632e00865333aa4d6975fcb5715a0a2|0xb63e712c51b4bc1f1845759d36bf12cbfbae34a27687fb79d5e562a73f67aa8e,"This market will resolve to “Yes” if, according to the ISW map, Russia captures any territory of Havrylivka, Dnipropetrovsk Oblast, (48.072788° N, 36.523524° E) between market creation and February 28, 2026, at 11:59 PM ET. Territory will be considered captured if any part of Havrylivka is shaded un",https://polymarket.com/event/will-russia-enter-havrylivka-by-february-28
will-russia-capture-kupiansk-vuzlovyi-by,Will Russia capture Kupiansk-Vuzlovyi by...?,politics,politics|ukraine-map|geopolitics|ukraine,2026-05-31T00:00:00Z,10,2026-01-29T03:43:17.828163Z,4,1,0.00,75537.82,2708.81,2488.70,0.820,0,will-russia-capture-kupiansk-vuzlovyi-by-february-28|will-russia-capture-kupiansk-vuzlovyi-by-march-31|will-russia-capture-kupiansk-vuzlovyi-by-april-30|will-russia-capture-kupiansk-vuzlovyi-by-may-31,0x8545b4eabf92a312be1cb9a48d951b4838323367c93256d7733978d945d13c6e|0x05c1fc1236f304c52c0165be8832fa11fbb4033bf65c00a5ede0e11ed57dbcff|0x7e36605c74e41a5d3ce2325788fabb36d7da8c14b95ae9537d5b5db33bff5bc0|0xea7f9ecf4d9687877951b704c7d9b763dadff887c4d4042d34ab7102f3e17897,"This market will resolve to “Yes” if, according to the ISW map, Russia captures the Kupyansjk-Vuzlovij railroad station located between Zaliznychna Vulytsia and Zaliznychnykiv Ploshcha (49.654359° N, 37.644326° E) by February 28, 2026, at 11:59 PM ET. The railroad station will be considered captured",https://polymarket.com/event/will-russia-capture-kupiansk-vuzlovyi-by
don-lemon-charges-dropped,Don Lemon charges dropped?,politics,politics|minnesota-unrest|trump,2026-05-31T00:00:00Z,10,2026-01-30T23:29:58.518893Z,1,1,33.71,13781.12,8818.17,2055.07,0.871,0,don-lemon-charges-dropped,0xa7138fe01adfd5a36d38312e1b306a928f26bce6e324269870e4a4068a55a2d0,"This market will resolve to ""Yes"" if all charges against Don Lemon, stemming from his arrest on January 29, 2026, are officially dropped or reduced to a non-felony charge by May 31, 2026, 11:59 PM ET. Otherwise, this market will resolve to ""No"". The primary resolution source for this market will be ",https://polymarket.com/event/don-lemon-charges-dropped
will-russia-capture-all-of-ternuvate-by-february-28,Will Russia capture all of Ternuvate by...?,politics,ukraine-map|politics|geopolitics|ukraine,2026-05-31T00:00:00Z,10,2026-01-31T00:21:58.689651Z,4,1,10.08,107794.07,2642.68,4565.64,0.806,5,will-russia-capture-all-of-ternuvate-by-february-28-2026|will-russia-capture-all-of-ternuvate-by-march-31-2026|will-russia-capture-all-of-ternuvate-by-april-30-2026|will-russia-capture-all-of-ternuvate-by-may-31-2026,0x13a77ff2bd32750c17b130c59e65af892f91726a4fe333b1e7314fdddd0ae78f|0x69f952e9cee56dac68d9780ce2816c82045296bdcda26af90568a85d88bc1dad|0xe478d1ab3751bf9d153a65be5c2370d620a62cedb507fbc1f51ce1d0e32b47a2|0x5ed7e4e4f257e33b0b00cd7042b210efbe44e8b207446281f13bc90cf5a6bc90,"This market will resolve to “Yes” if, according to the ISW map, Russia captures the entirety of Ternuvate, Zaporizhzhya Oblast, (47.8301° N, 36.1268° E) by February 28, 2026, 11:59 PM ET. Ternuvate will be considered captured if the entirety of the municipality is shaded red on the ISW map (https://",https://polymarket.com/event/will-russia-capture-all-of-ternuvate-by-february-28
will-russia-capture-toretske-by,Will Russia capture Toretske by...?,politics,politics|ukraine-map|ukraine|geopolitics,2026-05-31T00:00:00Z,10,2026-02-04T18:13:41.590669Z,4,1,146.12,60089.64,2808.82,2053.68,0.838,4,will-russia-capture-toretske-by-february-28|will-russia-capture-toretske-by-march-31-2026|will-russia-capture-toretske-by-april-30-2026|will-russia-capture-toretske-by-may-31-2026,0x051524749f7dc742384f8584c8399c44410d31fb89a8605d8e9da095d291ccf9|0x25d2af413845b63ff3daf09c4154c090aacb8b34640ddf01f754df02ff6462d6|0x981aabe3983d4b9110df4f6a3f9766a7f8def6d13a57147a481d90475c33157c|0x1ebd435e340c23cdd00c994f1c29f388b94fc723a6c088a82d4e9a83076098d7,"This market will resolve to “Yes” if, according to the ISW map, Russia captures the intersection at 48.494901° N, 37.365342° E in Toretske, Donetsk Oblast, by February 28, 2026, at 11:59 PM ET. The intersection will be considered captured if any part of the intersection is shaded red on the ISW map ",https://polymarket.com/event/will-russia-capture-toretske-by
will-russia-capture-sofiivka-by-february-28,Will Russia capture Sofiivka by...?,politics,ukraine|politics|ukraine-map|geopolitics,2026-05-31T00:00:00Z,10,2026-02-04T00:55:34.275516Z,5,2,8.75,119992.37,3406.16,3495.09,0.920,4,will-russia-capture-sofiivka-by-march-31|will-russia-capture-sofiivka-by-february-28|will-russia-capture-sofiivka-by-april-30|will-russia-capture-sofiivka-by-may-31|will-russia-capture-sofiivka-by-june-30,0x080fbf255da9779e681055a3c26dd65bf4808ad92087006677947c7f373979f8|0xc3ab360ff7eba6b01ed8da80c845023cf52cb06a5872662cad7897a18b79d1a2|0x331019deef3c1f235ae5463f8239d0b4474667969dcc005817caefd997daab54|0x26592785b3fc7faec42f7d5492da5a8ebed0845d5fe893472067d75430cc0891|0x1277ec079bd88b9fb7722274d9d1c4dd16e5b424401e1ff4d528ab5eafe3a084,"This market will resolve to “Yes” if, according to the ISW map, Russia captures the intersection at 48.494433° N, 37.377320° E in Sofiivka, Donetsk Oblast, by February 28, 2026, at 11:59 PM ET. The intersection will be considered captured if any part of the intersection is shaded red on the ISW map ",https://polymarket.com/event/will-russia-capture-sofiivka-by-february-28
will-russia-enter-kindrashivka-by-february-28,Will Russia enter Kindrashivka by...?,politics,ukraine|ukraine-map|geopolitics|politics,2026-05-31T00:00:00Z,10,2026-02-04T00:17:23.503766Z,4,1,20.80,30230.68,2161.64,1367.82,0.847,0,will-russia-enter-kindrashivka-by-february-28|will-russia-enter-kindrashivka-by-march-31|will-russia-enter-kindrashivka-by-april-30|will-russia-enter-kindrashivka-by-may-31,0xc970097adebff649018e643bfc7394f2590c308fc283973135996702149db053|0x883660f3f9a1212d9793b922b1bda8453c7f3ff6f2bbd9dbd8a43efcde025d50|0xb8d36c974fe26a58e8bf60c030e4ea0f3d1900d441c110f400801d09f565fe8c|0x92c95e9b2ea09d40fea4d1cf4f71642ba6ca3f276ed357b8eb791d0375adfb5f,"This market will resolve to “Yes” if, according to the ISW map, Russia captures any territory of Kindrashivka, Kharkiv Oblast, (49.767840° N, 37.579877° E) between market creation and February 28, 2026, at 11:59 PM ET. Territory will be considered captured if any part of Kindrashivka is shaded under",https://polymarket.com/event/will-russia-enter-kindrashivka-by-february-28
will-russia-capture-all-of-drobysheve-by-march-31,Will Russia capture all of Drobysheve by...?,politics,politics|geopolitics|ukraine|ukraine-map,2026-05-31T00:00:00Z,10,2026-02-06T00:25:30.278202Z,3,1,405.61,90659.24,1552.61,1439.92,0.821,1,will-russia-capture-all-of-drobysheve-by-march-31|will-russia-capture-all-of-drobysheve-by-april-30|will-russia-capture-all-of-drobysheve-by-may-31,0x8511a2742c8503a998f6b62fdf22eb96b13b8cdc12ed414cabd0b99461e6a373|0xf71ef273f3b7e06b3c8db725d289945c4d37133971207fc069bf6e7729041f38|0x86b4ee84271d5ed9c77322c4b422c6de6225a14498b0798203320be2b0826599,"This market will resolve to “Yes” if, according to the ISW map, Russia captures the entirety of Drobysheve, Donetsk Oblast, (49°02'31.4""N 37°43'54.7""E) by March 31, 2026, 11:59 PM ET. Drobysheve will be considered captured if the entirety of the municipality is shaded red on the ISW map (https://sto",https://polymarket.com/event/will-russia-capture-all-of-drobysheve-by-march-31
will-russia-capture-all-of-huliaipole-by-february-28,Will Russia capture all of Huliaipole by...?,politics,geopolitics|ukraine-map|politics|ukraine,2026-05-31T00:00:00Z,10,2026-02-06T00:21:46.39475Z,5,2,9551.30,831867.57,7552.79,11505.84,0.948,347,will-russia-capture-all-of-huliaipole-by-february-28|will-russia-capture-all-of-huliaipole-by-march-31|will-russia-capture-all-of-huliaipole-by-april-30|will-russia-capture-all-of-huliaipole-by-may-31|will-russia-capture-all-of-huliaipole-by-june-30,0x9aa369619d83dde03b384844674fad655f92bab05b034a1c540e78d7f828a37b|0x1fafc1440b4fa2cf3720786818cbd5325a28e643ab216af8d72f98e26bbc5b88|0xc11a6a29ad4dbe16920928339cd9ad3bf3f9a2ab63e52ff5bfb8d177cdfb4d35|0xe43234c3b1057bd3ab009403013c3dc85577550fc1cd3b6dcc4187c63174a91d|0x300b12c0716c6904518674524a9106fe416c8c833f5366cf5378c31fb745cc58,"This market will resolve to “Yes” if, according to the ISW map, Russia captures the entirety of Huliaipole, Zaporizhzhya Oblast, (47°39'45.5""N 36°15'13.1""E) by February 28, 2026, 11:59 PM ET. Huliaipole will be considered captured if the entirety of the municipality is shaded red on the ISW map (htt",https://polymarket.com/event/will-russia-capture-all-of-huliaipole-by-february-28
will-russia-enter-pokrovskoe-by,Will Russia enter Pokrovskoe by...?,politics,ukraine|geopolitics|ukraine-map|politics,2026-05-31T00:00:00Z,10,2026-02-07T22:05:28.282829Z,4,1,0.00,80380.05,4655.26,1433.08,0.808,0,will-russia-enter-pokrovskoe-by-march-31-2026|will-russia-enter-pokrovskoe-by-february-28-2026|will-russia-enter-pokrovskoe-by-april-30-2026|will-russia-enter-pokrovskoe-by-may-31-2026,0x0bd51ac08ee1cc3ebf14ab952df7de25b2fa16e24b85524e189fad8e8fd00c69|0xaf5763158056efaab03f1ef6b11437235ce5cb443a161d48b339a3b748d2268d|0x41bec5ebc5302804c3f6880b3e0ef83dc6db4b2d3cea21ee050996e9369fd4b2|0x827311c4d623a59749701bbc43d1fe07283fa7a493a26e635bffe439b3f931d0,"This market will resolve to “Yes” if, according to the ISW map, Russia captures any territory of Pokrovskoe, Dnipropetrovsk Oblast, (47.984559° N, 36.228316° E) between market creation and the specified date (ET). Territory will be considered captured if any part of the specified territory is shaded",https://polymarket.com/event/will-russia-enter-pokrovskoe-by
will-russia-enter-khatnie-by,Will Russia enter Khatnie by...?,politics,ukraine|geopolitics|ukraine-map|politics,2026-05-31T00:00:00Z,10,2026-02-07T22:05:28.285234Z,4,1,0.00,126290.04,1280.24,7392.44,0.865,0,will-russia-enter-khatnie-by-february-28-2026|will-russia-enter-khatnie-by-march-31-2026|will-russia-enter-khatnie-by-april-30-2026|will-russia-enter-khatnie-by-may-31-2026,0x576ea036e548f3f658883e86013631c1ce871e8c81fc58735f887826d6a257ed|0xef3f70a6f99ed1efe45d10e43f2d99a4a3737e9da65aa887391204e428a484b4|0xc84ea5d8a8e5b98981707cc3d227d41e707089ebff7c5c1d8a1adcfb365b2e7d|0xa222e431c2edbbccbcfe36c415e0b17184d28c65de158ef488e7c809affe5993,"This market will resolve to “Yes” if, according to the ISW map, Russia captures any territory of Khatnie, Kharkiv Oblast, (50.121266° N, 37.565909° E) between market creation and the specified date (ET). Territory will be considered captured if any part of the specified territory is shaded under a b",https://polymarket.com/event/will-russia-enter-khatnie-by
will-russia-enter-serhiivka-by-march-31,Will Russia enter Serhiivka by...?,politics,ukraine|politics|geopolitics|ukraine-map,2026-05-31T00:00:00Z,10,2026-02-07T22:05:28.284079Z,3,1,0.00,40109.02,497.36,2679.41,0.853,0,will-russia-enter-serhiivka-by-march-31|will-russia-enter-serhiivka-by-april-30|will-russia-enter-serhiivka-by-may-31,0x15b8b3a92fb35fb366d27f1d175063c4d32b2fe4fafbb2838530680236eefdae|0x881e84127b24835a0da3e5819b3ef415d8738749a9257d28c854b3ab5a4d8d23|0x43cf569450f1c4259cd0426127d8356fb6296df9f09456d1d4aa3c9cd4cd76c4,"This market will resolve to “Yes” if, according to the ISW map, Russia captures any territory of Serhiivka, Donetsk Oblast, (48.311123° N, 36.931008° E) between market creation and the specified date 2026 (ET). Territory will be considered captured if any part of the specified territory is shaded un",https://polymarket.com/event/will-russia-enter-serhiivka-by-march-31
will-russia-capture-pokrovka-by,Will Russia capture Pokrovka by...?,politics,ukraine|politics|ukraine-map|geopolitics,2026-05-31T00:00:00Z,10,2026-02-11T20:11:57.153652Z,4,1,69.77,67685.04,2758.98,506.32,0.856,3,will-russia-capture-pokrovka-by-february-28|will-russia-capture-pokrovka-by-march-31|will-russia-capture-pokrovka-by-april-30|will-russia-capture-pokrovka-by-may-31,0xec9ab2d91c112eb2c9b8ac72608ac16aca7b0072b4a022876d460781e514b7c3|0xcb1cf237a91ebdaa27b577c294cf4f46f7e4670aed437037c55bd05bb06e80c9|0x03a6ab7a76400dd936feb680fe6c42c1685c77579eadfd4c87fd190f3afbfd30|0x21556121fb4765cbdf2e45d284763e218dea044959bfa619f981e48104d78390,"This market will resolve to “Yes” if, according to the ISW map, Russia captures the intersection at 50.802224° N, 35.379423° E in Pokrovka, Sumy Oblast, by February 28, 2026, at 11:59 PM ET. The intersection will be considered captured if any part of the intersection is shaded red on the ISW map (ht",https://polymarket.com/event/will-russia-capture-pokrovka-by
will-russia-enter-ternuvate-again-by-february-28,Will Russia enter Ternuvate again by...?,politics,ukraine-map|ukraine|geopolitics|politics,2026-05-31T00:00:00Z,10,2026-02-11T22:51:28.352368Z,4,1,11.24,370564.93,1483.50,2593.87,0.882,95,will-russia-enter-ternuvate-again-by-february-28|will-russia-enter-ternuvate-again-by-march-31|will-russia-enter-ternuvate-again-by-april-30|will-russia-enter-ternuvate-again-by-may-31,0x66ba86505cf3790b3b949b6add9a299ce02efd27dd0fe1ad37b9c2d8900b3cd9|0x9e0942b077f5e37c166edf912ad076bc911b84e82627f58e8f7391c6ca07612f|0x05f40f8a71edbdac0b4e2803970178ea7883bd9c6d2428105472c8c8331fe557|0xda70183170dabffacfcaf4d3f28cc8d02654eebc5f3821d0573aa9468d5acf6d,"This market will resolve to “Yes” if, according to the ISW map, Russia captures any territory of Ternuvate, Zaporizhzhya Oblast, (47.8301° N, 36.1268° E) between market creation and February 28, 2026, at 11:59 PM ET. Territory will be considered captured if any part of the specified territory is sha",https://polymarket.com/event/will-russia-enter-ternuvate-again-by-february-28
will-russia-enter-krasnopillya-by-april-30,Will Russia enter Krasnopillya by...?,politics,ukraine|geopolitics|politics|ukraine-map,2026-05-31T00:00:00Z,10,2026-02-19T20:45:30.610597Z,2,1,260.74,10842.60,1570.86,2047.26,0.853,0,will-russia-enter-krasnopillya-by-april-30|will-russia-enter-krasnopillya-by-may-31,0x1b662fd2fc0961140224393335704d78d87ff747f19a884f40d992afe2eb4a8b|0xb744bc19070b0c84fde101c0b4dc81f7192a3d65723b594db1e30596608d7dc5,"This market will resolve to “Yes” if, according to the ISW map, Russia captures any territory of Krasnopillya, Sumy Oblast, (50.77395633727591° N, 35.2597768488549° E) between market creation and the specified date (ET). Territory will be considered captured if any part of the specified territory is",https://polymarket.com/event/will-russia-enter-krasnopillya-by-april-30
will-russia-enter-mykhailivka-by-april-30,Will Russia enter Mykhailivka by...?,politics,politics|ukraine|ukraine-map|geopolitics,2026-05-31T00:00:00Z,10,2026-02-19T20:45:30.340687Z,2,1,10.99,93631.99,1655.24,2062.79,0.874,0,will-russia-enter-mykhailivka-by-april-30|will-russia-enter-mykhailivka-by-may-31,0xe1686e717c6db099a40b2bd5a3a77952aa3fbd98f5a37acabc698cca4e02d080|0x1be7daeb34173ab67d102c576612dbebfc3224198a2729093fcd4808c77b203d,"This market will resolve to “Yes” if, according to the ISW map, Russia captures any territory of Mykhailivka, Sumy Oblast, (50.797758° N, 35.315210° E) between market creation and the specified date (ET). Territory will be considered captured if any part of the specified territory is shaded under a ",https://polymarket.com/event/will-russia-enter-mykhailivka-by-april-30
will-russia-capture-kindrativka-by-march-31,Will Russia capture Kindrativka by...?,politics,geopolitics|politics|ukraine|ukraine-map,2026-05-31T00:00:00Z,10,2026-02-19T20:45:31.058658Z,3,1,58.12,13410.14,2915.22,951.11,0.828,1,will-russia-capture-kindrativka-by-march-31|will-russia-capture-kindrativka-by-april-30|will-russia-capture-kindrativka-by-may-31,0xd4187a5acaf185cdb084d43b127d57057fc5009b751341ddd137e431394c8065|0xf49eb2cfbc891294d16bdadd1c1324ef9bb976087a82712e8950b9d15832b357|0x82b1b23cde12ef055f59302b09422c9d630b1ed46449ab04022f8a8e71425c84,"This market will resolve to “Yes” if, according to the ISW map, Russia captures the intersection at 51.141847° N, 34.771637° E in Kindrativka, Sumy Oblast, by the specified date 11:59 PM ET. The intersection will be considered captured if any part of the intersection is shaded red on the ISW map (ht",https://polymarket.com/event/will-russia-capture-kindrativka-by-march-31
will-russia-enter-stinky-by-march-31,Will Russia enter Stinky by...?,politics,ukraine|ukraine-map|geopolitics|politics,2026-05-31T00:00:00Z,10,2026-02-24T20:08:54.539076Z,3,1,185.41,42834.17,1933.76,878.38,0.877,6,will-russia-enter-stinky-by-march-31|will-russia-enter-stinky-by-april-30|will-russia-enter-stinky-by-may-31,0x2978f2bf4757a96226dd31fe36b6c1224e613b2d619f605bcfb6ada11a8159ba|0x7944b0c12366bc29ea0d6e554f38d6959b0096f77180cf13cfed1b23b2e320d4|0xe26dcffeba8a94632df98acb0b16171557558e9677f161d4602232e7fd328415,"This market will resolve to “Yes” if, according to the ISW map, Russia captures any territory of Stinky, Donetsk Oblast, (48.578829902717374° N, 37.73960567273168° E) between market creation and the specified date (ET). Territory will be considered captured if any part of the specified territory is ",https://polymarket.com/event/will-russia-enter-stinky-by-march-31
will-the-iranian-regime-fall-by-may-31,Will the Iranian regime fall by May 31?,politics,iran-regime|khamenei|middle-east|u-s-x-iran|iran|reza-pahlavi|israel|israel-x-iran|geopolitics|politics,2026-05-31T00:00:00Z,10,2026-04-01T16:26:26.185791Z,1,1,1245495.17,24030136.37,1347537.10,6007293.16,0.806,1,will-the-iranian-regime-fall-by-may-31,0x789c947a9415600d30d56a4aae88d4111996679b0caed166d0c96242fdce92a2,"This market will resolve to ""Yes"" if the Islamic Republic of Iran’s current ruling regime is overthrown, collapsed, or otherwise ceases to govern by May 31, 2026, 11:59 PM ET. Otherwise, this market will resolve to “No”. This requires a broad consensus of reporting indicating that core structures of",https://polymarket.com/event/will-the-iranian-regime-fall-by-may-31
evo-morales-arrested-by-may-31,Evo Morales arrested by May 31,politics,arrest|bolivia|politics|culture,2026-05-31T00:00:00Z,10,2026-03-31T21:43:59.874795Z,1,1,788.70,20239.50,3396.28,7258.19,0.917,13,evo-morales-arrested-by-may-31,0x34754b217c530433402b30f238fee045760592c93c06f977b0a805911005c723,"This market will resolve to ""Yes"" if Evo Morales, former President of Bolivia, is arrested or detained by law enforcement between market creation and May 31, 2026, 11:59 PM ET. Otherwise, this market will resolve to ""No"". Temporary holding at a detention facility while awaiting a judge’s decision on",https://polymarket.com/event/evo-morales-arrested-by-may-31
trump-ballroom-project-unblocked-by-april-30,Trump ballroom project unblocked by...?,politics,politics|white-house|ballroom|trump|courts,2026-05-31T00:00:00Z,10,2026-04-01T20:48:28.747156Z,2,1,0.00,30330.34,1290.05,749.83,0.917,4,trump-ballroom-project-unblocked-by-april-30|trump-ballroom-project-unblocked-by-may-31,0x6577cd461cbe4555e2a8b47e4199e2c8fe08c5ee4574a7c921e74e64c2d64035|0x9c88a9e2f785a32cf0916946dcb47fffe4d9a54c648194f7a5fddabca9111ea7,"A federal judge recently issued a preliminary injunction to halt construction of Donald Trump’s White House ballroom project (see: https://edition.cnn.com/2026/03/31/politics/judge-rules-that-white-house-ballroom-contstuction-stop). This market will resolve to “Yes” if, at any point between market c",https://polymarket.com/event/trump-ballroom-project-unblocked-by-april-30
tucker-carlson-arrested-by-may-31,Tucker Carlson arrested by May 31?,politics,politics|culture|indict|trump,2026-05-31T00:00:00Z,10,2026-04-07T19:08:41.288266Z,1,1,295.85,3789.12,5776.93,1895.47,0.805,3,tucker-carlson-arrested-by-may-31,0x9ae555e3e87e14fcc60750f652dc035fed5d56407e487dc91788aafb58b14ebe,"This market will resolve to ""Yes"" if Tucker Carlson is arrested or detained by law enforcement between the time of market creation and May 31, 2026, 11:59 PM ET. Otherwise, this market will resolve to ""No"". Temporary holding at a detention facility while awaiting a judge’s decision on whether to gra",https://polymarket.com/event/tucker-carlson-arrested-by-may-31
pam-bondi-testifies-before-congress-by-may-31,Pam Bondi testifies before congress by May 31?,politics,politics|contempt|epstein|attorney-general|trump,2026-05-31T00:00:00Z,10,2026-04-10T20:58:22.720936Z,1,1,79.97,1565.62,1810.44,573.74,0.896,0,pam-bondi-testifies-before-congress-by-may-31,0xc6747fd1ac5fa9fe9844eafd9f766a3bf9a775ebbda45bd24f262be09ef307bf,"This market will resolve to ""Yes"" if Pam Bondi provides live or recorded testimony before either chamber of the United States Congress (House of Representatives or Senate), or any of their official committees or subcommittees by May 31, 2026, 11:59 PM ET. Otherwise, this market will resolve to ""No"".",https://polymarket.com/event/pam-bondi-testifies-before-congress-by-may-31
cory-mills-out-as-us-rep-by-may-31,Cory Mills out as US Rep by May 31?,politics,congress|politics|swalwell|expel|house-of-representatives|congress-expulsions|house,2026-05-31T00:00:00Z,10,2026-04-13T15:46:58.559843Z,1,1,0.00,9037.65,1511.78,2408.63,0.874,0,cory-mills-out-as-us-rep-by-may-31,0xe02be708711f71fe7a0b84b877bbbe578a26939ee1ff19f4d7872a4e5ef19087,"This market will resolve to “Yes” if Cory Mills ceases to be United States Representative from Florida's 7th congressional district for any period of time between market creation and the specified date (ET). Otherwise, this market will resolve to “No”. An announcement of Mills' resignation/removal b",https://polymarket.com/event/cory-mills-out-as-us-rep-by-may-31
swalwell-mills-gonzalez-and-cherfilus-mccormick-all-out-by-may-31,"Swalwell, Mills, Gonzales, and Cherfilus-McCormick all out by May 31?",politics,swalwell|congress|expel|house-of-representatives|politics|congress-expulsions,2026-05-31T00:00:00Z,10,2026-04-13T15:50:41.700971Z,1,1,213.95,27847.22,2606.73,4128.51,0.830,0,swalwell-mills-gonzalez-and-cherfilus-mccormick-all-out-by-may-31,0x60b924763517867984f72010aaa88f0f868af28d5507db6d6d16ff38e4e4d69b,"This market will resolve to “Yes” if Eric Swalwell, Cory Mills, Tony Gonzales and Sheila Cherfilus-Mccormick all cease to be United States Representatives for any period of time between market creation and the specified date (ET). Otherwise, this market will resolve to “No”. An official announcement",https://polymarket.com/event/swalwell-mills-gonzalez-and-cherfilus-mccormick-all-out-by-may-31
trump-re-sues-wsj-by-april-27,Trump re-sues WSJ by...?,politics,politics|lawsuit|wall-street-journal|trump|courts,2026-05-31T00:00:00Z,10,2026-04-13T22:18:10.021056Z,2,1,165.95,24676.04,722.71,411.28,0.750,6,trump-re-sues-wsj-by-april-27|trump-re-sues-wsj-by-may-31,0x19c63f16d285e7386b188c233b8c71ca757cb53ccad35e01452e4d993c30ced0|0xba290fa28ce59e8efabb82c80bc7b4023907367221c604d2e3a33481650c469e,"""This market will resolve to 'Yes' if Donald Trump initiates or refiles a lawsuit against the Wall Street Journal by April 27, 2026, 11:59 PM ET. Otherwise, this market will resolve to 'No'. Both novel lawsuits and amended complaints against the Wall Street Journal will qualify, including amended co",https://polymarket.com/event/trump-re-sues-wsj-by-april-27
eric-swalwell-arrested-by-may-31,Eric Swalwell arrested by May 31?,politics,politics|culture,2026-05-31T00:00:00Z,10,2026-04-14T19:02:46.42072Z,1,1,221.39,13566.12,5608.85,3556.67,0.809,0,eric-swalwell-arrested-by-may-31,0x1340e5144fc76cf2cf325cc9d2b8f533bacc6e841853b842adb6d724a2257eb4,"This market will resolve to ""Yes"" if Eric Swalwell is arrested or detained by law enforcement between the time of market creation and May 31, 2026, 11:59 PM ET. Otherwise, this market will resolve to ""No"". Temporary holding at a detention facility while awaiting a judge’s decision on whether to gran",https://polymarket.com/event/eric-swalwell-arrested-by-may-31
ruben-gallego-out-as-us-senator-by-may-31,Ruben Gallego out as US Senator by May 31?,politics,politics|trump|swalwell|congress-expulsions|expel,2026-05-31T00:00:00Z,10,2026-04-14T21:00:20.271682Z,1,1,0.00,3648.72,2198.89,1593.53,0.811,0,ruben-gallego-out-as-us-senator-by-may-31,0x1b5b6c8d562cab91cc2068c79404aed03e722a12328c75df7796bb1332905e2f,"This market will resolve to “Yes” if Ruben Gallego ceases to be United States Senator from Arizona for any period of time between market creation and the specified date (ET). Otherwise, this market will resolve to “No”. An announcement of Gallego's resignation/removal before this market's end date w",https://polymarket.com/event/ruben-gallego-out-as-us-senator-by-may-31
eric-swalwell-charged-by-may-31,Eric Swalwell charged by May 31?,politics,swalwell|courts|politics|indict,2026-05-31T00:00:00Z,10,2026-04-14T23:22:31.310031Z,1,1,13.64,1785.69,9748.45,634.26,0.823,0,eric-swalwell-charged-by-may-31,0x70bb7a6224afdb47ea092efa1338efc17031a770ca5ce54b62ce553aea94d87f,"This market will resolve to “Yes” if any Federal or State jurisdiction of the United States formally charges or otherwise announces a criminal indictment of Eric Swalwell between market creation and May 31, 2026, 11:59 PM ET. Otherwise, this market will resolve to “No”. For the purposes of this mark",https://polymarket.com/event/eric-swalwell-charged-by-may-31
will-trump-visit-pakistan-by-april-30,Will Trump visit Pakistan by...?,politics,pakistan|trump|u-s-x-iran|geopolitics|iran|politics|iran-ceasefire,2026-05-31T00:00:00Z,10,2026-04-17T00:36:50.701762Z,2,1,6159.76,672461.16,18166.03,46386.64,0.805,13,will-trump-visit-pakistan-by-may-31|will-trump-visit-pakistan-by-april-30-143,0x2017a6a234f761d6a44be17094ecf247d7d1e706024edbef59d6391a3c19e1b2|0xc53e7b31acb5808dc9d06785c5ada0c2dbee9ca46b3eca2ca18fc2745aa716a5,"If U.S. President Donald Trump visits Pakistan by May 31 2026, 11:59 PM ET, this market will resolve to ""Yes"". Otherwise, this market will resolve to ""No"". For the purpose of this market, a ""visit"" is defined as Trump physically entering the terrestrial or maritime territory of Pakistan. Whether or ",https://polymarket.com/event/will-trump-visit-pakistan-by-april-30
trump-renames-straight-of-hormuz-to-strait-of-trump-by-may-31,"Trump renames Strait of Hormuz to ""Strait of Trump"" by May 31?",politics,geopolitics|trump|iran|politics|iran-ceasefire|strait-of-hormuz,2026-05-31T00:00:00Z,10,2026-04-17T22:58:35.247204Z,1,1,17774.63,1357210.82,46712.71,221662.45,0.806,45,trump-renames-straight-of-hormuz-to-strait-of-trump-by-may-31,0x79e7d16f5c71ab6ff5f805f77045eb5cef7b8f6aa87db54ebabeb3373d31b254,"This market will resolve to ""Yes"" if Donald Trump publicly announces, that the United States will officially refer to the Strait of Hormuz as the ""Strait of Trump"" or ""Trump Strait"" or any equivalent name which includes ""Trump"" by May 31, 2026, 11:59 PM ET. Otherwise, this market will resolve to ""No",https://polymarket.com/event/trump-renames-straight-of-hormuz-to-strait-of-trump-by-may-31
will-trump-publicly-insult-someone-on-312,Will Trump publicly insult someone on...?,politics,trump-daily|politics|culture|trump,2026-05-31T00:00:00Z,10,2026-04-30T15:38:30.362687Z,31,12,13940.24,547463.88,134520.03,20450.83,0.874,0,will-donald-trump-publicly-insult-someone-on-may-8-2026|will-donald-trump-publicly-insult-someone-on-may-10-2026|will-donald-trump-publicly-insult-someone-on-may-12-2026|will-donald-trump-publicly-insult-someone-on-may-14-2026|will-donald-trump-publicly-insult-someone-on-may-16-2026|will-donald-trump-publicly-insult-someone-on-may-18-2026|will-donald-trump-publicly-insult-someone-on-may-20-2026|will-donald-trump-publicly-insult-someone-on-may-22-2026|will-donald-trump-publicly-insult-someone-on-may-24-2026|will-donald-trump-publicly-insult-someone-on-may-26-2026|will-donald-trump-publicly-insult-someone-on-may-28-2026|will-donald-trump-publicly-insult-someone-on-may-30-2026|will-donald-trump-publicly-insult-someone-on-may-1-2026|will-donald-trump-publicly-insult-someone-on-may-3-2026|will-donald-trump-publicly-insult-someone-on-may-5-2026|will-donald-trump-publicly-insult-someone-on-may-2-2026|will-donald-trump-publicly-insult-someone-on-may-4-2026|will-donald-trump-publicly-insult-someone-on-may-6-2026|will-donald-trump-publicly-insult-someone-on-may-7-2026|will-donald-trump-publicly-insult-someone-on-may-9-2026|will-donald-trump-publicly-insult-someone-on-may-11-2026|will-donald-trump-publicly-insult-someone-on-may-13-2026|will-donald-trump-publicly-insult-someone-on-may-15-2026|will-donald-trump-publicly-insult-someone-on-may-17-2026|will-donald-trump-publicly-insult-someone-on-may-19-2026|will-donald-trump-publicly-insult-someone-on-may-21-2026|will-donald-trump-publicly-insult-someone-on-may-23-2026|will-donald-trump-publicly-insult-someone-on-may-25-2026|will-donald-trump-publicly-insult-someone-on-may-27-2026|will-donald-trump-publicly-insult-someone-on-may-29-2026|will-donald-trump-publicly-insult-someone-on-may-31-2026,0xae6129b43e3b45c7d974f946831b7678621da5dedbe4803b26537fb6be88fccb|0x53e80201da4f03c11849829bf4f697b6eda34476da0966ce2ac6275ac4e91923|0x58b8fd18cb8562ff65d537d44742de5d5a2d4d1e8b315aa909617da1b0b55dd5|0x6e17fba7164a2423b62f013a725c0037b2d88105286826f2160278597ea3073c|0x14d99316fc9f724c2e8146d581c3b1ea51c0c101239c0194437f33bbb2b15f30|0xc23e207dc76eacea94626dd16e8f4a0f4cabcc38535775830b92aab45b09341f|0x235dcd01e98938f280cde9246459f19109bb70e192c0ddb767f58b119aef040c|0x621ccb8ddc8ed915f0e822d24e059dbfce264ce4200199a42d676ce9cd04c738|0x8ecef5c7294c61ca15ffd49c8d8ce104d1bc7c336bb8f353c0e6249c7d52e3ca|0x930cbe0d958f1c39ee130de7cb7f7543b37036573ac392e7269d146a7e9c6c1f|0x7545551fcc53c7e8737f0de307d243eb440d5a0d436e0addb3b066cccf3fb09f|0x9e3d66e0123602a25bf937da55caa0f7092899cdbd5ba08f777b0e8b97670b12|0x5d3dbdd043845592d26a4e9fbac7a375e24f21bbecbf12cdc21c92099b954514|0xdafe40f346e89e842c4bf95618b87dfb06513d2861856d00b81252cb0a158f9c|0xcc133fdd8ad4dece2dd9045ddc5e41c3a5ef721bb3cba9c7c4a0f5e8a0d41e96|0x097b7c677c52b9aed91e758e06a0234846cc467cc5fef04805221bdc75a3109e|0x86cffceb87aea2486e6afcb1bc8f59e82bc8c94b2f237f4531a03859a41a1767|0xefa0066d04ba5dd000c52b15fd1d9d82e7d554f7616912600509388d9dc44350|0x0223c71023dcc578eb903227bf5ca2111b4e91002aace6d22d3fa64f721e2c37|0xec0d7b47b2f01ad7eaa3ab12959422529575cf91bb9f79eb2d30e7112d12e2f7|0xdc2ce5c0df5939ac05a1bec9b3d54d778ea8680577a590d27e58ef22cd3a726e|0x92d0da4377b2de83227592295d45222193fe160360db592ddd100ce524dc0cbc|0xb2ad15bc377486ca5147a3cd21545841b42aaa2c82365c8345955e289400f14c|0xd31ca3fa0e8dc1c461ad636d82d8d332120b5291b42dd50173f39b8c7ca8ee5c|0x5536e4ebd2efe6ba20cb9d9da44fe1b28cdbd43e92940209c236f9f2711d3b0f|0x458e61a26573512cdfeba4052fc7904bcbc82e8e5b9dc07b0ce658796fcfc8c7|0x3342a12e8a9e6d9718f3cf008ed1080b317cda49d1cdfe799cefbff910496b20|0x73172d27439422ab7d3575a6f04f53ff26eab39761a1dd1c78751e09f56fcdc7|0x74b6a639f8b15aa4c5b4cf1c1e353cea32293de30f327ea8b0f3f53209505276|0xc12f336bfc3dd24975e0a9b0917f772aa804987ded738e1a14cec374906bd395|0xfadb23907953ad51732a6c23e9e161b42650427e8cdce8b4218848ca6584d2ca,"This market will resolve to ""Yes"" if Donald Trump makes any public statement in which he insults, mocks, or attacks any non-fictional individual personally or professionally in a clearly negative manner on the specified date (ET). Otherwise, this market will resolve to ""No"". This includes calling th",https://polymarket.com/event/will-trump-publicly-insult-someone-on-312
trump-out-as-president-by-may-31,Trump out as President by May 31?,politics,trump|politics,2026-05-31T00:00:00Z,10,2026-04-27T22:14:25.476593Z,1,1,140527.08,1902852.41,978727.91,947858.70,0.802,1,trump-out-as-president-by-may-31,0x3ded5a5738cdcb0a0c5cbaf2023a4aed7e837a20bbe0a57accc4abd04ad63809,"This market will resolve to “Yes” if Donald Trump resigns or is removed as President or otherwise ceases to be the President of the United States for any period of time by May 31, 2026, 11:59 PM ET. Otherwise, this market will resolve to “No”. An announcement of Donald Trump's resignation/removal be",https://polymarket.com/event/trump-out-as-president-by-may-31
major-us-official-out-by-may-31,Major US official out by May 31?,politics,out|trump|politics|trump-cabinet|congress,2026-05-31T00:00:00Z,10,2026-04-27T22:20:45.085177Z,1,1,131.81,20101.99,9437.31,4807.69,0.899,0,major-us-official-out-by-may-31,0xa0c38fa49349167e5fadb5d2583da2132b4e52aab654babd0dd67e5d917fe12b,"This market will resolve to “Yes” if at least one individual holding one of the following governmental positions ceases to hold their position, prior to the end of their scheduled term, for any period of time between market creation and May 31, 2026, 11:59 PM ET. Otherwise, this market will resolve ",https://polymarket.com/event/major-us-official-out-by-may-31
congress-passes-iran-war-powers-resolution-by-may-31,Congress passes Iran war powers resolution by May 31?,politics,iran|congress|u-s-x-iran|politics|geopolitics,2026-05-31T00:00:00Z,10,2026-04-27T21:59:06.811583Z,1,1,2490.47,5308.61,13877.10,2974.45,0.837,0,congress-passes-iran-war-powers-resolution-by-may-31,0x5f48b1799e796e3f0e045bfbeff524c15767906b30fae351533d8bbf4f1a3c5a,"This market will resolve to ""Yes"" if both the U.S. House of Representatives and the U.S. Senate pass the same bill, measure, or resolution that seeks to limit U.S. armed forces military action in the recent US/Israel-Iran conflict by May 31, 2026, 11:59 PM ET. Otherwise, this market will resolve to ",https://polymarket.com/event/congress-passes-iran-war-powers-resolution-by-may-31
pete-hegseth-out-as-secretary-of-defense-by-may-31,Pete Hegseth out as Secretary of Defense by May 31?,politics,iran|geopolitics|trump|trump-cabinet|politics|u-s-x-iran|hegseth,2026-05-31T00:00:00Z,10,2026-04-27T22:03:02.515136Z,1,1,608.91,671445.95,17542.75,43350.59,0.805,0,pete-hegseth-out-as-secretary-of-defense-by-may-31,0xd7e6f6627e8b73a8fa3a29949f6dc81f683f5ce102ae6b03347b862d09617f0f,"This market will resolve to “Yes” if Pete Hegseth ceases to be U.S. Secretary of Defense for any period of time between market creation and the specified date (ET). Otherwise, this market will resolve to “No”. An announcement of Pete Hegseth's resignation/removal before this market's end date will i",https://polymarket.com/event/pete-hegseth-out-as-secretary-of-defense-by-may-31
jimmy-kimmel-firedresigns-by-may-31,Jimmy Kimmel fired/resigns by May 31?,politics,politics|trump|celebrities|culture|tv,2026-05-31T00:00:00Z,10,2026-04-27T18:22:22.912895Z,1,1,405.86,418158.93,27224.19,110924.02,0.805,29,jimmy-kimmel-firedresigns-by-may-31,0xe033fd230022d2c8835df16bb9e065b402690a15e9ed381ea00569b9218ce102,"This market will resolve to ""Yes"" if Jimmy Kimmel ceases to be the host of Jimmy Kimmel Live! for any length of time between market creation and May 31, 2026, 11:59 PM ET. Otherwise, this market will resolve to ""No"". An announcement of Kimmel's resignation/firing before this market's end date will i",https://polymarket.com/event/jimmy-kimmel-firedresigns-by-may-31
trump-sues-jimmy-kimmel-by-may-31,Trump sues Jimmy Kimmel by May 31?,politics,trump|politics,2026-05-31T00:00:00Z,10,2026-04-27T22:06:43.401849Z,1,1,1.45,1195.27,7938.29,606.06,0.822,0,trump-sues-jimmy-kimmel-by-may-31,0xf2f446bd91126ce509875ecd03a1b32c63294fe92f30469a8b8fb4412fe3392d,"This market will resolve to “Yes” if Donald Trump initiates a lawsuit against Jimmy Kimmel by May 31, 2026, 11:59 PM ET. Otherwise, this market will resolve to “No”. An announcement of intent to sue or a legal threat will not qualify for a “Yes” resolution; a lawsuit must actually be filed in court.",https://polymarket.com/event/trump-sues-jimmy-kimmel-by-may-31
will-trump-dance-on,Will Trump dance on...?,politics,culture|politics|trump|trump-daily,2026-05-31T00:00:00Z,10,2026-04-28T20:37:20.171308Z,31,12,1856.23,306746.61,10396.65,2801.40,0.888,3,will-donald-trump-dance-on-may-3-2026|will-donald-trump-dance-on-may-6-2026|will-donald-trump-dance-on-may-8-2026|will-donald-trump-dance-on-may-9-2026|will-donald-trump-dance-on-may-15-2026|will-donald-trump-dance-on-may-18-2026|will-donald-trump-dance-on-may-22-2026|will-donald-trump-dance-on-may-27-2026|will-donald-trump-dance-on-may-29-2026|will-donald-trump-dance-on-may-4-2026|will-donald-trump-dance-on-may-5-2026|will-donald-trump-dance-on-may-17-2026|will-donald-trump-dance-on-may-19-2026|will-donald-trump-dance-on-may-25-2026|will-donald-trump-dance-on-may-30-2026|will-donald-trump-dance-on-may-31-2026|will-donald-trump-dance-on-may-2-2026|will-donald-trump-dance-on-may-10-2026|will-donald-trump-dance-on-may-12-2026|will-donald-trump-dance-on-may-13-2026|will-donald-trump-dance-on-may-14-2026|will-donald-trump-dance-on-may-16-2026|will-donald-trump-dance-on-may-21-2026|will-donald-trump-dance-on-may-23-2026|will-donald-trump-dance-on-may-26-2026|will-donald-trump-dance-on-may-1-2026|will-donald-trump-dance-on-may-7-2026|will-donald-trump-dance-on-may-11-2026|will-donald-trump-dance-on-may-20-2026|will-donald-trump-dance-on-may-24-2026|will-donald-trump-dance-on-may-28-2026,0x763bd60567b04efdbccfc6afebe52ee7ebc403dc75e21dfe8b19612e741f62bc|0x6327022abf8997db7721fbb9766a19cda598d5b880a395b5bc077bf0a4880384|0x55d06da7a57dad94253d6d5ce365f0b26f32d0e98f960148d60759f31ae69f20|0x2d8b9b4ddf2b30eea624c9871935ec99f51698e7198c336e91c6a6ddba97c897|0x5bb09bc596f119f7ab72178c98bcee04013928d05f83d08d7346d098e72f1131|0x7eccc83abc15326732bfb878eb03cebd3a1eca6164e999b0dfda919169070f9d|0xab5c4d42c3ffeda76aaa299e990d2f1db63d3bf5643365fcc5ec6690d1615f72|0x405b677db9eede73fd546712a7a3162586507e24baf31db44467c9119dacbe30|0xe6dc8bfb70bcf8d978370685814e902ab7504d1eb7a68a47e92e96cdbfe8afac|0xddac2d7bc6649ce840c7c6eca2c02daadceee1b7e3ef84f5f007bfc648c19c01|0x6977f077af730e0388a341e166744fb1a15178a9780665ef708750b9ce187bae|0x7706dcf370dc2619d02794e110389a7fb9dce690a95d47b0f9af516c16d0f3e6|0xd9d2de60e4574e335fc890c72cde642bc0572af31fb999df5fe39ec717a49d73|0x0eee746a50b8852348403c3832b0c1fde83ed7604953e3f82b0a01e19e1c3fd5|0x18a7396185e0ca2cadf00b979f664c98325326094bcdcb9cd0f126b1ab4d7b64|0xb5c8499e9d4dd8899350e586872bca0df2e1638b0627337842f6e919188d265d|0x39dfbe79a42291581f8f9c8af567ca31132b00914b16033414de791c64ac179a|0x103ce61375b414eb7a75a97aeb17ece52aa845a45f0a5425daff8a8bb05fce42|0x3df924ea32024ec9cb9e3e5a0ca051fb37a8cb4eaa4f5100872a967fa01a8b00|0x49288e27b6854d80ef292b184adb68d24adb2091d64677c81f6c1a53abe598df|0x00dbb40d69e1ce34fa09774d90333119f7b82519268333a11e395d51ed6f9848|0x79cc8685032b21f1a3433a8b25d6b2077396b80cf3b5d18ad24f57b5f5e3dbc9|0xf7db5032b21e037b3b5fb23cde7f4869fc782eeeb8c3f569dc7a15269ca66c78|0xc311fa3b73b13aa23e629b37aef116ff0bcdf3ba6f0b13fd666e79c315f7a7dd|0x936e2390eec720a6c24682bb202b9d9cce265104225ffe2f3e659e88f0cd0c7f|0x6529399580fc9484acac92f17321f01524f366e1cb3b39098e8cb61d8eb03eb6|0x3964fe75d48088ed5cb7ffe2aa9e8e8ec8ee02b47cfa93887a9c21f71cd6dfa0|0x601dacf9ac58fd9155001c1a1411ea3ebdeafc3a70d06e7bb4b821312e9cb7ff|0xef721dd5046e0820e80ab4f5f161e3b87f393e056fd7f755f140a821e2048e8c|0xdc69aedd45f6b53bf10f6d0c195d6fc3d88866d4e71522ff0926315704a0be91|0xf9052f2f439afaea7d7a16b38a4c78609582b2f03475218590c2999e802d5ec4,"This market will resolve to ""Yes"" if Donald Trump dances between 12:00 AM ET and 11:59 PM ET on the specified date. Otherwise, this market will resolve to ""No"". ""Dancing"" is defined as deliberate, rhythmic body movement typically matched music or a beat, such as swaying, stepping, or coordinated han",https://polymarket.com/event/will-trump-dance-on
will-trump-sign-an-executive-order-on,Will Trump sign an executive order on...?,politics,trump|trump-daily|politics|culture,2026-05-31T00:00:00Z,10,2026-04-30T15:38:30.545139Z,31,24,6814.39,56190.88,36059.74,19330.64,0.880,2,will-donald-trump-sign-an-executive-order-on-may-1-2026|will-donald-trump-sign-an-executive-order-on-may-3-2026|will-donald-trump-sign-an-executive-order-on-may-5-2026|will-donald-trump-sign-an-executive-order-on-may-7-2026|will-donald-trump-sign-an-executive-order-on-may-9-2026|will-donald-trump-sign-an-executive-order-on-may-11-2026|will-donald-trump-sign-an-executive-order-on-may-13-2026|will-donald-trump-sign-an-executive-order-on-may-15-2026|will-donald-trump-sign-an-executive-order-on-may-17-2026|will-donald-trump-sign-an-executive-order-on-may-19-2026|will-donald-trump-sign-an-executive-order-on-may-21-2026|will-donald-trump-sign-an-executive-order-on-may-23-2026|will-donald-trump-sign-an-executive-order-on-may-25-2026|will-donald-trump-sign-an-executive-order-on-may-27-2026|will-donald-trump-sign-an-executive-order-on-may-29-2026|will-donald-trump-sign-an-executive-order-on-may-31-2026|will-donald-trump-sign-an-executive-order-on-may-2-2026|will-donald-trump-sign-an-executive-order-on-may-4-2026|will-donald-trump-sign-an-executive-order-on-may-6-2026|will-donald-trump-sign-an-executive-order-on-may-8-2026|will-donald-trump-sign-an-executive-order-on-may-10-2026|will-donald-trump-sign-an-executive-order-on-may-12-2026|will-donald-trump-sign-an-executive-order-on-may-14-2026|will-donald-trump-sign-an-executive-order-on-may-16-2026|will-donald-trump-sign-an-executive-order-on-may-18-2026|will-donald-trump-sign-an-executive-order-on-may-20-2026|will-donald-trump-sign-an-executive-order-on-may-22-2026|will-donald-trump-sign-an-executive-order-on-may-24-2026|will-donald-trump-sign-an-executive-order-on-may-26-2026|will-donald-trump-sign-an-executive-order-on-may-28-2026|will-donald-trump-sign-an-executive-order-on-may-30-2026,0x004b8aa123b92f11e09ae0d49fee5e50d6fe8c9904e6abf30608b31d62ae87de|0xa18ae0c9d9ffc0aa856e2cd124e3e8a50626e1d4e1f8e38a8dc20f2a28d4b2f7|0x1c974f830eb6a6786c56874fb827ac9344ef88d864318fac73f235be7f151361|0x70e711c4f3518935c1695e269bdafe7718c8d05822b465a4fafa8e47b0be6859|0xf8ba872cf0b1427779b64355e231de201631364769269502a8abdec978fb1902|0x108cc1477d7d5ab665a3a1980f7ffe964a80c2014dc6de0cf93bb28904443cfa|0x470d52d5fa7ff8cbb1153ed1ddda4bec4af59dcaac06a0bf6338fae782a2664f|0xaf2b56a3720102f2338dc4d85948891cdfb3f62d2f56113f40f13600184eeb53|0x81cf1112623f38d8ab9e2f3b8f257f87a6b349aba66b62c29069a8cf23a54979|0xec457312e16a817ed088e99d6ff20d5dcc0a300f59c5e0bf77e4f05b8199d531|0xf6a44d333647d49330cd88b1931be22e0a1b959dbe85576599a6de59b61edd34|0x6beb82cd54011b5cb4bc12acba1aaab7170eae6cc06a03958e691645c3fcc0f9|0xbb8c4f9d05afcda907a8288110a2b310e4a8a6e0a5405ae5753082f4d65c66cf|0x625d07f60d8c1209e7bf0331925d9ca518c4f39ec31a12a56b63c4b771dbfeb7|0x29f1ad89cabf4065e6161e4fd0721c5fb23d9c2ef5ab29969e5c09baae50effc|0xcdb79712a6d6c77742da16a33ecf88e9d5328df94db11fcc401112a5e7ed3c11|0x28239fd0ba091baba28d1db7495330b154edcb5bdaf7be47e6ae5ffb06347b38|0x836a5b01ab33148e3a9095809dd1a9a8e7cfc2d36a52f2ca2655b6bdb93c7744|0x4df99805f7cc9d13fa6fae590d47555e696ba35ed855d19b5c4c3d13ef1273da|0x336a2dca397b666651d49c08062233aad5f68a1d29868956ad3f5f5ef5078580|0x11fda846df54052858b8d33bfae97214313ab55330b2cfb1367c04678cb17e35|0x201ea941912c92bc4158a5ac11ba3cf3512aeba2c2ff3d0b54d6548c98b7ae87|0x3391de02ccf80dcafa9f6f5835d6d7b1fb3ce9f111f06d7dda945a3ac9c5b5cc|0x83c7b5bb2387cf07100a79a29113aa5255b6443667739e7ddd73eb1d3522730e|0x1b7dfbdfcf44e11146aed491724aa12cb2f634fe2133fad99697d3463e2731b6|0xae432575caaeb112df781068be01857a2f32b91d174d0373979a702f2b47599b|0x1b43dcfb2dc5601347f55d11c0f8ece003acc047db1ef0a3888e975581cf513b|0x790113ffa28c674c32bcdb7a1d918556a432333a8b49aecb36dc4bec21b7f5b6|0xaf2edc4d0860eae9f307151d1920a7c55e6bdb46027f76a449cbe8279f7cd95f|0x0d637575b2a9aa09372956ca7b13b78006cfac6a47f96a966e73dcd417394225|0x635e30f799475f9de08a7d4be07bf9e7532dad7a7bab1a92509f11b5e4742a75,"This market will resolve ""Yes"" if Donald Trump signs an executive order on the specified calendar date (ET). Otherwise, this market will resolve to ""No"". Only formal executive orders will qualify; other executive actions will not qualify. This market will immediately resolve ""Yes"" if the text of an ",https://polymarket.com/event/will-trump-sign-an-executive-order-on
james-comey-charges-dropped-by-may-31,James Comey charges dropped by May 31?,politics,politics|james-comey|courts|trump,2026-05-31T00:00:00Z,10,2026-04-28T22:24:23.325968Z,1,1,3647.85,48279.82,10815.03,7603.83,0.807,2,james-comey-charges-dropped-by-may-31,0x035b18a67f572d8950b381371f8569f4c0d4f483b8e9f5f54405de72c8ab6821,"Former FBI director James Comey was indicted on April 28 (see: https://edition.cnn.com/2026/04/28/politics/justice-department-indicts-ex-fbi-director-james-comey-again). This market will resolve to ""Yes"" if all charges against James Comey, stemming from this indictment, 2026, are officially dropped,",https://polymarket.com/event/james-comey-charges-dropped-by-may-31
will-comey-smile-in-his-mugshot-by-may-31,Will Comey smile in his mugshot?,politics,fbi|politics|indicement|culture|indicted|james-comey,2026-05-31T00:00:00Z,10,2026-04-28T23:04:43.735902Z,1,1,973.98,38248.16,5897.75,6352.55,0.807,1,will-comey-smile-in-his-mugshot-by-may-31,0x9bf0f1ff4a29b21ee29c3c1c1ae38a8d3b285487f81a1bf2f9bdee5ce1148b88,"This market will resolve to ""Yes"" if James B. Comey is smiling in his front-view mugshot released by May 31, 2026, 11:59 PM ET. Otherwise, this market will resolve to ""No"". This market will resolve to ""No"" if no qualifying mugshot is released during the above-specified timeframe. This mugshot will r",https://polymarket.com/event/will-comey-smile-in-his-mugshot-by-may-31
another-trump-political-opponent-federally-charged-by-may-31,Another Trump political opponent federally charged by May 31?,politics,politics|trump|james-comey|courts,2026-05-31T00:00:00Z,10,2026-04-29T02:44:51.729525Z,1,1,8.67,8716.48,2297.82,2104.48,0.925,0,another-trump-political-opponent-federally-charged-by-may-31,0x65a6536a8af0d6945c149cc54ad16c28bc1a717b1d88a6f9401f16d47d4b450c,"This market will resolve to “Yes” if the United States federal government formally charges or announces a criminal indictment of any individuals in one or more of the following categories between market creation and May 31, 2026, 11:59 PM ET. Otherwise, this market will resolve to “No”. The covered ",https://polymarket.com/event/another-trump-political-opponent-federally-charged-by-may-31
what-iranian-demands-will-trump-agree-to-by-may-31,What Iranian demands will Trump agree to by May 31?,politics,iran|sanctions|toll|iran-ceasefire|trump|strait-of-hormuz|enrich|geopolitics|politics|u-s-x-iran|uranium,2026-05-31T00:00:00Z,10,2026-04-29T02:44:51.768859Z,4,4,125651.33,3240599.10,144953.12,674153.38,0.912,0,will-trump-agree-to-iranian-oil-sanction-relief-by-may-31|will-trump-agree-to-unfreeze-iranian-assets-by-may-31|will-trump-agree-to-iranian-enrichment-of-uranium-by-may-31|will-trump-agree-to-iranian-transit-fees-in-the-strait-of-hormuz-by-may-31,0xa37173a88dc5622e1c42e9f8f5a9d20d70b9b99e52cb76e64fb0ad95503fcaef|0x8374c773aa911e00a8d5c02e0130d57d18a9b5035b26e50f0e48ef1b74dd5c75|0x3f0743b88ef23a678e1d07fd2fb92badcbbb17aeca7110f188533b081afbd6af|0xb4067f81957ef1458e9712000807a4525c595f3c25a0c933ec2f69c0efb2e878,"This market will resolve to ""Yes"" if the United States agrees to the continued enrichment of uranium by Iran by May 31, 2026, 11:59 PM ET. Otherwise, this market will resolve to ""No."" Continued enrichment of uranium by Iran refers to US acceptance of the enrichment of, or the right to enrich, any qu",https://polymarket.com/event/what-iranian-demands-will-trump-agree-to-by-may-31
iran-agrees-to-unrestricted-shipping-through-hormuz-by-may-31,Iran agrees to unrestricted shipping through Hormuz by May 31?,politics,iran|strait-of-hormuz|u-s-x-iran|iran-ceasefire|politics|geopolitics,2026-05-31T00:00:00Z,10,2026-04-29T02:44:55.71795Z,1,1,13194.68,514394.90,36520.58,187602.99,0.832,0,iran-agrees-to-unrestricted-shipping-through-hormuz-by-may-31,0x83831604f88a889311dc484abc0d327d96f494bba9d41084bf1b84d8a991e97b,"This market will resolve to ""Yes"" if Iran publicly agrees to allow unrestricted commercial navigation of the Strait of Hormuz by May 31, 2026, 11:59 PM ET. Otherwise, this market will resolve to “No”. Iran allowing unrestricted commercial navigation of the Strait of Hormuz refers to a public agreeme",https://polymarket.com/event/iran-agrees-to-unrestricted-shipping-through-hormuz-by-may-31
who-will-meet-with-iran-by-may-31,Who will meet with Iran by May 31?,politics,vance|u-s-x-iran|iran-ceasefire|kushner|politics|witkoff|rubio|geopolitics|trump|diplomatic-meeting|iran,2026-05-31T00:00:00Z,10,2026-04-30T18:44:41.503505Z,5,5,8710.26,100273.17,40566.93,32706.88,0.920,0,will-jd-vance-have-a-diplomatic-meeting-with-iran-by-may-31|will-jared-kushner-have-a-diplomatic-meeting-with-iran-by-may-31|will-donald-trump-have-a-diplomatic-meeting-with-iran-by-may-31|will-marco-rubio-have-a-diplomatic-meeting-with-iran-by-may-31|will-steve-witkoff-have-a-diplomatic-meeting-with-iran-by-may-31,0x5f1c50ca9add301625e2d1022bf3e010360cf1444553f312673d0b9cdaf8283e|0xdccabd4259261ebe59c22f50f7602df939a1feec98fc2a4314db536560120c5f|0x46f68d85b8795d58a1b2577333e1446d7a46e52099f6d0056cab5dac8a8c4a05|0x16e439b8091b829f32829c7ef47fda236a7126552f50f027ab017f63cde1cf6c|0xfe1b2680389ef9e2d8569b09d103791e8e1d5677487c4044b08d085a80872038,"This market will resolve to ""Yes"" if there is a diplomatic meeting between the listed individual, acting as a representative of the United States, and representatives of Iran by May 31, 2026, 11:59 PM ET. Otherwise, this market will resolve to “No”. To qualify, the listed individual must be physical",https://polymarket.com/event/who-will-meet-with-iran-by-may-31
will-trump-praise-allah-again-by-may-31,Will Trump praise Allah again by May 31?,politics,politics|trump|iran|geopolitics|iran-ceasefire,2026-05-31T00:00:00Z,10,2026-04-30T18:44:41.951465Z,1,1,2477.42,42234.04,10949.46,15894.39,0.871,0,will-trump-praise-allah-again-by-may-31,0x401b91700dd938f62b2b6b897517a477ea3eb5076eb662451f1a4386cda151b7,"This market will resolve to ""Yes"" if Donald Trump publicly praises Allah between the time of its creation and May 31, 2026, 11:59 PM ET. Otherwise, this market will resolve to ""No"". A qualifying statement includes any remark by Donald Trump that expresses approval, admiration, respect, or reverence ",https://polymarket.com/event/will-trump-praise-allah-again-by-may-31
ruben-rocha-out-as-governor-of-sinaloa-by-may-31,Ruben Rocha out as Governor of Sinaloa by May 31?,politics,extradite|politics|cartel|mexico,2026-05-31T00:00:00Z,10,2026-04-30T19:18:33.589027Z,1,1,952.23,435953.43,16243.27,53218.91,0.931,168,ruben-rocha-out-as-governor-of-sinaloa-by-may-31,0xac594b2385387474e8ad819047a94549ac6fbd1c6ccdb8a2515a36a3427faac0,"This market will resolve to “Yes” if Ruben Rocha Moya ceases to be the Governor of Sinaloa for any period of time between market creation and May 31, 2026, 11:59 PM ET. Otherwise, this market will resolve to “No”. An announcement of Rocha Moya’s resignation/removal before this market's end date will",https://polymarket.com/event/ruben-rocha-out-as-governor-of-sinaloa-by-may-31
sinaloa-gov-ruben-rocha-arrested-by-may-31,Sinaloa Gov. Ruben Rocha arrested by May 31?,politics,cartel|mexico|politics|extradite,2026-05-31T00:00:00Z,10,2026-04-30T19:23:14.762336Z,1,1,2198.73,19607.03,6871.61,7124.36,0.880,1,sinaloa-gov-ruben-rocha-arrested-by-may-31,0x3d9bf2a0ec57a99a06cb88e9bd139c6a2058de5c443ab9ce0c7fddfb428751a6,"This market will resolve to ""Yes"" if Sinaloa Governor Ruben Rocha Moya is arrested or detained by law enforcement between the time of market creation and May 31, 2026, 11:59 PM ET. Otherwise, this market will resolve to ""No"". Temporary holding at a detention facility while awaiting a judge’s decisio",https://polymarket.com/event/sinaloa-gov-ruben-rocha-arrested-by-may-31
epstein-suicide-note-released-by,Epstein suicide note released by...?,politics,politics|epstein|trump,2026-05-31T00:00:00Z,10,2026-04-30T23:14:22.609296Z,2,1,1545.53,14597918.45,23670.04,96242.41,0.841,546,epstein-suicide-note-released-by-may-8|epstein-suicide-note-released-by-may-31,0x5e5482b1e2afa7bed0b9a0c3c8ad33a83dd6cc6d649666cdf1977be64c42c82a|0x6bf3aa7d5186804e967e1e4737c896778f688e6dafdd0a1b659a4a07bf27d663,"This market will resolve to “Yes” if any message or note written by Jeffrey Epstein, intended as a suicide note, is made publicly available by the listed date, 11:59 PM ET. Otherwise, this market will resolve to “No”. A qualifying note must be credibly reported to have been written by Jeffrey Epstei",https://polymarket.com/event/epstein-suicide-note-released-by
chirayu-rana-apologizes-for-sexual-harassment-allegations,Chirayu Rana apologizes for sexual harassment allegations?,politics,finance|politics|jpm|jpm-sex-scandal,2026-05-31T00:00:00Z,10,2026-05-01T02:52:31.218533Z,1,1,4589.57,277441.78,19602.10,40510.90,0.817,12,chirayu-rana-apologizes-for-sexual-harassment-allegations,0xf94cfbfb76c52f3fb51b3e1c8d160ba5fe743b1c1e805c56cf9657a6a63269fd,"This market will resolve to ""Yes"" if Chirayu Rana issues a public apology for any aspect of his allegations or lawsuit against Lorna Hajdini between market creation and May 31, 2026, 11:59 PM ET. Otherwise, this market will resolve to ""No"". A public apology is defined as any statement of sorrow or r",https://polymarket.com/event/chirayu-rana-apologizes-for-sexual-harassment-allegations
iran-closes-its-airspace-by,Iran closes its airspace by...?,politics,politics|geopolitics|u-s-x-iran|iran,2026-05-31T00:00:00Z,10,2026-05-01T18:22:49.431559Z,11,6,2664667.51,23114489.78,433519.71,2900628.34,1.000,943,iran-closes-its-airspace-by-may-8-754-861|iran-closes-its-airspace-by-may-31-434-443-672-526-188-756|iran-closes-its-airspace-by-may-15-844-228|iran-closes-its-airspace-by-may-6|iran-closes-its-airspace-by-may-7|iran-closes-its-airspace-by-may-29|iran-closes-its-airspace-by-june-15|iran-closes-its-airspace-by-june-30-432-786-462-866|iran-closes-its-airspace-by-may-18|iran-closes-its-airspace-by-may-24|iran-closes-its-airspace-by-may-21,0x2135ffcb43ba9103bb6acf7116d2d5aa98bef6d9eb3dc9c85ea00cb79513f3ec|0xb7dd41c16cd5b59e543ffcdab6a0d876f5ccef5329ea42ef1798d80c9a2b8499|0xb24aa72235c46c88613dca167f2e324aeb03e73f556fda680bbbdb815a5c40d0|0x1460e5fe8908d91054dc4ded8f66aff8fc4a188eca184681cc32f4d1148e729a|0x10614339b310b66f52a38e53588937898935974ac452910154473cc4c353d072|0xdb22a7749b831aa07a52cbc83213e6c8ceb88226b224a831512f4460011bb0a1|0xd9933a54c518e773050255ea9dba01a71e1a41f49311ed078ae4a6f7e76b1625|0x51a7c8afb7a0e09b8b47643171d90f400de23a176c4ea06f6552d6e53213839c|0xbd5922eed56186e904c4f327658e8c0cbd88cd854114d0906208f8b65cce6718|0x4ba348328e4d4ddee9e6734c9a369b2e8138611651f9f6dc8f59dea51df6c734|0x098afead2c41677b0f09ae9d0013ca520eacdb3f0d7c8985c6581de7a0e9ac37,"This market will resolve to “Yes” if Iran initiates a major closure of its airspace, that is not solely due to weather conditions, by the listed date, 11:59 PM ET. Otherwise, this market will resolve to “No”. A “major closure” is defined as a broad closure, cancellation, or suspension of commercial ",https://polymarket.com/event/iran-closes-its-airspace-by
andy-burnham-out-as-mayor-of-greater-manchester-by-may-31,Andy Burnham out as Mayor of Greater Manchester by May 31?,politics,uk|politics|starmer,2026-05-31T00:00:00Z,10,2026-05-01T20:23:55.309377Z,1,1,8579.52,122740.63,17041.37,18239.11,0.811,24,andy-burnham-out-as-mayor-of-greater-manchester-by-may-31,0xd6ff15a35757a2513027bcbabac619c63cd86c21caa643bbf1f175e053b52c60,"This market will resolve to “Yes” if Andy Burnham ceases to be Mayor of Greater Manchester for any period of time between market creation and the specified date (ET). Otherwise, this market will resolve to “No”. An announcement of Andy Burnham's resignation/removal before this market's end date will",https://polymarket.com/event/andy-burnham-out-as-mayor-of-greater-manchester-by-may-31
will-the-senate-pass-a-reconciliation-bill-by,Will the Senate pass a reconciliation bill by...?,politics,politics|congress|gov-shutdown|dhs|cbp,2026-05-31T00:00:00Z,10,2026-05-04T23:56:05.960578Z,3,2,25526.62,88358.06,27181.45,42813.41,0.896,1,will-the-senate-pass-a-reconciliation-bill-by-may-15|will-the-senate-pass-a-reconciliation-bill-by-may-31|will-the-senate-pass-a-reconciliation-bill-by-may-22,0x6ebdd703649eaea147d94972561eb691be5f2c0ae51953811802c932de73330b|0x2d1f2cadc462c0e4fbdaaf46e548dc71ebe75a0ac826fa71db4eb3f3c6028907|0x9ccc660906fec2aaf1e00e9ddfccbc99653fbd8d0a5882452fbe238bddef85d7,"This market will resolve to ""Yes"" if the US Senate passes a reconciliation bill by the specified date, 11:59 PM ET. Otherwise, this market will resolve to ""No"". The primary resolution source for this market will be official information from the US Government. However, a consensus of credible reporti",https://polymarket.com/event/will-the-senate-pass-a-reconciliation-bill-by
israel-closes-its-airspace-by,Israel closes its airspace by...?,politics,iran|israel|politics|geopolitics|israel-x-iran,2026-05-31T00:00:00Z,10,2026-05-04T23:52:26.542773Z,5,4,192432.82,1288809.68,78397.90,279777.55,0.999,100,israel-closes-its-airspace-by-may-8|israel-closes-its-airspace-by-may-31|israel-closes-its-airspace-by-may-24|israel-closes-its-airspace-by-june-15-687|israel-closes-its-airspace-by-june-30-324,0xd68ede4de1036db6f29d405b06cbfe5651ba258be7586c38c000eb087e42a527|0xbf1d0865f793f94d78413696946f89327bda5ae44d82bf54f9ebb3edfb57bf56|0xe3578450861031a2dedd30c5e0168a56737fadf817acdb8cc1c71d798219bb1f|0xd8664606498aba2a8ccab56656860cb3f02d74de80e974ab87a9f940e65d4d5e|0x676e7cda423f5826bcbb3c141e808ad7c66bc2d055e4d0aca79c26779712062c,"This market will resolve to “Yes” if Israel initiates a major closure of its airspace by the specified date, 11:59 PM ET. Otherwise, this market will resolve to “No”. A “major closure” is defined as a broad closure, cancellation, or complete suspension of commercial aviation across the entirety of I",https://polymarket.com/event/israel-closes-its-airspace-by
trump-orders-federal-review-for-ai-model-releases-by-may-31,Trump orders federal review of AI model releases by May 31?,politics,tech|openai|ai|trump|claude|politics|anthropic|big-tech,2026-05-31T00:00:00Z,10,2026-05-04T23:52:29.465718Z,1,1,11641.63,80298.49,4911.07,15258.88,0.958,2,trump-orders-federal-review-for-ai-model-releases-by-may-31,0x5f676152898df5e98578b6e3c59ed03a86193db4a6431436e150ed0698e7f9eb,"This market will resolve to “Yes” if Donald Trump signs any federal legislation into law or performs any executive action that creates, authorizes, or directs a federal government review process for the public release of new artificial intelligence models by the listed date, 11:59 PM ET. Otherwise, ",https://polymarket.com/event/trump-orders-federal-review-for-ai-model-releases-by-may-31
which-coalition-will-form-the-next-romanian-government,Which coalition will form the next Romanian government?,politics,romania|elections|politics|global-elections|rewards-20-4-5-50,2026-05-31T00:00:00Z,10,2026-05-11T20:55:19.135945Z,32,32,70.00,8684.40,38419.66,7007.95,0.844,0,will-the-next-governing-coalition-of-romania-include-pnl|will-the-next-governing-coalition-of-romania-include-udmr|will-the-next-governing-coalition-of-romania-include-psd-pnl|will-the-next-governing-coalition-of-romania-include-psd-udmr|will-the-next-governing-coalition-of-romania-include-pnl-usr|will-the-next-governing-coalition-of-romania-include-pnl-aur|will-the-next-governing-coalition-of-romania-include-usr-aur|will-the-next-governing-coalition-of-romania-include-psd-pnl-usr|will-the-next-governing-coalition-of-romania-include-psd-pnl-aur|will-the-next-governing-coalition-of-romania-include-psd-usr-aur|will-the-next-governing-coalition-of-romania-include-pnl-usr-udmr|will-the-next-governing-coalition-of-romania-include-pnl-udmr-aur|will-the-next-governing-coalition-of-romania-include-psd-pnl-usr-udmr|will-the-next-governing-coalition-of-romania-include-psd-pnl-udmr-aur|will-the-next-governing-coalition-of-romania-include-pnl-usr-udmr-aur|will-another-result-occur-for-the-next-governing-coalition-of-romania|will-the-next-governing-coalition-of-romania-include-psd|will-the-next-governing-coalition-of-romania-include-usr|will-the-next-governing-coalition-of-romania-include-aur|will-the-next-governing-coalition-of-romania-include-psd-usr|will-the-next-governing-coalition-of-romania-include-psd-aur|will-the-next-governing-coalition-of-romania-include-pnl-udmr|will-the-next-governing-coalition-of-romania-include-usr-udmr|will-the-next-governing-coalition-of-romania-include-udmr-aur|will-the-next-governing-coalition-of-romania-include-psd-pnl-udmr|will-the-next-governing-coalition-of-romania-include-psd-usr-udmr|will-the-next-governing-coalition-of-romania-include-psd-udmr-aur|will-the-next-governing-coalition-of-romania-include-pnl-usr-aur|will-the-next-governing-coalition-of-romania-include-usr-udmr-aur|will-the-next-governing-coalition-of-romania-include-psd-pnl-usr-aur|will-the-next-governing-coalition-of-romania-include-psd-usr-udmr-aur|will-the-next-governing-coalition-of-romania-include-psd-pnl-usr-udmr-aur,0xb6f1f5e682ddad0cd104aaf483bbdb75058c76ac61aa1ee05197d9f6e5822b34|0x5f41c8d5f8aa00de32a8576912a7f093d3d1f58d8fea73467f9dabb3efe4a3f5|0xc1b94b18c8f0d158b7080e2830f28c98e4c9136702df0dce87ae4f92fa260798|0x3826c72227ec5394c52769512df67d9ec7011949847f69bd04dfb34b02001eb1|0x33a7fac7bacbe2c12108fd5c1b362625baffd4eea99a3bd01d29f110589cec11|0x3a5b9bac7ea3928e6b248601d144c165fb1be036365593b999fcaae6c8c9b5d0|0x04f4d287b39e9d60ad1c2406f8189f795b94b74b35cf350f3521c381476f5a1f|0x787d422c56bd6329e01eaa5aa0a9fc918b1e1e006ef80409b8d2abee05f7bf98|0xf0e6cc6472f13309ebeedfa8075d3ad62919e6b73c791e06058080f2b40ddc1b|0x336dbfd91ca866ecd79d621026189cbacbf032ae9aa0ae06b8facdf1c0e60bf8|0x4308ce3ddae74ff87f3a3e84763b326d6c310224166efc215848b960d4ac4b02|0xd6c239bf7c4fb049f8a0cad946930ef59dd2f681defc34701386b7be123d722f|0xeb283a6f14dec9f1d4881ce215806d0605bd23448941922c03f40b785881bf73|0x8b293b9e4d360976196a94d936905151bd3928487c1c393faa3137e0245ede25|0x13f3a6b6e63d040725323b2641a30700f53b5bbe680fee0f7416753706a56467|0x4770caba83617d93b8935d4584a5d744c194734b95f62d3737eb2231a143cb84|0x3c4c0918682f3942d1feff4fd793397ac9c3a6962b933995105a99538cdb78e5|0x22ca1d570e401e21e4d4e4fa795d8ab6d1ffc56072cb3c1c17cf59a0a3edeb64|0xd5021e3c404eae813ee3fd7660ae51c32e4340278a12298fd76807d37e213a6a|0x2af20ecd8b572760887f72508491e01324d9d43895e3c60e5b9aa3aaab997d30|0x80b082060c7cddabf0c56872658060c79b52bc47364649a46568023a3d97679b|0x9599c76ce0f3d487672f4eb73fbfb2e09b14aec129b489dc3539c9292c5eb386|0x1624db98ee22c95d9c7c9b6d67f503e217a821371f5ea634567da5f81e7758ed|0xf2be27bcb57863d14f2b56e9d68ee8be996a5c65f3d77765b77a0baf450eeefb|0x40554654f0f8e6a9fe0ec996ccadffc256993defbc7469c6d2f5ea62e6ec2108|0xdabafb03270490cdebf5a00d4e7b6a22f9fabbe9eea7f44531687a7f35a9660c|0x20d24cf3a82ab25a965a18cd121d1a3bb40cb0207cd8191e2cc30496902b7d4b|0xa4c14f90013f1bd524ee228d2cd859e4aae67c8633e462b3a8e5034ddbc136c3|0x4f054e509730ed1cea5f7ebb0b43cb19b17fe78432aa2d3e5d251d2fc5ac7689|0x12c99f73eeb2c11c38e01eea5dadb95ee901a89056cf3b3e1bcc76858018327e|0xaace8863b98e11e593ed6426a4b33a41d00fc6f4a3cbdd954ef7462815ceb7e8|0x504ff2650f11e804f1c38279fad68c0d8bac84495a38c521ed12ceda0c0f5f9b,This market will resolve to the first governing coalition of parties formed in Romania after market creation. A party will only be considered part of the governing coalition if it participates in the governing coalition and provides at least one Cabinet minister. Parties that merely support the gove,https://polymarket.com/event/which-coalition-will-form-the-next-romanian-government
us-x-china-tariff-agreement-by-may-31,US x China tariff agreement by May 31?,politics,politics|xi-jinping|china|trump-xi-summit|xi|trump,2026-05-31T00:00:00Z,10,2026-05-06T00:08:43.544232Z,1,1,7094.96,94494.27,14902.54,18835.68,0.862,15,us-x-china-tariff-agreement-by-may-31,0x2e17fe4fd80ffaa342b1ce15d59e56c0347a90422d90e6345048be78e1963b17,"This market will resolve to ""Yes"" if an official agreement over tariffs, defined as a publicly announced mutual agreement, is reached between the United States and China between market creation and May 31, 2026, 11:59 PM ET. Otherwise, this market will resolve to “No”. If such an agreement is offici",https://polymarket.com/event/us-x-china-tariff-agreement-by-may-31
us-kamikaze-dolphins-confirmed-by-may-31,US Kamikaze Dolphins confirmed by May 31?,politics,u-s-x-iran|geopolitics|politics|iran,2026-05-31T00:00:00Z,10,2026-05-11T22:44:21.797474Z,1,1,347.09,32581.56,23368.11,20396.09,0.803,2,us-kamikaze-dolphins-confirmed-by-may-31,0xd0f4cc0d7e5970a109c6d4691d80ac788619774a9d9505c49f2053387372de13,"This market will resolve to “Yes” if the existence of kamikaze dolphins in the US military is confirmed by the specified date, 11:59 PM ET. Otherwise, this market will resolve to “No”. “Kamikaze dolphins” refers to the use of dolphins as weapons through the attachment of explosive devices to dolphin",https://polymarket.com/event/us-kamikaze-dolphins-confirmed-by-may-31
will-trump-restart-project-freedom-by,Will Trump restart Project Freedom by...?,politics,strait-of-hormuz|politics|geopolitics|trump|iran|u-s-x-iran,2026-05-31T00:00:00Z,10,2026-05-13T03:35:20.580196Z,2,1,35049.69,374066.06,23240.44,68406.85,0.882,11,will-trump-restart-project-freedom-by-may-15|will-trump-restart-project-freedom-by-may-31,0x854be4bfe0485ef2378856c735bd93d734ce95f6c7c2d307fd40120519103080|0x9a87a0011494682e4d17a9073059cbbd32ebea4bbc7284219afb5e9a6b4ca8f6,"Project Freedom was a U.S.-led military initiative to escort commercial ships through the Strait of Hormuz. This market will resolve to “Yes” if Donald Trump, the United States government, or the United States military announces that Project Freedom will be restarted by the specified date, 11:59 PM ",https://polymarket.com/event/will-trump-restart-project-freedom-by
takaichi-meets-with-korean-leader-lee-jae-myung-by,Takaichi meets with Korean leader Lee Jae-Myung by...?,politics,japan|politics|south-korea,2026-05-31T00:00:00Z,10,2026-05-13T18:58:38.596966Z,2,2,294.50,6908.69,12395.14,4314.64,0.802,1,takaichi-meets-with-korean-leader-lee-jae-myung-by-may-19|takaichi-meets-with-korean-leader-lee-jae-myung-by-may-31,0xac35d7e10aa48176793e6c0078533b7ee78fa6d2b9541a9965488de3f5a24920|0x085e63011dd1cead2958f56ec3efbd68abd5ae0c2aead4b318a5c5615967e6a8,"This market will resolve to ""Yes"" if Lee Jae-Myung meets with Sanae Takaichi between market creation and the listed date, 11:59 PM Korea Standard Time. Otherwise, this market will resolve to ""No"". A meeting is defined as any encounter where both Lee Jae-Myung and Sanae Takaichi are present and inter",https://polymarket.com/event/takaichi-meets-with-korean-leader-lee-jae-myung-by
trump-kiss-by-may-31,Trump kiss by May 31?,politics,culture|politics|kiss|trump,2026-05-31T00:00:00Z,10,2026-05-15T19:54:34.077013Z,1,1,519012.24,526149.42,38720.55,227047.96,0.996,116,trump-kiss-by-may-31,0xcef981d46a1039b6ae02f578d2208302a8a3d63465d24363a1d65a86835a1ae8,"This market will resolve to “Yes” if Donald Trump and any other person kiss by the specified date, 11:59 PM ET. Otherwise, this market will resolve to ""No."" Reputable video or photographic evidence of the kiss must be released within this market’s time frame to qualify. AI-generated, manipulated, or",https://polymarket.com/event/trump-kiss-by-may-31
saudi-arabia-bans-us-military-aircraft-by,Saudi Arabia bans US military aircraft by...?,politics,project-freedom|politics|trump|iran|middle-east|geopolitics|saudi-arabia,2026-05-31T00:00:00Z,10,2026-05-15T20:30:57.928797Z,2,2,5334.76,89242.22,27680.91,11386.66,0.813,0,saudi-arabia-bans-us-military-aircraft-by-may-31|saudi-arabia-bans-us-military-aircraft-by-may-22,0xb4ec42aaadeca8ac785c444bd70367323bf4aa2139965554a66ffb04745dd1c9|0xa0d409ff86498c835beb6f1b53d527d30e95f932162ffc0f68f70b76325e282e,"This market will resolve to “Yes” if Saudi Arabia officially announces that U.S. military aircraft are not permitted to use its airspace or land in its territory, or announces that U.S. military aircraft are not allowed to use certain military bases within Saudi Arabia, by the specified date, 11:59 ",https://polymarket.com/event/saudi-arabia-bans-us-military-aircraft-by
switzerlands-june-referendum-what-will-pass,Switzerland’s June Referendum: What will pass?,politics,referendum|popular-vote|switzerland|referenda|politics,2026-06-14T00:00:00Z,24,2026-04-03T23:50:41.230791Z,2,2,1929.97,108620.03,26737.27,68607.68,0.983,0,will-the-no-to-ten-million-switzerland-initiative-be-approved-in-switzerlands-june-14-2026-popular-vote|will-the-referendum-on-the-civilian-service-act-be-approved-in-switzerlands-june-14-2026-popular-vote,0x88e08e1db2095d39e18ef77068b8dc8074069ccac3feac7fba88482f4f822935|0x64d46c7e4cf283ef84da138bc30accd319bf7bd856e8e26797dbe50d4e3a67eb,"As of market creation, two referenda are scheduled to be held in Switzerland on June 14, 2026 : - Issue 1: No to ten million Switzerland - Issue 2: Referendum on the Civilian Service Act This market will resolve to “Yes” if the listed referendum is approved under the applicable legal threshold in th",https://polymarket.com/event/switzerlands-june-referendum-what-will-pass
billionaire-one-time-wealth-tax-on-california-ballot,Billionaire one-time wealth tax on California ballot?,politics,elections|politics|taxes,2026-06-25T00:00:00Z,35,2025-10-24T19:56:10.909971Z,1,1,46.50,130641.72,5225.42,27435.17,0.871,1,billionaire-one-time-wealth-tax-on-california-ballot,0x04f1a10e79a106d18dc45e6087f0757456197ec5c6ffec2506cd066e8215fc62,"This market will resolve to ""Yes"" if a ballot initiative is certified to appear on the official statewide California ballot for the November 3, 2026 election, that proposes a one-time tax targeting individuals, households, or family units with wealth, assets, or net worth of at least $1 billion (USD",https://polymarket.com/event/billionaire-one-time-wealth-tax-on-california-ballot
will-john-fleming-drop-out,Will John Fleming drop out?,politics,louisiana-primaries|primaries|politics|louisiana,2026-06-26T00:00:00Z,36,2026-05-18T22:52:27.194813Z,1,1,139.93,2129.05,10701.43,164.90,0.865,0,will-john-fleming-drop-out,0x37703c1f659f287f3a8d12b0b33618225bdd2be6b65704732b803b16da2996d8,"This market will resolve to ""Yes"" if John Fleming withdraws from or officially announces his withdrawal from the 2026 Louisiana Republican Senate Primary election, or announces the suspension of his 2026 Senate campaign, by June 26, 2026, 11:59 PM ET. Otherwise, this market will resolve to ""No"". The",https://polymarket.com/event/will-john-fleming-drop-out
us-x-russia-nuclear-deal-by-december-31,U.S. x Russia Nuclear deal by...?,politics,trump-putin|foreign-policy|ukraine|trump-presidency|politics|trump,2026-06-30T00:00:00Z,40,2025-08-14T23:27:41.966147Z,3,1,132.85,593071.78,14378.53,7812.74,0.835,38,us-x-russia-nuclear-deal-by-december-31|us-x-russia-nuclear-deal-by-february-4|us-x-russia-nuclear-deal-by-june-30,0x854a31e66264fc7ac7443951377167aaee8e50cb22821c409a34af52f815840c|0xf517aaa09c28b5b7394cdc6f6e33f8a4aab33c76c733a22084e667c2d1b9f2ce|0x0f9e5bd480cc8c085ec2f229d8fc8d892f6b16c53d16b9e2bd8ea78bb7be20b4,"This market will resolve to ""Yes"" if an official agreement on nuclear arms control or strategic nuclear weapons limitation is reached between the United States and the Russian Federation between August 14, 2025 and December 31, 2025, 11:59 PM ET. Otherwise, this market will resolve to “No”. Only agr",https://polymarket.com/event/us-x-russia-nuclear-deal-by-december-31
israeli-parliament-dissolved-by-october-31,Israeli parliament dissolved by...?,politics,world|israel|politics|middle-east,2026-06-30T00:00:00Z,40,2025-09-03T19:43:18.690099Z,6,3,14129.32,1097093.96,36516.83,43852.69,0.998,32,israeli-parliament-dissolved-by-october-31|israeli-parliament-dissolved-by-december-31|israeli-parliament-dissolved-by-march-31-932|israeli-parliament-dissolved-by-february-28|israeli-parliament-dissolved-by-june-30-228|israeli-parliament-dissolved-by-may-31,0x538528f260d596babea3f5f9515b386aca4f2a042391349371b5cd96e4a6bbe0|0x6b81f8b1bfa3698a7277800322084f190680359f05a4df15bb801e8beeecdd20|0xd03fe97122a627acec515c88f3d351ad28e78cda436e158563fe346c1408f66e|0x3f0bc2757babb8bb9971c9f782fe81f9db734c12d84822f1120a90681c991ff8|0x232ae0932dad1b4ca049881715f094c1e424604d2fd3e1b0ad01f0893cb3059f,"This market will resolve to ""Yes"" if the sitting Israeli Knesset (Israel's parliament), as of this market's inception, is dissolved between September 3 and October 31, 2025, 11:59 PM ET. Otherwise, this market will resolve to ""No"". The primary resolution source for this market is official informatio",https://polymarket.com/event/israeli-parliament-dissolved-by-october-31
will-ukraine-recapture-crimean-territory-by-june-30-2026,"Will Ukraine recapture Crimean territory by June 30, 2026?",politics,ukraine|russia|geopolitics|politics|world|ukraine-map,2026-06-30T00:00:00Z,40,2025-09-23T23:24:48.79575Z,1,1,88.80,660014.98,13094.19,25795.36,0.809,13,will-ukraine-recapture-crimean-territory-by-june-30-2026,0x089a0dcb8e611a4c913f3f07221d02ab481e9eb61009cfdce1750491f20fb4a7,"This market will resolve to “Yes” if, according to the ISW map, Ukraine captures any territory in Crimea by June 30, 2026 at 11:59 PM ET. Territory will will be considered captured if any part of Crimea shaded blue on the ISW map (https://storymaps.arcgis.com/stories/36a7f6a6f5a9448496de641cf64bd375",https://polymarket.com/event/will-ukraine-recapture-crimean-territory-by-june-30-2026
where-will-trump-and-putin-meet-next-584,Where will Trump and Putin meet next?,politics,politics|trump|geopolitics|russia|ukraine|world|putin|trump-presidency,2026-06-30T00:00:00Z,40,2025-09-30T23:25:30.700094Z,15,15,67676.22,7777339.65,266422.83,112217.06,0.861,29,will-trump-and-putin-meet-next-in-belarus-572|will-trump-and-putin-meet-next-in-finland-772-412|will-trump-and-putin-meet-next-in-russia-594-493-482|will-trump-and-putin-meet-next-in-japan-711-288-527|will-trump-and-putin-meet-next-in-united-states-224-875-469|will-trump-and-putin-meet-next-in-another-country-313-781-734-447|will-trump-and-putin-meet-next-in-ukraine-328-474|will-trump-and-putin-meet-next-in-turkey-182-161-789|will-trump-and-putin-meet-next-in-switzerland-448-348|will-trump-and-putin-meet-next-in-a-gulf-country-733-116|will-trump-and-putin-meet-next-in-south-korea-582-297-268|will-trump-and-putin-meet-next-in-australia-459-332-211|will-trump-and-putin-meet-next-in-another-european-country-954-837-364|will-trump-and-putin-not-meet-315-857-437-514|will-trump-and-putin-meet-next-in-china-586-328,0xca2059450e49cc391ea49c5f205dce7f1a2af63b87d7a3156cd446592ebb7143|0x253fe85d20988e2b394e5a13937df72fbb2e82330a42d0f943bb8d96cc858549|0x9031561489f77ba1f89c0b963170a6853c39840e6e89a6a658a05d12b60a1ff0|0x1827f7e35c24f0cd5ff86318af815e61fdf89364977ead7e20ff867efec98c39|0x731178908877c9a1a00978facbdf08d0b664cb0e0b6cec70aa2fe0b5afcebeb6|0x5cfd3b9eaffbe2883439c5857f11def395dd3e607bd22b6dbfb861fad83a452d|0x583c901fbd72f08a49f22edf5a4b1d750872cccec6a90e9a126cd8beb29f6d64|0x370ee4a82b6b36581ebf892d41ee60ad926d54db92721e0e9c3a77b7778d15c7|0x641830333ea2219982ecfc1819e46eb37cd07fa78c3e4da026ac068a6617e508|0x28d17bc11c85f2e71efcba26b3712177911d9473af80749b59056e03ce24b0d7|0xb2ac29ac67bad0e532b821d194e6e56c0173bb32913d0685ddf8aab8a4a2aedc|0x30bd076067c87467e2437613f4ac9ce7b0ff529ffd1b9c9a40541ffa892dfed5|0x6c85fe5b4197dc55dafef8368acaddb96adb892447730dfa53076c537b0bd9f6|0x90c6511dcc9499c2c58786a2456df333a87c97a9cf548acc26f3e4e56fbc36e7|0x54904e2a225c195eeb6984d417a222264fe9cc7f64b90449853b7499f1d8679a,"This market will resolve according to the location of the next meeting between Donald Trump and Vladimir Putin between September 30 and June 30, 2026, 11:59 PM ET. This market will resolve to ""No meeting by June 30"" if no qualifying meeting occurs during this market's timeframe. A meeting is defined",https://polymarket.com/event/where-will-trump-and-putin-meet-next-584
any-us-state-legislature-votes-on-secession-by-june-30-2026,"Any US state legislature votes on secession by June 30, 2026?",politics,politics,2026-06-30T00:00:00Z,40,2025-10-08T19:30:46.045857Z,1,1,1428.69,33949.69,9318.53,4963.91,0.834,2,any-us-state-legislature-votes-on-secession-by-june-30-2026,0xb4c6f7991dc5d1e110abb1404c629deb7bbc4b07ff19bb4672ff41801824490e,"This market will resolve to ""Yes"" if any house of any US state legislature holds a vote, as part of its standard legislative process, on a bill, resolution, or constitutional amendment whose main purpose is for the state to secede from the United States, or to otherwise declare its support for such ",https://polymarket.com/event/any-us-state-legislature-votes-on-secession-by-june-30-2026
will-jia-yueting-enter-mainland-china-by,Will Jia Yueting enter mainland China by...?,politics,world|politics|business|culture|china,2026-06-30T00:00:00Z,40,2025-10-28T23:58:35.537878Z,2,1,0.00,38139.04,3000.92,4753.72,0.804,15,will-jia-yueting-enter-mainland-china-by-december-31|will-jia-yueting-enter-mainland-china-by-june-30,0x56e5fcf04deb45f9d405eb9f5202fd3247e192c5ece93b8571de78cb44617a8e|0x2033558284e4b624e3d1f571df3ec9ff42f6647c1e7e495dd63a23a83603651e,"If Jia Yueting enters mainland China by December 31, 2025, 11:59 PM ET, this market will resolve to ""Yes"". Otherwise, this market will resolve to ""No"". For the purpose of this market, ""entering mainland China"" is defined as Jia Yueting physically setting foot within the territory of the People’s Rep",https://polymarket.com/event/will-jia-yueting-enter-mainland-china-by
will-argentina-dollarize-by-june-30-2026,"Will Argentina dollarize by June 30, 2026?",politics,argentina|politics|economics|economy|finance|macro-indicators|currency,2026-06-30T00:00:00Z,40,2025-10-31T15:20:02.705281Z,1,1,892.70,16072.23,2550.94,4702.56,0.815,10,will-argentina-dollarize-by-june-30-2026,0x56c7155047a53039900207933ec97016bc9a4fa140fcc4cceb1e4622b659d813,"This market will resolve to ""Yes"" if Argentina begins to peg its currency to the United States dollar (USD), or adopts the United States dollar as official legal tender, June 30, 2026, 11:59 PM ET. Otherwise, this market will resolve to ""No"". An announcement that dollarization will begin will not be",https://polymarket.com/event/will-argentina-dollarize-by-june-30-2026
will-russia-capture-all-of-kupiansk-by,Will Russia capture all of Kupiansk by...?,politics,world|kupyansk|geopolitics|politics|putin|military-actions|russia-capture|ukraine-map|ukraine|russia,2026-06-30T00:00:00Z,40,2025-11-04T15:54:20.687012Z,5,1,1.67,1257323.18,4312.48,22825.85,0.815,167,will-russia-capture-all-of-kupiansk-by-november-30|will-russia-capture-all-of-kupiansk-by-december-31|will-russia-capture-all-of-kupiansk-by-march-31|will-russia-capture-all-of-kupiansk-by-january-31|will-russia-capture-all-of-kupiansk-by-june-30,0x5007b02fb8d03ee453d7698694b2e6bd1dfcedd8ab35b21684b56df02b3322ec|0x25021424b6bd56759b7ca1604157c172f76351158fcfb3ad60dc0fe7246ba233|0xd942d271e59cfbcc7c9b4fe0a463718bd4e50478836b2f9f5b66243d77b29e02|0x4dfb2c0589fe2046eda5c5a0c23e6f0505235be74330712801ebfc41e96ce581|0x7ef13602915dcf8f51d5f95b712ecdb9fe3ff71c7f89e76afb098dbdaab973bf,"This market will resolve to “Yes” if, according to the ISW map, Russia captures the entirety of Kupiansk by November 30, 2025, at 11:59 PM ET. Kupiansk will be considered captured if the entirety of the municipality is shaded red on the ISW map (https://storymaps.arcgis.com/stories/36a7f6a6f5a944849",https://polymarket.com/event/will-russia-capture-all-of-kupiansk-by
mamdani-opens-city-owned-grocery-store-by-june-30,Mamdani opens city-owned grocery store  by June 30?,politics,mamdani|politics|new-york-city|nyc-mayor,2026-06-30T00:00:00Z,40,2025-11-03T23:44:36.735298Z,1,1,0.00,249595.65,12635.81,39041.03,0.819,65,mamdani-opens-city-owned-grocery-store-by-june-30,0x61af02c9250c3917602e21c301e2f0cd032ea4e25bdef3751846b4d5f1c22799,Zohran Mamdani has proposed creating city owned grocery stores to combat rising prices (see: https://www.nytimes.com/2024/12/12/nyregion/grocery-stores-city-owned.html). This market will resolve to “Yes” if both the following occur: 1. Zohran Mamdani wins the 2025 NYC Mayoral election. 2. The City o,https://polymarket.com/event/mamdani-opens-city-owned-grocery-store-by-june-30
will-trump-be-impeached-by-june-30,Will Trump be impeached by June 30?,politics,senate|trump|congress|politics|epstein,2026-06-30T00:00:00Z,40,2025-11-05T16:51:03.753078Z,1,1,4007.08,374036.62,107129.59,84232.67,0.806,0,will-trump-be-impeached-by-june-30,0x76571df48d488671ae04d6aa0610c11ebc51018cefd850ea8a9d523c150745cc,"This market will resolve to “Yes“ if the US House of Representatives by simple majority vote to approve or pass one or more articles of impeachment of President Donald Trump, by June 30, 2026, 11:59 PM ET. Otherwise, this market will resolve to ""No"". Neither trial nor conviction by the US Senate, no",https://polymarket.com/event/will-trump-be-impeached-by-june-30
putin-and-zelenskyy-shake-hands-by-june-30,Putin and Zelenskyy shake hands by June 30?,politics,putin|world|zelenskyy|geopolitics|russia|ukraine|politics,2026-06-30T00:00:00Z,40,2025-11-05T18:16:48.983502Z,1,1,85.22,17604.99,28950.35,7381.05,0.814,0,putin-and-zelenskyy-shake-hands-by-june-30,0x146ed0661e0ed33d4733ccc62443298806a464649d62ef668e39059bfc2ccb26,"This market will resolve to ""Yes"" if Vladimir Putin and Volodymyr Zelenskyy shake hands by June 30, 2026, 11:59 PM ET. Otherwise, this market will resolve to ""No"". For the handshake to qualify toward a ""Yes"" resolution, there must be video or photographic evidence. The resolution source for this mar",https://polymarket.com/event/putin-and-zelenskyy-shake-hands-by-june-30
will-russia-capture-slovainsk-by-2027,Will Russia capture Sloviansk by June 30?,politics,world|russia|ukraine|politics|geopolitics,2026-06-30T00:00:00Z,40,2025-11-05T18:29:14.106852Z,1,1,1742.76,219273.20,15336.39,73678.64,0.827,0,will-russia-capture-slovainsk-by-2027,0x1e5efe84a9a890e61044d77ea6e182f39b06d5b382c851b926cad54cb4972e68,"This market will resolve to “Yes” if, according to the ISW map, Russia captures the Sloviansk Slov'yans'k-Vitka train station located on Tsentralna Vulytsia by June 30, 2026, at 11:59 PM ET. The railroad station will be considered captured if any part of the train station icon is shaded red on the I",https://polymarket.com/event/will-russia-capture-slovainsk-by-2027
us-treasury-transactions-on-blockchain-by-june-30,US Treasury transactions on blockchain by June 30?,politics,economy|trump|politics|crypto,2026-06-30T00:00:00Z,40,2025-11-05T19:10:33.629021Z,1,1,0.00,1466.31,781.23,574.70,0.727,0,us-treasury-transactions-on-blockchain-by-june-30,0x00bb09d16155f7d1f354e15cd9f115e36665965b876606a8ab3cb5b0be923cf7,"This market will resolve to ""Yes"" if the US Department of the Treasury sends any funds or assets via a blockchain by June 30, 2026, 11:59 PM ET. Otherwise, this market will resolve to ""No"". For this market to resolve to ""Yes"", the payment must be a publicly announced, official transaction involving ",https://polymarket.com/event/us-treasury-transactions-on-blockchain-by-june-30
will-north-and-south-korea-engage-in-direct-talks-by-2027,Will North and South Korea engage in direct talks by June 30?,politics,world|geopolitics|north-korea|foreign-policy|south-korea|politics,2026-06-30T00:00:00Z,40,2025-11-05T19:30:51.476111Z,1,1,2230.59,14364.62,5712.01,4849.46,0.811,0,will-north-and-south-korea-engage-in-direct-talks-by-2027,0x2fd0c0a6ab43aea7cb0b433c9555d5515d8c5ecfb825a11c3b47ef91b92694e5,"This market will resolve to ""Yes"" if, North and South Korea engage in direct talks, defined as an official meeting or communication between government representatives of both sides, conducted without a third-party relaying messages, by June 30, 2026 at 11:59 PM ET. Otherwise this market will resolve",https://polymarket.com/event/will-north-and-south-korea-engage-in-direct-talks-by-2027
openai-receives-federal-backstop-for-infrastructure-before-july,OpenAI receives federal backstop for infrastructure before July?,politics,tech|openai|big-tech|business|politics|ai,2026-06-30T00:00:00Z,40,2025-11-10T22:01:24.085362Z,1,1,0.00,104883.55,12867.30,5667.94,0.817,2,openai-receives-federal-backstop-for-infrastructure-before-july,0x388459f1cfd0d310154e13f16f49d31fd301e5e3502072c8b09d3a0697b2823f,OpenAI Chief Financial Officer Sarah Friar recently suggested that OpenAI would be supportive of a government backstop for its investments in AI infrastructure including chips and data centers. Friar and Open AI Chief Executive Officer Sam Altman later backtracked on that statement. You can read mor,https://polymarket.com/event/openai-receives-federal-backstop-for-infrastructure-before-july
washington-commanders-agree-to-name-stadium-after-trump,Washington Commanders agree to name stadium after Trump?,politics,football|sports|trump|dc|nfl|politics|redskins,2026-06-30T00:00:00Z,40,2025-11-11T00:26:16.400255Z,1,1,0.00,2862.04,426.86,314.77,0.830,2,washington-commanders-agree-to-name-stadium-after-trump,0x7656f6b5d8988d3c56dd8c8de877aa5399bea999afea78b520191b752c2c5e7a,"This market will resolve to “Yes” if the Washington Commanders, or the ownership/development entity responsible for the team’s planned new stadium in Washington, D.C., officially announce and agree that the stadium will be named after Donald Trump, by June 30, 2026, 11:59 PM ET. A qualifying announc",https://polymarket.com/event/washington-commanders-agree-to-name-stadium-after-trump
aleksandar-vui-out-as-serbian-president-by,Aleksandar Vučić out as Serbian President by...?,politics,politics|world|geopolitics,2026-06-30T00:00:00Z,40,2025-11-13T21:37:17.640561Z,2,1,0.00,12609.02,9239.36,2118.87,0.817,2,aleksandar-vui-out-as-serbian-president-by-december-31-2025|aleksandar-vui-out-as-serbian-president-by-june-30-2026-398,0x141208186c24ccf86939ac4267f9a7dc2a93d24e489d0fe5e654982484f127cd|0xf47e8cc490e9fd5f0ac8bd36aa4bc3b1abf12025dd145baac6cd95ee58e2d286,"This market will resolve to “Yes” if Aleksandar Vučić ceases to be the President of Serbia for any period of time between November 13, 2025 and December 31, 2025, 11:59 PM ET. Otherwise, this market will resolve to “No”. An announcement of Aleksandar Vučić's resignation/removal before this market's ",https://polymarket.com/event/aleksandar-vui-out-as-serbian-president-by
us-embassy-in-damaskus-reopend-by,U.S. Embassy in Damascus reopened by...?,politics,middle-east|syria|politics|geopolitics,2026-06-30T00:00:00Z,40,2025-11-14T22:21:45.057503Z,2,1,155.60,427920.52,13661.65,8862.68,0.824,3,us-embassy-in-damaskus-reopend-by-december-31-2025|us-embassy-in-damaskus-reopend-by-june-30-2026-815,0x1736f799a74f6cfebdb32fcf14f03222e8ed63f6cc120886e9d8afe99cb64e2f|0x33fb07add905d9a65176839cda7faf7844924c211b4366c62d4b51e85131fbf9,"The United States has suspended operations of the Embassy in Damascus since February 6, 2012. As of market creation, the Government of the Czech Republic serves as the protecting power for U.S. interests in Syria and provides limited consular services to U.S. citizens. This market will resolve to ""Y",https://polymarket.com/event/us-embassy-in-damaskus-reopend-by
will-the-uk-designate-the-irgc-a-terrorist-organization-by-june-30,Will the UK designate the IRGC a terrorist organization by June 30? ,politics,politics|world,2026-06-30T00:00:00Z,40,2025-11-18T16:48:44.305275Z,1,1,0.00,96214.67,4318.03,4376.59,0.839,4,will-the-uk-designate-the-irgc-a-terrorist-organization-by-june-30,0x47dae10c137aed5c59e42319fabd1501733b45208b724129620b614222cb3c9e,"This market will resolve to ""Yes"" if the United Kingdom government formally designates the Islamic Revolutionary Guard Corps (IRGC) as a terrorist organization by June 30, 2026, 11:59 PM ET. Otherwise, this market will resolve to ""No."" This includes designation as a proscribed terrorist group or org",https://polymarket.com/event/will-the-uk-designate-the-irgc-a-terrorist-organization-by-june-30
epstein-client-list-released-in-2025-372,Epstein client list released by...?,politics,politics|epstein|trump,2026-06-30T00:00:00Z,40,2025-11-19T02:12:37.487517Z,3,1,111.63,4273088.95,36343.95,177528.46,0.817,1036,epstein-client-list-released-in-2025-372|epstein-client-list-released-by-june-30|epstein-client-list-released-by-december-31-2026,0x0576b194302d7d0a3f7bfc1b843cef4a5c9d582a3f424f879c15441feed78f01|0xa08bf5e2acca8cf3f85209795cf278128a30869c5a8bfb97851e19fd21d0d21e|0xffe704e544d8ac0c365ec0c41fe7b20529a545a398654899ce00c702d1291b4c,"This market will resolve to “Yes” if files which were not previously public and which pertain to the illegal activities of Jeffrey Epstein are made public by December 31, 2025, 11:59 PM ET, and those files contain a list of individuals associated with Epstein in connection with his illegal activitie",https://polymarket.com/event/epstein-client-list-released-in-2025-372
miguel-daz-canel-out-as-president-of-cuba-by-june-30,Miguel Díaz-Canel out as President of Cuba by June 30?,politics,politics|cuba|geopolitics,2026-06-30T00:00:00Z,40,2025-11-18T21:13:50.396481Z,1,1,1240.72,250394.38,15304.64,55216.51,0.896,18,miguel-daz-canel-out-as-president-of-cuba-by-june-30,0x48874462b88af831a4d90479286c6c1d4cd683a6b119d926f85ac66549385b21,"This market will resolve to “Yes” if Miguel Díaz-Canel ceases to be the President of Cuba for any period of time between November 18, 2025 and June 30, 2026, 11:59 PM ET. Otherwise, this market will resolve to “No”. An announcement of Miguel Díaz-Canel's resignation/removal before this market's end ",https://polymarket.com/event/miguel-daz-canel-out-as-president-of-cuba-by-june-30
which-countries-will-recognize-israel-by-june-30,Which countries will recognize Israel by June 30?,politics,israel|geopolitics|middle-east|syria|yemen|politics,2026-06-30T00:00:00Z,40,2025-11-20T19:15:28.63469Z,15,15,1202.69,339673.09,56160.42,41209.66,0.859,11,will-north-korea-recognize-israel-by-june-30-585|will-saudi-arabia-recognize-israel-by-june-30|will-afghanistan-recognize-israel-by-june-30|will-pakistan-recognize-israel-by-june-30|will-cuba-recognize-israel-by-june-30|will-lebanon-recognize-israel-by-june-30|will-iraq-recognize-israel-by-june-30|will-syria-recognize-israel-by-june-30|will-venezuela-recognize-israel-by-june-30-115|will-tunisia-recognize-israel-by-june-30|will-bangladesh-recognize-israel-by-june-30|will-kuwait-recognize-israel-by-june-30|will-qatar-recognize-israel-by-june-30|will-indonesia-recognize-israel-by-june-30|will-malaysia-recognize-israel-by-june-30,0x87481d5929f101b77c7f7a0bfc899df03c9c4d3773bba061846feb68dc08e290|0xc806bda841f56b4343b6af7b3cde2288cfd0fdd325aeaef7bedce847ea77d075|0x2cb2e201c613cc950599f8d440315a3125f6a3679f41f798ada974387f0a7ac5|0x366e277d574453c39bdded2dc4763a388b5e3b1b9c36cb3d12ce2ccd3e5925f7|0x5e6e46f7c9756170e4ba436c82079e0173541442943eadbc9732192fb5e7ee03|0x274cec202608757e62a0cf64ec63a3a814a6cc23a1bff1819b437362c5c16732|0x344a8fae463bbcd52cba6f4f0ba388518b24115c8423f3158ae60eac98282e57|0xdf5191450300fdcb365d50bcc82acf0e67c851d4c894b76d63fb5f8613b10f1f|0xfd0c9092cd2b2059c1487de5fc2145f19702d314039a8d10df55d206d08058f1|0xfec12b13c5859c51949fefd5fc1896e3d94e808244f3d068de5350f94308ada9|0x32711a62e5210aa2a770358c0d7762c26c7b39c1a169d10543675f26f1952435|0x3721f5c052eae0a8a5c98704cc30e723cbc30526e97b2e9ac9cf80440b4c5723|0x3e4f06223a50d6e551ce3bfbb2ca5861b4b08a4db8f35b6ed03530cf427c8c09|0x7ac4ee6cc36a676667e3e1cb807b15a09fe2ef9761703cad531fa6a49359d312|0x84872ef509e8c16de463f534bbbc8233291073c9d1a6adeebf6cb34bfe83f75e,"This market will resolve based on the countries that officially recognize Israel as a state between November 20, 2025 and June 30, 2026, 11:59pm ET. An announcement of intentions will not suffice to resolve this market to ""Yes."" Only a government's formal recognition of the State of Israel will coun",https://polymarket.com/event/which-countries-will-recognize-israel-by-june-30
another-canada-election-called-by-june-30,Another Canada election called by June 30?,politics,canada|world|politics,2026-06-30T00:00:00Z,40,2025-11-24T20:37:22.064751Z,1,1,0.00,80477.97,12560.36,14553.25,0.809,40,another-canada-election-called-by-june-30,0xbdc79410f7282a6606b09616c87504d7c268ec76f990bef9f77827f8eb87b208,"This market will resolve to ""Yes"" if the next Canadian federal election is officially scheduled for a date prior to October 2029, by June 30, 2026, 11:59 PM ET. Otherwise, this market will resolve to ""No"". For this market to resolve to ""Yes"" it is only necessary that the election date be declared, n",https://polymarket.com/event/another-canada-election-called-by-june-30
ukraine-officially-agrees-to-a-us-backed-ceasefire-framework-in-2025,Ukraine officially agrees to a US backed ceasefire framework by...?,politics,trump-zelenskyy|ukraine|trump|zelensky|world|politics|geopolitics|putin|ukraine-peace-deal,2026-06-30T00:00:00Z,40,2025-11-27T12:44:16.140064Z,5,1,251.74,1544531.21,12034.77,20678.84,0.880,88,ukraine-officially-agrees-to-a-us-backed-ceasefire-framework-in-2025|ukraine-officially-agrees-to-a-us-backed-ceasefire-framework-by-january-31|ukraine-officially-agrees-to-a-us-backed-ceasefire-framework-by-march-31-214|ukraine-officially-agrees-to-a-us-backed-ceasefire-framework-by-february-28|ukraine-officially-agrees-to-a-us-backed-ceasefire-framework-by-june-30,0xeec8878a64e41f43b81c4402f6b93f07899a85aff3be0683565aedbd23f99d6b|0x06bc56c24529ad696f19a3672874fb476ae024acaf98b40789022ccdc339f5ae|0x0050f8aef29c23b6796398e97ad355b46c9780450fc68f40b283bb0a9bb61189|0xe3dfff2cad527d4322090da2ed935311eaf0ebcf6fbcb1337af4ec364ee496de|0xadb3dda930d411bdab3c579f50408b538e66e8b2af8edecdcbcecff7f66aa84b,"This market will resolve to “Yes” if Ukraine officially agrees to a peace framework to end the Russo–Ukrainian war that the United States has formally endorsed by December 31, 2025, 11:59 PM ET. Otherwise, this market will resolve to “No”. A qualifying peace framework is any publicly announced plan,",https://polymarket.com/event/ukraine-officially-agrees-to-a-us-backed-ceasefire-framework-in-2025
will-elon-musk-go-on-joe-rogan-before-june-30,Will Elon Musk go on Joe Rogan before June 30?,politics,politics|elon-musk|culture,2026-06-30T00:00:00Z,40,2025-12-01T22:22:38.059819Z,1,1,0.00,3919.30,1086.58,863.34,0.939,5,will-elon-musk-go-on-joe-rogan-before-june-30,0x020d7d54652f796ff8e45753895a7e47aa41a967059f3aedfaa28e9b15917ac8,"This market will resolve to ""Yes"" if Elon Musk is a guest on any ""The Joe Rogan Experience"" podcast episode between December 1, 2025 and June 30, 2026, 11:59 PM ET. Otherwise, this market will resolve to ""No"". If a consensus of credible reporting confirms Elon Musk recorded an episode with Rogan bef",https://polymarket.com/event/will-elon-musk-go-on-joe-rogan-before-june-30
meloni-out-as-prime-minister-of-italy-by-june-30,Meloni out as Prime Minister of Italy by June 30?,politics,world|italy|politics,2026-06-30T00:00:00Z,40,2025-12-05T22:08:01.628081Z,1,1,173.51,54389.27,18053.68,22898.61,0.816,24,meloni-out-as-prime-minister-of-italy-by-june-30,0xffbcdc2256cb0149f2dda67557c1e95b4b3b41c4d08bbb255e877c97b3c119d4,"This market will resolve to “Yes” if Giorgia Meloni ceases to be the Prime Minister of Italy for any period of time between December 5, 2025 and June 30, 2026, 11:59 PM ET. Otherwise, this market will resolve to “No”. An announcement of Giorgia Melon's resignation/removal before this market's end da",https://polymarket.com/event/meloni-out-as-prime-minister-of-italy-by-june-30
will-the-us-officially-declare-war-on-venezuela-in-2025,Will the US officially declare war on Venezuela by...?,politics,politics|venezuela|trump|geopolitics,2026-06-30T00:00:00Z,40,2025-12-15T22:56:13.971858Z,2,1,139.94,1243015.38,22753.97,40681.30,0.804,37,will-the-us-officially-declare-war-on-venezuela-by-june-30-2026|will-the-us-officially-declare-war-on-venezuela-in-2025,0xe98938875eadeffcc491c02ae0e0f11d45352c8f70c1bcdec397ffc7dfdec8a9|0x21d5b7820786486cce744024ca423015bf5c2b03530620ef4436a5f8efb9dbe7,"This market will resolve to ""Yes"" if the United States formally declares war on Venezuela through an act of Congress between December 15 and December 31, 2025, 11:59 PM ET. Otherwise, this market will resolve to ""No."" To qualify, Congress must pass a formal declaration of war, consistent with its co",https://polymarket.com/event/will-the-us-officially-declare-war-on-venezuela-in-2025
will-kamala-harris-announce-a-2028-run-for-president-by-june-30,Will Kamala Harris announce a 2028 run for President by June 30?,politics,elections|politics|trump,2026-06-30T00:00:00Z,40,2025-12-16T21:46:29.417567Z,1,1,486.50,56364.25,15956.56,20187.94,0.815,5,will-kamala-harris-announce-a-2028-run-for-president-by-june-30,0xc80571a1a13b24f40b1855fb51b0339612d548e3a453731832768bbb94c45e68,"This market will resolve to “Yes” if Kamala Harris officially announces that she is running for U.S. President in the 2028 United States presidential election by June 30, 2026, 11:59 PM ET. Otherwise, this market will resolve to “No”. An announcement by Kamala Harris will be sufficient to trigger a ",https://polymarket.com/event/will-kamala-harris-announce-a-2028-run-for-president-by-june-30
will-trump-create-a-tariff-dividend-by-june-30,Will Trump create a tariff dividend by June 30?,politics,trump|politics|tariffs,2026-06-30T00:00:00Z,40,2025-12-17T21:12:50.444445Z,1,1,0.00,11473.55,8874.64,5719.94,0.850,0,will-trump-create-a-tariff-dividend-by-june-30,0xfa772932032462681258298f5b3471dd5f2f5ee514b51558db05a39556d5e97f,"This market will resolve to ""Yes"" if the Trump Administration formally creates (e.g., by signing federal legislation or performing executive action) a tariff dividend/rebate by June 30, 2026, 11:59 PM ET. Otherwise, this market will resolve to ""No"". Any bill signed into law or executive action taken",https://polymarket.com/event/will-trump-create-a-tariff-dividend-by-june-30
ukraine-signs-peace-deal-with-russia-by-june-30,Ukraine signs peace deal with Russia by June 30?,politics,politics|geopolitics|ukraine|world|ukraine-peace-deal,2026-06-30T00:00:00Z,40,2025-12-17T22:45:14.675454Z,1,1,5631.17,515561.90,42139.59,167910.33,0.837,0,ukraine-signs-peace-deal-with-russia-by-june-30,0xa57a027158ce73973cdd13eed901c6e767a1b9e2f88c665dab8757a65b60d203,"This market will resolve to “Yes” if, Ukraine signs any written instrument (e.g., treaty, ceasefire/armistice, framework/“roadmap,” exchange of letters, or mediated agreement text) that: (i) includes both Ukraine and the Russian Federation as parties, and (ii) either ends hostilities/establishes a c",https://polymarket.com/event/ukraine-signs-peace-deal-with-russia-by-june-30
will-china-invade-taiwan-by-june-30-2026,"Will China invade Taiwan by June 30, 2026?",politics,world|china|geopolitics|politics,2026-06-30T00:00:00Z,40,2025-12-17T20:33:19.960044Z,1,1,15282.42,8494182.30,74343.36,1297141.63,0.809,0,will-china-invade-taiwan-by-june-30-2026,0xa0b56d7e621c7cbcfa47fe1a9c24f3409e189180fd6bda55b7a8113129839afc,"This market will resolve to ""Yes"" if China commences a military offensive intended to establish control over any portion of the Republic of China (Taiwan) by June 30, 2026, 11:59 PM ET. Otherwise, this market will resolve to ""No"". Territory under the administration of the Republic of China, includin",https://polymarket.com/event/will-china-invade-taiwan-by-june-30-2026
zelenskyy-out-as-ukraine-president-by-january-31-2026,"Zelenskyy out as Ukraine president by June 30, 2026?",politics,ukraine|politics|world|geopolitics|ukraine-peace-deal,2026-06-30T00:00:00Z,40,2025-12-17T22:45:04.740569Z,1,1,2336.72,270000.33,46209.66,111512.67,0.823,0,zelenskyy-out-as-ukraine-president-by-january-31-2026,0xc4c5d3fa06ad4df64a719c8f28a088dd965c2c0c46477f4edcd1ba138c7a8b81,"This market will resolve to “Yes” if Volodymyr Zelenskyy ceases to be President of Ukraine for any period of time between market creation and the specified date (ET). Otherwise, this market will resolve to “No”. An announcement of Volodymyr Zelenskyy's resignation/removal before this market's end da",https://polymarket.com/event/zelenskyy-out-as-ukraine-president-by-january-31-2026
ukraine-agrees-not-to-join-nato-by-june-30,Ukraine agrees not to join NATO by June 30? ,politics,russia|politics|ukraine|world|geopolitics|ukraine-peace-deal|nato,2026-06-30T00:00:00Z,40,2025-12-17T22:54:45.373928Z,1,1,55891.99,245628.56,27008.69,30193.01,0.826,0,ukraine-agrees-not-to-join-nato-by-june-30,0x9772347ce628f4427ab437333679512aba5a98a4d14ff2a138f99fe7a40ba5fe,"This market will resolve to ""Yes"" if Ukraine publicly agrees not to join NATO by June 30, 2026, 11:59 PM ET. Otherwise, this market will resolve to “No”. An official pledge by Ukraine not to join NATO will qualify for a “Yes” resolution whether as a unilateral announcement or part of an agreement wi",https://polymarket.com/event/ukraine-agrees-not-to-join-nato-by-june-30
us-iran-nuclear-deal-by-june-30,US-Iran nuclear deal by June 30?,politics,middle-east|world|iran|israel|politics|geopolitics|iran-ceasefire|nuclear,2026-06-30T00:00:00Z,40,2025-12-17T22:54:48.22297Z,1,1,61038.01,2038173.43,35061.45,334248.69,0.962,0,us-iran-nuclear-deal-by-june-30,0xa70fc3695a65833b91b45df6db6015096f3e1471b70352ca411b4209010e7633,"This market will resolve to ""Yes"" if an official agreement over Iranian nuclear research and/or nuclear weapon development, defined as a publicly announced mutual agreement, is reached between the United States and Iran by June 30, 2026, 11:59 PM ET. Otherwise, this market will resolve to “No”. If s",https://polymarket.com/event/us-iran-nuclear-deal-by-june-30
will-the-iranian-regime-fall-by-june-30,Will the Iranian regime fall by June 30?,politics,iran|israel|middle-east|geopolitics|world|politics|khamenei|reza-pahlavi|iran-regime,2026-06-30T00:00:00Z,40,2025-12-17T23:04:55.928775Z,1,1,466457.51,41324864.55,582034.14,11341037.35,0.828,3,will-the-iranian-regime-fall-by-june-30,0x9352c559e9648ab4cab236087b64ca85c5b7123a4c7d9d7d4efde4a39c18056f,"This market will resolve to ""Yes"" if the Islamic Republic of Iran’s current ruling regime is overthrown, collapsed, or otherwise ceases to govern by June 30, 2026, 11:59 PM ET. Otherwise, this market will resolve to “No”. This requires a broad consensus of reporting indicating that core structures o",https://polymarket.com/event/will-the-iranian-regime-fall-by-june-30
putin-out-as-president-of-russia-by-june-30,Putin out as President of Russia by June 30?,politics,world|russia|ukraine|putin|politics|geopolitics,2026-06-30T00:00:00Z,40,2025-12-17T23:04:55.698582Z,1,1,56287.75,2623510.27,108818.18,739494.13,0.809,0,putin-out-as-president-of-russia-by-june-30,0x1a1346d763389455dac46a51e20c4cc25aecef5323f1701a440cc11d4c3f129e,"This market will resolve to “Yes” if Vladimir Putin ceases to be President of Russia for any period of time between market creation and the specified date (ET). Otherwise, this market will resolve to “No”. An announcement of Vladimir Putin's resignation/removal before this market's end date will imm",https://polymarket.com/event/putin-out-as-president-of-russia-by-june-30
bill-clinton-divorce-by-june-30,Bill Clinton divorce by June 30?,politics,geopolitics|politics|culture|trump|epstein,2026-06-30T00:00:00Z,40,2025-12-19T23:26:09.046904Z,1,1,13.32,675472.49,16020.28,21148.16,0.814,15,bill-clinton-divorce-by-june-30,0xcecd1388983a8e8afebab7d3f9e226f894f74e1b03c5579e8c4afa7e6b0ab9f3,"This market will resolve to ""Yes"" if Bill Clinton and/or Hillary Clinton announce their intention to divorce by June 30, 2026, 11:59 PM ET. Otherwise, this market will resolve to ""No"". An announcement by the specified date of their intention to divorce will be sufficient for a ""Yes"" resolution, rega",https://polymarket.com/event/bill-clinton-divorce-by-june-30
greece-x-turkey-military-engagement-by-june-30,Greece x Turkey military engagement by June 30?,politics,politics|greece|world|turkey|geopolitics,2026-06-30T00:00:00Z,40,2025-12-22T20:14:19.768927Z,1,1,220.60,1115838.49,15522.45,37955.26,0.822,11,greece-x-turkey-military-engagement-by-june-30,0x707ab64115b0ca83b65bc5137aaa947a11f56885ed82ffcedc3c5b70e1210151,"This market will resolve to ""Yes"" if there is a military engagement between the military forces of Greece and Turkey by June 30, 2026, 11:59 PM ET. Otherwise, this market will resolve to ""No"". A ""military engagement"" is defined as any incident involving the use of force such as missile strikes, arti",https://polymarket.com/event/greece-x-turkey-military-engagement-by-june-30
will-the-rsf-capture-khartoum-by-june-30,Will the RSF capture Khartoum by June 30?,politics,sudan|sudan-map|geopolitics|politics|world,2026-06-30T00:00:00Z,40,2025-12-23T11:44:44.977596Z,1,1,221.83,22118.00,11367.85,1410.95,0.808,0,will-the-rsf-capture-khartoum-by-june-30,0x5ae2789de1987f9725e8a98b0a590cb4e9bf778b5444c9ae7205c2f5a2a4de44,"This market will resolve to “Yes” if the Rapid Support Forces (RSF) capture Khartoum (https://maps.app.goo.gl/7iTPsRRJEJf4Mrjb6) by June 30, 2026, at 11:59 PM ET. Otherwise, this market will resolve to ""No"". The city will be considered captured if the Rapid Support forces have established military c",https://polymarket.com/event/will-the-rsf-capture-khartoum-by-june-30
state-of-siege-declared-in-chile-by-june-30,State of Siege declared in Chile by June 30? ,politics,world|politics|geopolitics|chile-election,2026-06-30T00:00:00Z,40,2025-12-23T19:46:14.673559Z,1,1,88.20,56161.04,13001.15,17021.35,0.809,10,state-of-siege-declared-in-chile-by-june-30,0x76e9ed792584943b6a3aa6cb5212a866d79b4acd93d6729069ff254af3890aae,"This market will resolve to ""Yes"" if a legally binding decree declaring a State of Siege (“Estado de Sitio”) in Chile enters into effect at any point between this market’s creation and June 30, 2026, 11:59 PM ET. Otherwise, this market will resolve to ""No"". To count toward resolution, the correspond",https://polymarket.com/event/state-of-siege-declared-in-chile-by-june-30
will-tim-walz-resign-by,Will Tim Walz resign by...?,politics,politics|trump|minnesota-unrest,2026-06-30T00:00:00Z,40,2025-12-28T17:42:30.81274Z,3,2,400.17,2540359.21,61227.94,75851.03,0.850,43,will-tim-walz-resign-by-january-31|will-tim-walz-resign-by-june-30|will-tim-walz-resign-by-december-31-2026,0xa19724e09c3641fcc504a0b290dfdb8882747d88fc459d1af8d4e35041a8e366|0x0629c2518036e5d7705718d0e828e49d79ac40a919ec90a134f75c8cda35e89c|0x46a62442a96f6b6aec25b369d6dee763aaa5c47dc7d3750ad1ed0a6039ba63bb,"This market will resolve to ""Yes"" if Tim Walz announces he has resigned or will resign as Governor of Minnesota by the listed date ET. Otherwise, this market will resolve to ""No."" If it becomes impossible for Tim Walz to resign or to announce his resignation (e.g., due to his removal from office by ",https://polymarket.com/event/will-tim-walz-resign-by
us-agrees-to-give-ukraine-security-guarantee-by-june-30,U.S. agrees to give Ukraine security guarantee by June 30? ,politics,politics|trump-zelenskyy|geopolitics|zelenskyy|ukraine|trump|ukraine-peace-deal,2026-06-30T00:00:00Z,40,2025-12-28T23:12:53.833865Z,1,1,1899.98,149617.81,12630.46,30564.98,0.835,0,us-agrees-to-give-ukraine-security-guarantee-by-june-30,0x2a991c78fc614786691a47c0ac0321dd60a0fa4b475c91cbf7c2ec14bb5e6823,"This market will resolve to “Yes” if the United States formally commits to giving Ukraine a security guarantee, defined as a publicly announced and mutually agreed deal between the Trump administration and the Government of Ukraine which creates a binding obligation for the United States to defend o",https://polymarket.com/event/us-agrees-to-give-ukraine-security-guarantee-by-june-30
european-country-agrees-to-give-ukraine-security-guarantee-by-june-30,European country agrees to give Ukraine security guarantee by June 30? ,politics,politics|geopolitics|world|ukraine|russia|europe|ukraine-peace-deal,2026-06-30T00:00:00Z,40,2025-12-28T23:12:44.160092Z,1,1,143.50,124249.48,9359.48,31585.25,0.829,12,european-country-agrees-to-give-ukraine-security-guarantee-by-june-30,0x2a6d2cb5250e55c9c910e2ce005cc67d956973fbffe9b69539fb4ab58383cc59,"This market will resolve to “Yes” if any European country formally commits to giving Ukraine a security guarantee, defined as a publicly announced and mutually agreed deal between the relevant European country and the Government of Ukraine which creates a binding obligation for the relevant European",https://polymarket.com/event/european-country-agrees-to-give-ukraine-security-guarantee-by-june-30
thailand-strikes-cambodia-by-966,Thailand strikes Cambodia by...?,politics,thailand-cambodia|geopolitics|asia|military-actions|world|politics,2026-06-30T00:00:00Z,40,2025-12-29T21:55:07.921872Z,2,1,712.30,72252.27,4789.48,11136.58,0.854,0,thailand-strikes-cambodia-by-january-31-2026|thailand-strikes-cambodia-by-june-30-2026,0xf6481ad3cae76f67602cfc130a0cd903e0cd187a0dfa0829d1a951855e80f45c|0xa034dea15732928b29345412b50134cb6f54b4fc5aa2732b7ee32eb723113d2a,"This market will resolve to ""Yes"" if Thailand initiates a drone, missile, or air strike on Cambodian soil or any Cambodian embassy or consulate by the specified date, 11:59 PM ET. Otherwise, this market will resolve to ""No"". For the purposes of this market, a qualifying ""strike"" is defined as the us",https://polymarket.com/event/thailand-strikes-cambodia-by-966
ukraine-coup-attempt-by-june-30,Ukraine coup attempt by June 30?,politics,zelenskyy|putin|ukraine|world|geopolitics|politics|trump-zelenskyy|russia,2026-06-30T00:00:00Z,40,2025-12-29T21:55:07.983511Z,1,1,2.04,12268.47,55991.53,4711.65,0.819,1,ukraine-coup-attempt-by-june-30,0xe7449ecf9d921c572c43b3e42283a11e87631a4b7929f4de643a0ae445923693,"This market will resolve to ""Yes"" if there is a widely reported coup attempt in Ukraine at any point between market creation and June 30, 2026, 11:59 PM ET. Otherwise, this market will resolve to ""No."" A coup attempt is defined as a coordinated and deliberate effort by military, security forces, or ",https://polymarket.com/event/ukraine-coup-attempt-by-june-30
lai-ching-te-impeached-by-june-30,Lai Ching-te impeached by June 30?,politics,geopolitics|politics|taiwan,2026-06-30T00:00:00Z,40,2026-01-02T13:20:34.754976Z,1,1,5469.57,1314358.44,21293.89,24918.18,0.811,0,lai-ching-te-impeached-by-june-30,0x52a7c03aa0e50655b5defb3d8e48685bd72a4955d82703a8e89a1d5255f4a216,"This market will resolve to ""Yes"" if the President of Taiwan, Lai Ching-te, is formally impeached by the Legislative Yuan by June 30, 2026, 11:59 PM ET. Otherwise, this market will resolve to ""No."" For this market to resolve to ""Yes"" it is only necessary that the Legislative Yuan propose and approve",https://polymarket.com/event/lai-ching-te-impeached-by-june-30
will-russia-capture-all-of-donetsk-oblast-by,Will Russia capture all of Donetsk Oblast by...?,politics,ukraine-map|geopolitics|ukraine|russia|putin|politics|military-actions,2026-06-30T00:00:00Z,40,2026-01-05T21:22:04.233043Z,3,2,667.73,651473.12,72965.25,42974.20,0.847,2,will-russia-capture-all-of-donetsk-oblast-by-march-31-2026|will-russia-capture-all-of-donetsk-oblast-by-june-30-2026|will-russia-capture-all-of-donetsk-oblast-by-december-31-2026,0x74a960f6e74324d124183f786467b089beebaaa34b075181c55e823b18bde048|0x60ecb823bb667a51ccf9ffcb1cab2c48899cd16410687874887dab9df9f4e1bf|0xec4366aa6a191c8dc392e2b3bc874d5ce9a22637a60f33e72e869ce39c89ef4e,"This market will resolve to “Yes” if, according to the ISW map, Russia militarily captures the entirety of Donetsk Oblast by the specified date, 11:59 PM ET. Donetsk Oblast will be considered captured when the entirety of the below-specified municipalities is simultaneously shaded red on the ISW map",https://polymarket.com/event/will-russia-capture-all-of-donetsk-oblast-by
us-forces-in-venezuela-again-by,US forces enter Venezuela again by...?,politics,venezuela|trump|politics|trump-presidency|geopolitics|world,2026-06-30T00:00:00Z,40,2026-01-03T14:27:13.7028Z,4,1,80.81,1299753.92,15384.13,12096.89,0.828,0,us-forces-in-venezuela-again-by-june-30-2026-624|us-forces-in-venezuela-again-by-january-31-2026|us-forces-in-venezuela-again-by-january-10-2026|us-forces-in-venezuela-again-by-march-31-2026,0xff78bad30c99e8eed16b577a70b9fcfe69b83d1c838f238d3f84dcd3d2c94701|0x3f8c674a155ca643341200af3bc4dfc61a825f0c2de3d384df0707f11321de9c|0xf5000584b3e64d08651ab372bb7f847e13e4be6c657ce0dbca94c1f480fa65d9|0x921253bd4fd083913072aa7f206a0967d22817d647e38abf4199326796f7dcdd,"This market will resolve to “Yes” if active US military personnel physically enter Venezuela at any point between market creation and the specified date, 11:59 PM ET. Military special operation forces will qualify; however, intelligence operatives will not count. US military personnel must physicall",https://polymarket.com/event/us-forces-in-venezuela-again-by
miguel-daz-canel-out-as-leader-of-cuba-by-june-30,Miguel Díaz-Canel out as leader of Cuba by...?,politics,politics|geopolitics|venezuela|trump|cuba,2026-06-30T00:00:00Z,40,2026-01-04T18:52:07.791073Z,3,2,14709.99,1509265.19,78582.37,300559.69,0.994,68,miguel-daz-canel-out-as-leader-of-cuba-by-december-31-113-682|miguel-daz-canel-out-as-leader-of-cuba-by-june-30-935-772|miguel-daz-canel-out-as-leader-of-cuba-by-march-31-971-121,0x115374e9cb26f7c375f35cdfec08167024dbfc5a20f339806d81236ed25ab781|0x119db6dda44f109bcdc2ec5e1d9cb8c21fa1a7e66489f59b1190fdfb25c0d515|0xbbdff003595b6febaef4b6cdfef66bf134c861e4c7c37f57099950ce1355e1a1,"This market will resolve to ""Yes"" if Cuba’s current leader, Miguel Díaz-Canel, is removed from power for any length of time by the listed date, ET. Otherwise, this market will resolve to ""No"". For the purposes of this market, Díaz-Canel will be considered to be removed from power if he resigns, is d",https://polymarket.com/event/miguel-daz-canel-out-as-leader-of-cuba-by-june-30
gustavo-petro-out-as-leader-of-colombia-by,Gustavo Petro out as leader of Colombia by...?,politics,geopolitics|venezuela|trump|politics,2026-06-30T00:00:00Z,40,2026-01-04T18:59:18.860101Z,2,2,120.22,275488.87,26416.14,39035.38,0.819,17,gustavo-petro-out-as-leader-of-colombia-by-december-31|gustavo-petro-out-as-leader-of-colombia-by-june-30,0x5cc9eb3cd306825cdbaa370915eff398da4a25f6fb419abcd634bf4e731df934|0x52fa882beba7627c68eb13f5b917313a422fdfe3d3e75c3073d39f687b84a212,"This market will resolve to ""Yes"" if Colombia’s current leader, President Gustavo Petro, is removed from power for any length of time by the listed date, ET. Otherwise, this market will resolve to ""No"". Petro will be considered to be removed from power if he resigns, is detained, or otherwise loses ",https://polymarket.com/event/gustavo-petro-out-as-leader-of-colombia-by
tulsi-gabbard-out-by-march-31,Tulsi Gabbard out by...?,politics,politics|trump,2026-06-30T00:00:00Z,40,2026-01-09T22:15:28.063964Z,3,1,576.83,360680.86,12392.28,19556.62,0.907,7,tulsi-gabbard-out-by-march-31|tulsi-gabbard-out-by-june-30|tulsi-gabbard-out-by-april-30,0x02dd4a8820831ee3ce210a5a075651d09ab38064ad0e2d4241aaece5724a3544|0x7603555ca158dfb3ec4ef84a0d9d247b5229def167093a9e844e1ae383c5d83a|0x31be58a5780abf7897b399ebede662425fa469b0331bf5dc347d734bdbe9b303,"This market will resolve to “Yes” if Tulsi Gabbard ceases to be the Director of National Intelligence for any period of time between market creation and March 31, 2026, 11:59 PM ET. Otherwise, this market will resolve to “No”. An announcement of Gabbard's resignation/removal before this market's end",https://polymarket.com/event/tulsi-gabbard-out-by-march-31
jerome-powell-federally-charged-by-june-30,Jerome Powell federally charged by June 30?,politics,politics|trump|jerome-powell|fed-rates|fed|courts,2026-06-30T00:00:00Z,40,2026-01-12T01:37:17.365907Z,1,1,109.33,268450.31,10099.20,42813.86,0.812,33,jerome-powell-federally-charged-by-june-30,0x1b89a207ec7cd01f825b5470222b45a4437325bc97bbc50b55a038b29ff7eb5d,"This market will resolve to ""Yes"" if the United States federal government formally charges or announces a criminal indictment of Jerome Powell by June 30, 2026, 11:59 PM ET. Otherwise, this market will resolve to ""No"". For the purposes of this market the District of Columbia and any county, municipa",https://polymarket.com/event/jerome-powell-federally-charged-by-june-30
will-the-iranian-regime-survive-us-military-strikes-741,Will the Iranian regime survive U.S. military strikes?,politics,geopolitics|world|khamenei|iran|middle-east|israel|politics|iran-regime,2026-06-30T00:00:00Z,40,2026-01-13T21:17:39.470637Z,1,1,4559.32,770900.70,79406.23,91796.31,0.839,64,will-the-iranian-regime-survive-us-military-strikes-741,0xefc69f5f48827e331957acbcc2339eb3b15e27e32453b8e6f29b5de67474c986,"This market will resolve to ""Yes"" if both of the following conditions are met by June 30, 2026, 11:59 PM ET. Otherwise, this market will resolve to ""No"". 1. The US initiates a military action on Iranian soil, airspace, or maritime territory or against any Iranian embassies or consulates by June 30, ",https://polymarket.com/event/will-the-iranian-regime-survive-us-military-strikes-741
100-tariff-on-canada-in-effect-by-june-30,100% tariff on Canada in effect by June 30?,politics,china|economy|politics|trump|tariffs|canada,2026-06-30T00:00:00Z,40,2026-01-24T17:38:58.862484Z,1,1,100.00,47120.77,9214.00,6719.62,0.817,4,100-tariff-on-canada-in-effect-by-june-30,0x1b3f1f2bec1c92ff851c9b02c3c8bbc320e5aac7bc371ad0f615c5521a4494e7,"On January 24, President Trump announced that the United States would apply a 100% tariff to all imports from Canada if a trade deal with China goes through. (see: https://www.reuters.com/world/china/trump-threatens-canada-with-100-tariff-over-possible-deal-with-china-2026-01-24/). This market will ",https://polymarket.com/event/100-tariff-on-canada-in-effect-by-june-30
tariff-increase-on-canada-in-effect-by-june-30,Tariff increase on Canada in effect by June 30?,politics,economy|trump|china|politics|tariffs|canada,2026-06-30T00:00:00Z,40,2026-01-24T17:39:00.009833Z,1,1,15.86,33634.89,3815.39,6348.08,0.847,5,tariff-increase-on-canada-in-effect-by-june-30,0xfd1be18abbc39bdf1b16659499488e584e6c06c7b1959b425b5fb4b046d01a33,"On January 24, President Trump announced that the United States would apply a 100% tariff to all imports from Canada if a trade deal with China goes through. (see: https://www.reuters.com/world/china/trump-threatens-canada-with-100-tariff-over-possible-deal-with-china-2026-01-24/). This market will ",https://polymarket.com/event/tariff-increase-on-canada-in-effect-by-june-30
who-will-testify-to-congress-about-epstein,Who will testify to congress about Epstein?,politics,clinton|politics|epstein|jeffrey-epstein,2026-06-30T00:00:00Z,40,2026-02-02T20:11:24.876713Z,8,5,17.39,61070.55,8726.62,3503.18,0.872,11,will-hillary-clinton-testify-to-congress-about-epstein|will-lord-peter-mandelson-testify-to-congress-about-epstein|will-donald-trump-testify-to-congress-about-epstein|will-ex-prince-andrew-testify-to-congress-about-epstein|will-ghislaine-maxwell-testify-to-congress-about-epstein|will-bill-clinton-testify-to-congress-about-epstein|will-elon-musk-testify-to-congress-about-epstein|will-les-wexner-testify-to-congress-about-epstein,0x0ea73895f1293d6ffa27682626c7e5b97488825d6d38146f57850a1dcf048d3d|0xc8e478639b24bd3c99190c0a5619b09dd12f7f35f46cc74e6b25955178041d46|0xf2bdab25c86dd77d0a00a7bea2f532559b952f2acfaedeeae37c0a98cc0f8e37|0x39e87fb738ce0a2ad70da2909cbfc215fceba65f7c98e11d7aafb75638c98e66|0xd19358059d3d6ff1811e952968e7bd3ef67278af78e3b936fc1802794cb3fa95|0xd48d5dc070a14eac24e304bf9fa185d584990e79e335046271a11fba6babac6a|0x919accaaa0401567e47dc9e7e2acaab929d9750a6af2f9264cc5c4d389e957fa|0x0873468013b24ec29dbea6baf4db35b679d99d6358b774a472fdfb7d2a6f1836,"This market will resolve to ""Yes"" if the listed individual provides testimony about Jeffrey Epstein before either chamber of the United States Congress (House of Representatives or Senate), or any of their official committees or subcommittees, by June 30, 2026, 11:59 PM ET. Otherwise, this market wi",https://polymarket.com/event/who-will-testify-to-congress-about-epstein
epstein-or-maxwell-confirmed-mossad-operatives-by-june-30,Epstein or Maxwell confirmed Mossad operatives by June 30?,politics,trump|politics|epstein|culture,2026-06-30T00:00:00Z,40,2026-02-02T22:07:21.05715Z,1,1,479.14,27624.55,4193.75,8252.34,0.813,4,epstein-or-maxwell-confirmed-mossad-operatives-by-june-30,0xb58e209904478013270390c98a35d68fc52d4b7d1cb24aa7aebd061c298ded74,"This market will resolve to ""Yes"" if previously unreleased evidence definitively confirming that either Jeffrey Epstein or Ghislaine Maxwell were Mossad operatives is made public by June 30, 2026, 11:59 PM ET. Otherwise, this market will resolve to ""No"". For the purpose of this market ‘operative’ in",https://polymarket.com/event/epstein-or-maxwell-confirmed-mossad-operatives-by-june-30
greta-thunberg-arrested-by-june-30,Greta Thunberg arrested by...?,politics,gaza|israel|middle-east|greta-thunberg|politics|world,2026-06-30T00:00:00Z,40,2026-02-12T20:05:33.678726Z,2,2,102.24,69117.50,3790.42,3596.00,0.862,5,greta-thunberg-arrested-by-june-30|greta-thunberg-arrested-by-december-31,0x635d4fdd418b1d335b74dbfee01b7e8a9e8003ca60ad4501a0d231b2e87584bd|0x02c86bce323184bc35820f0de7f5c4ec4002243d4d753b5ebe8469fdd690d3a0,"This market will resolve to ""Yes"" if Greta Thunberg is arrested or detained by law enforcement between market creation and the listed date, 11:59 PM ET. Otherwise, this market will resolve to ""No"". Temporary holding at a detention facility while awaiting a judge’s decision on whether to grant a dete",https://polymarket.com/event/greta-thunberg-arrested-by-june-30
iran-agrees-to-end-enrichment-of-uranium-by-june-30, Iran agrees to end enrichment of uranium by June 30?,politics,trump|geopolitics|politics|nuclear|middle-east|world|iran|iran-ceasefire,2026-06-30T00:00:00Z,40,2026-02-12T20:29:41.345722Z,1,1,10160.99,1405744.25,20254.14,256376.77,0.932,0,iran-agrees-to-end-enrichment-of-uranium-by-june-30,0x9d3f02264a94bafc676afd7add8b11442e6ec72dabaa69cefef835f0672275c7,"This market will resolve to ""Yes"" if Iran publicly agrees to end all enrichment of uranium by June 30, 2026, 11:59 PM ET. Otherwise, this market will resolve to “No”. An official pledge by Iran to end all enrichment of Uranium will qualify for a “Yes” resolution, whether as a unilateral announcement",https://polymarket.com/event/iran-agrees-to-end-enrichment-of-uranium-by-june-30
who-visited-epsteins-island,Who visited Epstein's Island?,politics,trump|politics|clinton|epstein|elon-musk,2026-06-30T00:00:00Z,40,2026-02-12T22:27:51.760799Z,18,17,2998.12,1821508.56,222217.76,276050.31,0.828,128,will-marco-rubio-be-confirmed-to-have-visited-epsteins-island|will-donald-trump-be-confirmed-to-have-visited-epsteins-island|will-hillary-clinton-be-confirmed-to-have-visited-epsteins-island|will-bill-gates-be-confirmed-to-have-visited-epsteins-island|will-steve-bannon-be-confirmed-to-have-visited-epsteins-island|will-steven-tisch-be-confirmed-to-have-visited-epsteins-island|will-noam-chomsky-be-confirmed-to-have-visited-epsteins-island|will-bill-cosby-be-confirmed-to-have-visited-epsteins-island|will-jay-z-be-confirmed-to-have-visited-epsteins-island|will-elon-musk-be-confirmed-to-have-visited-epsteins-island|will-bill-clinton-be-confirmed-to-have-visited-epsteins-island|will-kevin-spacey-be-confirmed-to-have-visited-epsteins-island|will-richard-branson-be-confirmed-to-have-visited-epsteins-island|will-woody-allen-be-confirmed-to-have-visited-epsteins-island|will-peter-attia-be-confirmed-to-have-visited-epsteins-island|will-deepak-chopra-be-confirmed-to-have-visited-epsteins-island|will-michael-jackson-be-confirmed-to-have-visited-epsteins-island|will-harvey-weinstein-be-confirmed-to-have-visited-epsteins-island,0x63a085243966d0ad4dab606c21764a660cc274f557ee0dd507e17e00b784a2f3|0x3cbeb5505e3754896ded872e6bcba9e0845ef943f47b8b192e700a1f42107973|0xa33a1153f6ce8d2f334b698615ca2ffcadaf162be0e8dac77bfb80764f967b76|0xdb93bb91003512af07170d9da4dd80630724cf7097e0d75ddedaaccd7d9e88d2|0xf913e9ae82d712931341b86f3c4af2fa2bc339e79d42a76cac2e6c636b8a09e4|0x4f781e445f8b46b222a39f2afdc58a3f983a41c6b39596df7111a2dfccc8d5c1|0x43a7ddc52b4d735d3c4555646e2990f2554d2895b57b98199ed421cc07a8f90a|0x9e25f0bb084a191e5e014d5c06c784337a9c910b82123f8d10a1c6d5b771d54c|0x5ee101a78c5c63194c179f719477f0f302635cbe571c16f3329ad82fbc9a8038|0x7ead92e6a6fba00d40565c1c13d7d7d58fb17757f51c882e949c881e4371c5a7|0x5e4b85546e0e49cad0bccf254efe892312ca215c0e9e26dc0965753f45a2360f|0xa38abe7921e1a335541afc488b6eb046c71c203f166fa0b5281d4491f8ac7577|0x57c75de5d056d826ca75c5c5f316b5450685a69b28473b4d34e2529141102891|0xf0d4497256b9de806bcdce789fc490102fa15b43231d509237ef93f39a7b0c6c|0x2ac10377aa8ca26384aa5714b2ff891856d91414cdf651cc841a5b155390dc88|0x2fe12a74d09b45279f16cc4f90b50432250d7f7dc7614ef590447d3109e9386f|0xa345bf0488672b9c944db10f43c5664e1f601339df9c14917128a9d0111a9f02|0x17a4f0413f070b4092d03904a7f22260ab9ff51a929cb970a09eea469a31f329,"This market will resolve to ""Yes"" if evidence is made public confirming that the listed individual previously visited Little St. James by June 30, 2026, 11:59 PM ET. Otherwise, this market will resolve to ""No"". This includes but is not limited to flight logs, photographs, videos, court records, or s",https://polymarket.com/event/who-visited-epsteins-island
jimmy-lai-released-by-june-30,Jimmy Lai released by June 30?,politics,politics|world|china|hong-kong,2026-06-30T00:00:00Z,40,2026-02-13T00:09:22.048318Z,1,1,995.87,296914.94,29474.74,85598.23,0.808,0,jimmy-lai-released-by-june-30,0x95c0d03797f22593b3b4a1750d1721b8a4b8e89b0899d2f4825046051a3681c9,"This market will resolve to ""Yes"" if Jimmy Lai is released from custody by June 30, 2026, 11:59 PM ET. Otherwise, this market will resolve to ""No"". If Lai is released but remains under house arrest, the market will still resolve to ""Yes"". If Lai is released on parole, bond, or any other condition th",https://polymarket.com/event/jimmy-lai-released-by-june-30
les-wexner-charged-by-june-30,Les Wexner charged by June 30?,politics,indict|epstein|criminal|politics|culture,2026-06-30T00:00:00Z,40,2026-02-20T21:41:58.896365Z,1,1,0.00,9688.07,2921.78,1948.71,0.839,0,les-wexner-charged-by-june-30,0xc2150d5d58c957816dcf137776a3ab002b038c582acfc36510f59547ddbb5f58,"This market will resolve to “Yes” if any Federal or State jurisdiction of the United States formally charges or otherwise announces a criminal indictment of Leslie Wexner between market creation and June 30, 2026, 11:59 PM ET. Otherwise, this market will resolve to “No”. For the purposes of this mar",https://polymarket.com/event/les-wexner-charged-by-june-30
tony-gonzalez-charged-by-june-30,Tony Gonzales charged by June 30?,politics,congress|house-of-representatives|politics|texas,2026-06-30T00:00:00Z,40,2026-02-26T00:25:29.457888Z,1,1,0.00,6129.41,851.62,69.48,0.516,0,tony-gonzalez-charged-by-june-30,0xcedbb121712ed5ec15c65274b3626802905930bd64c0d810401ccc79f9db921b,"This market will resolve to “Yes” if any Federal or State jurisdiction of the United States formally charges or otherwise announces a criminal indictment of U.S. Representative Tony Gonzales between market creation and June 30, 2026, 11:59 PM ET. Otherwise, this market will resolve to “No”. For the ",https://polymarket.com/event/tony-gonzalez-charged-by-june-30
bill-gates-charged-by-june-30,Bill Gates charged by June 30?,politics,politics|microsoft|culture|tech|epstein,2026-06-30T00:00:00Z,40,2026-02-26T00:32:18.43113Z,1,1,1078.78,12161.17,2765.53,5841.66,0.829,1,bill-gates-charged-by-june-30,0x2fa20cb3f8cecf2e0deb7eff0d30d1ba555234271b2cf72458c4905fdf2cbd79,"This market will resolve to “Yes” if any Federal or State jurisdiction of the United States formally charges or otherwise announces a criminal indictment of Bill Gates between market creation and June 30, 2026, 11:59 PM ET. Otherwise, this market will resolve to “No”. For the purposes of this market",https://polymarket.com/event/bill-gates-charged-by-june-30
pakistan-x-afghanistan-ceasefire-by-march-31,Pakistan x Afghanistan ceasefire by...?,politics,pakistan|afghanistan|politics|geopolitics|world|kabul,2026-06-30T00:00:00Z,40,2026-02-26T22:59:10.162548Z,3,1,0.00,149601.81,508.83,314.73,0.722,31,pakistan-x-afghanistan-ceasefire-by-march-31|pakistan-x-afghanistan-ceasefire-by-april-30|pakistan-x-afghanistan-ceasefire-by-june-30,0x8433d53dba07b9a370723459601279c22c30c463834700d32b8e1cf6e4b4359c|0x277de6ef2ebb912f62b2f80976ef22beee198096b035be0afd8d572b52ccdca0|0x52561a683fe139cffdf3d4610cf17696cd9cbde149dbfc1c5752b926b2ac9b09,"This market will resolve to ""Yes"" if there is an official ceasefire agreement, defined as a publicly announced and mutually agreed halt in military engagement, between Pakistan and the Islamic Emirate of Afghanistan by March 31, 2026, 11:59 PM ET. If the agreement is officially reached before the re",https://polymarket.com/event/pakistan-x-afghanistan-ceasefire-by-march-31
anthropic-ceo-arrested,Anthropic CEO arrested?,politics,politics|tech|culture|ai,2026-06-30T00:00:00Z,40,2026-02-27T23:19:38.967255Z,1,1,317.65,164546.88,8169.68,23738.55,0.808,2,anthropic-ceo-arrested,0x035089712a52a87cc30b778965d76c757067e7a2e795e4f2c8e32c76438e1dc3,"This market will resolve to ""Yes"" if Dario Amodei is arrested or detained by law enforcement by June 30, 2026, 11:59 PM ET. Otherwise, this market will resolve to ""No"". Temporary holding at a detention facility while awaiting a judge’s decision on whether to grant a detention warrant qualifies, so l",https://polymarket.com/event/anthropic-ceo-arrested
who-will-enter-iran-by-june-30,Who will enter Iran by June 30?,politics,politics|iran|geopolitics|middle-east|u-s-x-iran,2026-06-30T00:00:00Z,40,2026-03-01T20:13:29.750109Z,8,8,1222.99,393811.01,116225.86,81304.45,0.827,4,will-benjamin-netanyahu-enter-iran-by-june-30|will-pete-hegseth-enter-iran-by-june-30|will-any-us-house-member-enter-iran-by-june-30|will-any-us-senator-enter-iran-by-june-30|will-jd-vance-enter-iran-by-june-30|will-marco-rubio-enter-iran-by-june-30|will-donald-trump-enter-iran-by-june-30|will-jared-kushner-enter-iran-by-june-30,0x83f38b0110a93a4e68d2391dc70868ab1f8a9a074de58b0ef50d5312e3fcfcf7|0x80590117819c7b4a2be045d98f7be8247fa13162830e5540bec140d14829e9eb|0x584c9773bd54965e7c1b4c7ca6dd6ec7a7ee47632f41f877be179aeb3c9006be|0xaa2d85a0f668d96c7d7efc1c9ca736119b6d230a439daea9998be032e4ce007d|0x77eafa497fe8ff7a41f540e2920e8897540b01f06b82477d168c4a21a7f9e57a|0xb7c3eb14951b4bdbca17460231d502acd843e5a1b2fa4b2e784fc4e86f4e61d8|0x52f23b60032d6e63721bb64c06077c783c97c0c44a31073b8027f31865eff2b5|0x9c9c61a05eb70ddd796283b86db07efd0c07a4d29b48870987f1c8279217f783,"If the listed person visits Iran between market creation and June 30, 2026, 11:59 PM ET, this market will resolve to ""Yes"". Otherwise, this market will resolve to ""No"". For the purpose of this market, a ""visit"" is defined as the listed person physically entering the terrestrial territory of Iran. Wh",https://polymarket.com/event/who-will-enter-iran-by-june-30
will-anthropic-make-a-deal-with-the-pentagon,Will Anthropic make a deal with the Pentagon by...?,politics,hegseth|claude|ai|tech|dod|trump|politics|big-tech|dario-amodei,2026-06-30T00:00:00Z,40,2026-03-06T18:37:24.287552Z,3,2,798.77,133504.18,15036.82,6820.47,0.941,6,will-anthropic-make-a-deal-with-the-pentagon-by-april-30|will-anthropic-make-a-deal-with-the-pentagon-by-june-30|will-anthropic-make-a-deal-with-the-pentagon-by-may-31,0xe5be05591f1df9fd0da226f6b8629c3686a972114e235740abcf8aa5101eb051|0x0e4dccd37c5ff002a8896ab8a5003331f83be9f2dc1bbafc4856235cb0a5eedc|0x74b45c854e94c3e38d7f8b88f2d56f01dec3c2c4454da002612f99b67bb23143,"In February 2026, the Pentagon announced it would designate Anthropic as a national security supply chain risk after Anthropic refused to remove AI safety restrictions from its acceptable use policy. Donald Trump subsequently directed all federal agencies to cease using Anthropic's technologies, wit",https://polymarket.com/event/will-anthropic-make-a-deal-with-the-pentagon
nechirvan-barzani-out-as-kurdistan-regional-government-president,Nechirvan Barzani out as Kurdistan Regional Government President?,politics,geopolitics|iran|iraq|independence|politics|krg|kurds|regional-spillover,2026-06-30T00:00:00Z,40,2026-03-06T18:27:29.055044Z,1,1,0.00,16756.49,8433.11,1292.61,0.832,0,nechirvan-barzani-out-as-kurdistan-regional-government-president,0x710fe8f847bc1bbe017c577257a9008cc40cea00e296aa354dd8bc4b6ab30a15,"This market will resolve to “Yes” if Nechirvan Barzani ceases to be the President of the Kurdistan Regional Government for any period of time between market creation and June 30, 2026, 11:59 PM ET. Otherwise, this market will resolve to “No”. An announcement of Barzani’s resignation/removal before t",https://polymarket.com/event/nechirvan-barzani-out-as-kurdistan-regional-government-president
jones-act-domestic-shipping-requirements-removed-by-june-30,Jones Act domestic shipping requirements removed by June 30?,politics,economy|trump|politics|vessel|shipping,2026-06-30T00:00:00Z,40,2026-03-09T17:17:31.623248Z,1,1,0.00,52403.20,5494.96,6217.99,0.802,3,jones-act-domestic-shipping-requirements-removed-by-june-30,0xd5eddc84c3e644c1049bca749843a55f63dcbacb0f515eda80082897930887d1,"The Jones Act of 1920 requires that all goods transported by water between U.S. ports be carried by vessels which are built in the U.S., owned by U.S. citizens, flagged to the U.S., and manned by U.S. crews. This market will resolve to “Yes” if the Jones Act is repealed, altered, or invalidated, or ",https://polymarket.com/event/jones-act-domestic-shipping-requirements-removed-by-june-30
save-america-act-becomes-law-by,H.R. 7296 (SAVE America Act) becomes law by...?,politics,politics|congress|republicans|trump|voter-id|signed,2026-06-30T00:00:00Z,40,2026-03-09T20:45:38.193315Z,2,1,37.07,64238.73,11742.84,9332.62,0.807,2,save-america-act-becomes-law-by-march-31-2026|save-america-act-becomes-law-by-june-30-2026,0x3b36ab1e2a216c1467ba00ccc5c12dc58f69824e2fc423d4f9359370c67f2bbd|0x2e766675550e2f60fc68c5b868a3ac7b8e3b1ed7b14d3526af054fc082e41094,"This market will resolve to ""Yes"" if the SAVE America Act (H.R. 7296) is passed by both chambers of the U.S. Congress and signed into law, or is otherwise enacted into law, by the specified date, 11:59 PM ET. Otherwise, this market will resolve to ""No"". The primary resolution sources for this market",https://polymarket.com/event/save-america-act-becomes-law-by
will-netanyahu-be-pardoned-by-june-30,Will Netanyahu be pardoned by June 30?,politics,politics|bibi|israel|benjamin-netanyahu|geopolitics|trump|herzog,2026-06-30T00:00:00Z,40,2026-03-09T22:25:21.730814Z,1,1,275.85,324906.99,18649.61,170767.10,0.841,8,will-netanyahu-be-pardoned-by-june-30,0xc8f7591181f4059ffbdcc4c85b1e9e76f029bef0eb6cc46a80bd5617b947de74,"This market will resolve to ""Yes"" if Israeli Prime Minister Benjamin Netanyahu receives a presidential pardon, commutation, or other formal grant of clemency from Israeli President Isaac Herzog for any charges by June 30, 2026, 11:59 PM ET. Otherwise, this market will resolve to ""No"". The primary re",https://polymarket.com/event/will-netanyahu-be-pardoned-by-june-30
trump-out-as-president-by-june-30,Trump out as President by June 30?,politics,trump|elections|politics,2026-06-30T00:00:00Z,40,2026-03-11T16:25:26.943982Z,1,1,40286.99,5406321.52,459365.49,1756138.37,0.809,0,trump-out-as-president-by-june-30,0xeeb1b35c595b19f9512c55f85fdf93f3625c3cec1a9b6bac6262921fbd87912e,"This market will resolve to “Yes” if Donald Trump resigns or is removed as President or otherwise ceases to be the President of the United States for any period of time by June 30, 2026, 11:59 PM ET. Otherwise, this market will resolve to “No”. An announcement of Donald Trump's resignation/removal b",https://polymarket.com/event/trump-out-as-president-by-june-30
tucker-carlson-federally-charged,Tucker Carlson federally charged?,politics,tucker|geopolitics|politics|iran|cia|doj|espionage,2026-06-30T00:00:00Z,40,2026-03-16T18:38:32.301938Z,1,1,309.78,56784.29,16673.93,13929.29,0.814,4,tucker-carlson-federally-charged,0x9ecb0995bb46eb688cac048d81cfd28ac5032b574cf93e4e3f3d492d5e58a599,"This market will resolve to “Yes” if the United States federal government formally charges or announces a criminal indictment of Tucker Carlson between market creation and June 30, 2026, 11:59 PM ET. Otherwise, this market will resolve to “No”. The primary resolution source for this market will be o",https://polymarket.com/event/tucker-carlson-federally-charged
daniel-noboa-out-as-president-of-ecuador-by-june-30,Daniel Noboa out as President of Ecuador by June 30?,politics,politics|colombia|ecuador|geopolitics,2026-06-30T00:00:00Z,40,2026-03-19T18:14:19.092751Z,1,1,0.00,2102.82,12218.46,1112.07,0.828,0,daniel-noboa-out-as-president-of-ecuador-by-june-30,0x6b2696a265decb06d8b9cd4c2316f8d19e20b0faaebdfbf89008d79443e42898,"This market will resolve to “Yes” if Daniel Noboa ceases to be President of Ecuador for any period of time between market creation and the specified date (Ecuador Time, GMT-5). Otherwise, this market will resolve to “No”. An announcement of Daniel Noboa's resignation/removal before this market's end",https://polymarket.com/event/daniel-noboa-out-as-president-of-ecuador-by-june-30
pete-hegseth-out-as-secretary-of-defense-by-june-30,Pete Hegseth out as Secretary of Defense by June 30?,politics,politics|hegseth|trump-cabinet|iran|u-s-x-iran|trump|geopolitics,2026-06-30T00:00:00Z,40,2026-03-24T21:03:39.661526Z,1,1,532.23,148526.19,18812.07,62972.11,0.838,0,pete-hegseth-out-as-secretary-of-defense-by-june-30,0x269b4de59b444c57f166f690b1ce8c388bf26167c6a68f7613ab5b05e86375a8,"This market will resolve to “Yes” if Pete Hegseth ceases to be U.S. Secretary of Defense for any period of time between market creation and the specified date (ET). Otherwise, this market will resolve to “No”. An announcement of Pete Hegseth's resignation/removal before this market's end date will i",https://polymarket.com/event/pete-hegseth-out-as-secretary-of-defense-by-june-30
thai-constitutional-court-invalidates-election,Thai Constitutional Court invalidates election?,politics,politics|elections|global-elections|thailand,2026-06-30T00:00:00Z,40,2026-03-27T23:03:36.544092Z,1,1,618.51,31685.82,35513.87,17535.12,0.841,3,thai-constitutional-court-invalidates-election,0xb8116bcdfbfa2f0f563969460cdd19f72d6d840616951b01b34ba0702aebba67,"Thailand held legislative elections on February 8, 2026. On March 18, 2026, the Constitutional Court of Thailand accepted a petition to rule on the constitutionality of barcodes and QR codes on ballots and whether they undermined ballot secrecy. This market will resolve to “Yes” if the Constitutiona",https://polymarket.com/event/thai-constitutional-court-invalidates-election
law-banning-sports-prediction-markets-enacted-in-2026,Law banning sports prediction markets enacted in 2026?,politics,prediction-markets|congress|politics|trump|tech|gambling,2026-06-30T00:00:00Z,40,2026-03-27T18:08:09.209809Z,1,1,0.00,13870.13,8916.43,1941.50,0.877,0,law-banning-sports-prediction-markets-enacted-in-2026,0x3ef18432c0e44e0a28b75d0950aa2d187a8f6e9aff6d5b56147693b6ddc235b4,"This market will resolve to ""Yes"" if any bill with the effect of banning CFTC-regulated prediction markets from offering sports betting contracts is signed into law by December 31, 2026, 11:59 PM ET. Otherwise, this market will resolve to ""No"". Any bill that prohibits federally regulated prediction ",https://polymarket.com/event/law-banning-sports-prediction-markets-enacted-in-2026
jang-dong-hyeok-out-as-ppp-leader-by-june-30-2026,"Jang Dong-hyeok out as PPP Leader by June 30, 2026?",politics,south-korea|politics,2026-06-30T00:00:00Z,40,2026-03-31T20:17:59.277274Z,1,1,38.48,4955.56,1961.78,2237.72,0.958,0,jang-dong-hyeok-out-as-ppp-leader-by-june-30-2026,0x18ddcf51a87e7dbf5133339ad116db0673e4d2bd5154ee9050088c60cec4e3b5,"This market will resolve to “Yes” if Jang Dong-hyeok ceases to be Leader of the People Power Party (PPP) for any period of time between market creation and the specified date (ET). Otherwise, this market will resolve to “No”. An announcement of Jang Dong-hyeok's resignation/removal before this marke",https://polymarket.com/event/jang-dong-hyeok-out-as-ppp-leader-by-june-30-2026
will-any-country-join-the-board-of-peace-by-june-30-128,Will any country join the Board of Peace by June 30?,politics,israel|trump|geopolitics|middle-east|gaza|politics,2026-06-30T00:00:00Z,40,2026-04-01T19:50:24.464143Z,1,1,0.00,14028.52,1650.11,3388.02,0.635,1,will-any-country-join-the-board-of-peace-by-june-30-128,0x4c8a5faadc9bb2dcb5220a87c67ac94ddeb617d614d3b058e70b5353d3df877c,"Donald Trump and the United States sent invitations to countries around the world, inviting them to join the US-led Board of Peace which will oversee conflict resolution in Gaza and elsewhere (see: https://www.reuters.com/world/middle-east/us-names-rubio-blair-kushner-gaza-board-under-trumps-plan-20",https://polymarket.com/event/will-any-country-join-the-board-of-peace-by-june-30-128
trump-denmark-greenland-deal-signed-by-june-30-588,Trump-Denmark Greenland deal signed by June 30?,politics,nato|greenland|geopolitics|trump|denmark|politics,2026-06-30T00:00:00Z,40,2026-04-01T19:48:12.964549Z,1,1,10.74,13607.80,1620.42,3155.43,0.896,0,trump-denmark-greenland-deal-signed-by-june-30-588,0x9f9e646e76dc793f4847ea13f4358db6167b655646877a138cdff0ff48551fb4,"This market will resolve to “Yes” if both Denmark and the United States sign a deal, treaty, or similar international agreement of any kind relating to Greenland by June 30, 2026, 11:59 PM ET. Otherwise, this market will resolve to “No”. Any U.S.–Danish agreement relating to Greenland will qualify, ",https://polymarket.com/event/trump-denmark-greenland-deal-signed-by-june-30-588
will-another-country-recognize-somaliland-by-june-30,Will another country recognize Somaliland by June 30?,politics,politics|geopolitics|somaliland|somalia,2026-06-30T00:00:00Z,40,2026-04-01T19:45:52.247495Z,1,1,130.45,8555.63,3012.82,3971.52,0.934,0,will-another-country-recognize-somaliland-by-june-30,0x152535dc7d0e961cad58550089338ab78a93b5488bac0371f29a7ddaedb823f0,"On Friday, December 26th, Israel became the first country to recognize Somaliland as a sovereign state. You can read more about that here: https://www.reuters.com/world/middle-east/israel-recognises-somaliland-somalias-breakway-region-independent-state-2025-12-26/. This market will resolve to ""Yes"" ",https://polymarket.com/event/will-another-country-recognize-somaliland-by-june-30
who-will-trump-announce-as-next-ag,Who will Trump announce as next Attorney General by June 30?,politics,trump-cabinet|trump|pam-bondi|bondi|politics|attorney-general|zeldin|ag,2026-06-30T00:00:00Z,40,2026-04-02T18:30:43.039799Z,35,35,16634.22,814049.06,131430.05,80380.21,0.998,0,will-donald-trump-announce-lee-zeldin-as-the-next-united-states-attorney-general-by-june-30|will-donald-trump-announce-todd-blanche-as-the-next-united-states-attorney-general-by-june-30|will-donald-trump-announce-jeff-clark-as-the-next-united-states-attorney-general-by-june-30|will-donald-trump-announce-ken-paxton-as-the-next-united-states-attorney-general-by-june-30|will-donald-trump-announce-matt-gaetz-as-the-next-united-states-attorney-general-by-june-30|will-donald-trump-announce-ron-desantis-as-the-next-united-states-attorney-general-by-june-30|will-donald-trump-announce-jeanine-pirro-as-the-next-united-states-attorney-general-by-june-30|will-donald-trump-announce-mike-lee-as-the-next-united-states-attorney-general-by-june-30|will-donald-trump-announce-jay-clayton-as-the-next-united-states-attorney-general-by-june-30|will-donald-trump-announce-harmeet-dhillon-as-the-next-united-states-attorney-general-by-june-30|will-donald-trump-announce-ted-cruz-as-the-next-united-states-attorney-general-by-june-30|will-donald-trump-announce-eric-shmitt-as-the-next-united-states-attorney-general-by-june-30|will-donald-trump-announce-alina-habba-as-the-next-united-states-attorney-general-by-june-30|will-donald-trump-announce-sidney-powell-as-the-next-united-states-attorney-general-by-june-30|will-donald-trump-announce-person-h-as-the-next-united-states-attorney-general-by-june-30|will-donald-trump-announce-person-i-as-the-next-united-states-attorney-general-by-june-30-937-854|will-donald-trump-announce-person-j-as-the-next-united-states-attorney-general-by-june-30-324-593|will-donald-trump-announce-person-k-as-the-next-united-states-attorney-general-by-june-30-443-451|will-donald-trump-announce-person-l-as-the-next-united-states-attorney-general-by-june-30-347-211|will-donald-trump-announce-person-m-as-the-next-united-states-attorney-general-by-june-30-686-174|will-donald-trump-announce-person-n-as-the-next-united-states-attorney-general-by-june-30-395-592|will-donald-trump-announce-person-o-as-the-next-united-states-attorney-general-by-june-30-759-423|will-donald-trump-announce-person-p-as-the-next-united-states-attorney-general-by-june-30-562-285|will-donald-trump-announce-person-q-as-the-next-united-states-attorney-general-by-june-30-738-865|will-donald-trump-announce-person-r-as-the-next-united-states-attorney-general-by-june-30-639-441|will-donald-trump-announce-person-s-as-the-next-united-states-attorney-general-by-june-30-622-875|will-donald-trump-announce-person-t-as-the-next-united-states-attorney-general-by-june-30-377-778|will-donald-trump-announce-person-u-as-the-next-united-states-attorney-general-by-june-30-243-224|will-donald-trump-announce-person-v-as-the-next-united-states-attorney-general-by-june-30-644-861|will-donald-trump-announce-person-w-as-the-next-united-states-attorney-general-by-june-30-572-348|will-donald-trump-announce-person-x-as-the-next-united-states-attorney-general-by-june-30-666-586|will-donald-trump-announce-person-y-as-the-next-united-states-attorney-general-by-june-30-134-317|will-donald-trump-announce-person-z-as-the-next-united-states-attorney-general-by-june-30-969-542|will-donald-trump-announce-someone-else-as-the-next-united-states-attorney-general-by-june-30-761-448|will-donald-trump-not-announce-a-next-united-states-attorney-general-by-june-30-541,0x9157c83fc048cf87d5c5d982477d248f3b38e94616fa93ea653ed4c97caae33a|0x788c96ce70ff9d8b3a78b4443d5107429d69a658ec956b1db45689771b54c329|0xfe84318189134c3c1a9620e1fa667b7494d9d6b5e6124ff9331f9100457ce06c|0x1ddbcffcccc0c7368f1ada455a8238041d6f9c3c1d3e4d1c2031b59cbc99dd64|0x5135c1c02d5c9f3015e75a0c44eaed7906db91a5537dbf4bae2a2b131289b771|0xf14b5367028549f930b0db0f4efc22a5d8611a3518e98e52dae23679dd394d69|0x17830414fdfe2ac9d11eda8c7e9cce22bac568b3c80684927e0a91649e51a4af|0x653201afe98bb670f4b723a50c7fb4e4f0a807e78880385ad56567d777401ded|0xaa42b41c17787b8a5cd774854719439fbc70d46d81d9d089e48f81f8b340292a|0x0f0f98af5e535e0e02ad10c7f72ce887ce8fdc8f8a4461fcf106530099be08e0|0x02a6e004f25816af748a8a047815397d39e391ab8e9ab255541b24b39d017fee|0x859ce213e5f5606d1da6c709a9aad9372ba0ece9bc8a95a7c044400161c49920|0x5e431ada374a909fb6e60be877c25e8fe3218c21bbe01a8d42bde9d9a416e27a|0xd38485b498f8e46df2a960187bcae1db189f3e7484853caa12081bb37856f7b2|0x40a5ffb9dcef08dbadfc917aebadae3d13717ee2c247e546dfff11f2e238d64d|0x779b16fad4d99e908b32b9e6f55b28e328b049d486248d2404506d444c784ec1|0x7a38bac3c4e7949bd76e267e98a3f211f956df4924cf5e2ea5483e224dd5b75d|0xde20ff53859b754524bfd81091c8db815c87fcb04c93fd0ac02ac845a66ecda8|0x659ab211aa49c831d8e7cea28291d0515ade6387d6c23fd129898de2ae8c84e4|0x964530890bfcd0c212f7f3d2e7a9f08718f62cfe497cd4815eaed4a8121dcc51|0x73786c0357d22543f07659c9d8fc99bf875ec7ffe7a5f18d3621f3d99daede66|0xd8cd64deb4ce5a882bcfb75b4aca7d73452028cf3c2ecd8cfba6baeafd1bd07e|0xfde182b24e119fcb979805bee68e8af79ae08e52825ff5a2cbb1ffa46a112ef8|0x058d3dc7bd5b84e56fdc88254af95cce08a9d3b5b4567fc0659274c3c03c97c7|0x8b81cd19131713e7cc4a51a00319c540aee2276a5f4cf97d2aac39e60c046075|0xb4b65939bf41ce6386a4edfc397141a13666371d7388ea54d86e1913ad207599|0xb2f7ab843b71f330d82b77d3a2d21442ea76509b29cad7cbd036578eb4917a09|0xe4d24c61bf50e90ed19e4e21b743f3347243e42c0e43eb07c8dd0e3f7f8bbc72|0x6c2e9d6d46893a8af0bda04c2bcb681e85cdcd57ef416b61e23e7ebcb3f85b19|0x89ba349a488aaa09e5d6398bd5866e855fcfec232be56c3ac6cc82da14ccc4d3|0x4a512543f84f5dd5c23ecb9bd8ee9f7a005f5d8195fc325839b27b24dcff1977|0x3e825c5f603eb3a1f34556f5a9e8e8b10b04cd5999476e5a9b0bd2b545bf6442|0xf7d7c11ee3670650f00d24f1d25c31509d1fda82a22ba5e46282ae7d64ffaaee|0xffb58326e323ec8115ded6d2642ff0d88e24860287c77caa1b8f2857a7d0deda|0xc3fdb556a123e6545f0ac61ce6ce04793ea18ba83d5305596fac858ff8b9aa63,This market will resolve according to the first individual Donald Trump announces as his pick to be United States Attorney General. An announcement from Donald Trump or the Trump administration stating their intent to nominate a specific individual for United States Attorney General will suffice to ,https://polymarket.com/event/who-will-trump-announce-as-next-ag
will-trump-pardon-tiger-woods-by-june-30,Will Trump pardon Tiger Woods by June 30?,politics,pga|golf|tiger-woods|sports|politics,2026-06-30T00:00:00Z,40,2026-04-03T03:04:36.591402Z,1,1,5814.80,194053.07,15042.55,28407.17,0.804,11,will-trump-pardon-tiger-woods-by-june-30,0x7fd1fba1f81e6c97248fba1567da883afa6995e7b271204641b66adc6cf7143a,"This market will resolve to ""Yes"" if Tiger Woods receives a presidential pardon, commutation, or reprieve from Donald Trump by June 30, 2026, 11:59 PM ET. Otherwise, this market will resolve to ""No"". If it becomes impossible for Trump to issue a federal pardon, commutation, or reprieve within this m",https://polymarket.com/event/will-trump-pardon-tiger-woods-by-june-30
steve-bannon-exonerated-by-april-30,Steve Bannon exonerated by...?,politics,politics|scotus|contempt-of-congress|trump|courts,2026-06-30T00:00:00Z,40,2026-04-06T21:36:07.285686Z,2,1,0.00,28887.64,2616.00,3556.96,0.670,1,steve-bannon-exonerated-by-april-30|steve-bannon-exonerated-by-june-30,0xa82c5593dd142f3781232ec912036e92274ae5cb8c540ce643778ac20f36b420|0xedf3aa42045445f9707410a44ed2c37019dbe7d71e19a40733f0ca6829814dd0,"On April 6, 2026, the United States Supreme Court threw out an appellate ruling that had upheld Steve Bannon’s 2022 conviction on Contempt of Congress charges (see: https://apnews.com/article/supreme-court-capitol-riot-bannon-trump-4a4cf324096fc1bfed204d42b54d191e). This market will resolve to “Yes”",https://polymarket.com/event/steve-bannon-exonerated-by-april-30
pete-hegseth-impeached-by-june-30,Pete Hegseth impeached by June 30?,politics,politics,2026-06-30T00:00:00Z,40,2026-04-07T02:34:30.818833Z,1,1,0.00,156750.19,17475.73,20921.36,0.828,0,pete-hegseth-impeached-by-june-30,0xd31d1640ff9c4a019700b453fb075351c0786355e6b1a939a2112a23a4c57d9e,"This market will resolve to “Yes“ if the US House of Representatives, by simple majority vote, approves or passes one or more articles of impeachment of United States Secretary of War Pete Hegseth, between market creation and June 30, 2026 ET. Otherwise, this market will resolve to ""No"". Neither tri",https://polymarket.com/event/pete-hegseth-impeached-by-june-30
kanye-blocked-from-entering-another-country-by-june-30,Kanye blocked from entering another country by June 30?,politics,culture|wireless|kanye|kanye-west|wireless-festival|visa|politics|music|ye|celebrities,2026-06-30T00:00:00Z,40,2026-04-07T16:22:33.238526Z,1,1,20.00,5305.04,1561.92,912.76,0.925,0,kanye-blocked-from-entering-another-country-by-june-30,0xffb9f2082d5a6e94861d563e0dfe65f4b42a159ff632d6581bf8492ff59089ec,"This market will resolve to “Yes” if Kanye West is formally refused entry into the another country between market creation and June 30, 2026, 11:59 PM ET. Otherwise, this market will resolve to “No”. For the purposes of this market, “refused entry” refers to any formal action by the government of an",https://polymarket.com/event/kanye-blocked-from-entering-another-country-by-june-30
will-pam-bondi-be-held-in-contempt-of-congress-by-april-30,Will Pam Bondi be held in contempt of Congress by...?,politics,culture|bondi|politics|congress|epstein,2026-06-30T00:00:00Z,40,2026-04-08T22:08:36.357356Z,2,1,5.61,18038.68,4.29,64.14,0.130,0,will-pam-bondi-be-held-in-contempt-of-congress-by-april-30|will-pam-bondi-be-held-in-contempt-of-congress-by-june-30,0xbfc1a3326c705a1dd4abf7ade1f5093292231dd9bb0d8a791e6051af8883f21f|0x00a8f9e16e2a7beee81ebdd05a5cf3d1482c85ae672f9bb0da2d048c4ff1f1b0,"This market will resolve to “Yes” if Pam Bondi is held in contempt of Congress by April 30, 2026, 11:59 PM ET. Otherwise, this market will resolve to “No”. Pam Bondi will be considered to be held in contempt of Congress once a full chamber vote of the House of Representatives or Senate votes to appr",https://polymarket.com/event/will-pam-bondi-be-held-in-contempt-of-congress-by-april-30
will-us-crude-oil-reserves-fall-to-by-june-5,Will US crude oil reserves fall to __ by June 5?,politics,crude|iran|spr|economy|petroleum|oil|trump|politics|geopolitics,2026-06-30T00:00:00Z,40,2026-04-10T20:56:01.299641Z,6,5,2504.93,69195.03,23608.19,14817.90,1.000,0,will-us-crude-oil-reserves-fall-to-275m-by-june-5|will-us-crude-oil-reserves-fall-to-375m-by-june-5|will-us-crude-oil-reserves-fall-to-325m-by-june-5|will-us-crude-oil-reserves-fall-to-400m-by-june-5|will-us-crude-oil-reserves-fall-to-350m-by-june-5|will-us-crude-oil-reserves-fall-to-300m-by-june-5,0x2db76ff226e5eb35295c6b701ba939f911a8c69cab4b406dfb9ebe40da40844f|0xd5cfe69869eee679f5b750e0da0518b9d66156e200efa9407ddf25b18fee641f|0x718135d518c397ffca20bc77405eca43e439b8958c286149992dafe4f82dfcf7|0x3a2a3d711884decb36c816478e10f00f1be8bd40c31fde3de63dda4a693e9cbd|0x351b328835e3ff4d574ae836c9842a7dd72bad929d990098ce0976fb794fab9e|0x3157cfa44e8a866095918d7c383503aeb5faaa42e0d626281e98b1c6991aeab4,"This market will resolve to “Yes” if the U.S. Energy Information Administration publishes a weekly figure for U.S. Ending Stocks of Crude Oil in the Strategic Petroleum Reserve less than or equal to the specified value for any week ending on or before June 5, 2026. Otherwise, this market will resolv",https://polymarket.com/event/will-us-crude-oil-reserves-fall-to-by-june-5
trump-announces-us-blockade-of-hormuz-lifted-by,Trump announces US blockade of Hormuz lifted by...?,politics,strait-of-hormuz|geopolitics|trump|iran-ceasefire|politics|iran|u-s-x-iran|middle-east|hormuz,2026-06-30T00:00:00Z,40,2026-04-12T20:47:47.510974Z,13,3,382667.71,19164049.43,187845.78,1400509.26,1.000,455,will-donald-trump-announce-that-the-united-states-blockade-of-the-strait-of-hormuz-has-been-lifted-by-may-31-2026-313-388-459-589|will-donald-trump-announce-that-the-united-states-blockade-of-the-strait-of-hormuz-has-been-lifted-by-april-17-2026|will-donald-trump-announce-that-the-united-states-blockade-of-the-strait-of-hormuz-has-been-lifted-by-april-12-2026|will-donald-trump-announce-that-the-united-states-blockade-of-the-strait-of-hormuz-has-been-lifted-by-april-15-2026|will-donald-trump-announce-that-the-united-states-blockade-of-the-strait-of-hormuz-has-been-lifted-by-april-19-2026|will-donald-trump-announce-that-the-united-states-blockade-of-the-strait-of-hormuz-has-been-lifted-by-april-13-2026|will-donald-trump-announce-that-the-united-states-blockade-of-the-strait-of-hormuz-has-been-lifted-by-april-30-2026-731|will-donald-trump-announce-that-the-united-states-blockade-of-the-strait-of-hormuz-has-been-lifted-by-april-23-2026|will-donald-trump-announce-that-the-united-states-blockade-of-the-strait-of-hormuz-has-been-lifted-by-april-18-2026-229|will-donald-trump-announce-that-the-united-states-blockade-of-the-strait-of-hormuz-has-been-lifted-by-may-8-2026-522|will-donald-trump-announce-that-the-united-states-blockade-of-the-strait-of-hormuz-has-been-lifted-by-may-22-2026|will-donald-trump-announce-that-the-united-states-blockade-of-the-strait-of-hormuz-has-been-lifted-by-may-15-2026-154|will-donald-trump-announce-that-the-united-states-blockade-of-the-strait-of-hormuz-has-been-lifted-by-june-30-2026,0x8b369e10358094a99ffe7f85a81a8e8ca68c611eee0fe63a2efa790ad045bcd6|0x6d64853f670b85151d2441b2bdea142f2031b573947ab2887e82585546fdc7f4|0xd9989a6c8a514c9b4331c0fc7ee8b20020456a2a9a9bf978130dae29af12e236|0x531afb8dafa0c026464827a4d6c4260743f6d2908101ae43645d6513e6bc5438|0x3a9ef67522be6f0e4dcb97ac56e064efe6b14e54713ee2050418d311883c31ba|0x4eb9a4ee0945f88ab336c083f03de6d9da5aef11e7f88e33870a43f19b2288f7|0xe31a6c763685129123cb6a0f729bfce04b768c5a22cb09c5610406df1a302465|0xd839785e6d4e4fdd44ef0e90f315eecccde47578924491e6ae74499e9f62d29e|0x584e1e9471b6d392d161ba638403d6c25e0b687475027fa5add32f4a10f32afb|0xc0b2acd094ebce0630fa9b3e899eb90c6a77424ebf01f67baf12b843af35f719|0x22014d44b787385b7baddb2b9d56cdcf5904fd7783b83c28403962dd71e51a51|0x36f665053a7ca5c102f2db15cfc49b1b9f38fa820a5f2bb4bde87bf9fbd9a2ab|0x4d0c4865bdecc5f7971dbab47bb6c069d93909dec75bdff52fb766ae6094a6d6,"On April 12, 2026, President Donald Trump announced that the United States will blockade the Strait of Hormuz. You can read more about that here: https://www.nbcnews.com/world/iran/live-blog/live-updates-us-iran-fail-reach-deal-peace-talks-day-negotiations-rcna315918. This market will resolve to ""Ye",https://polymarket.com/event/trump-announces-us-blockade-of-hormuz-lifted-by
where-will-the-next-us-iran-diplomatic-meeting-happen-455,Where will the next US-Iran diplomatic meeting happen?,politics,politics|foreign-policy|u-s-x-iran|nuclear|geopolitics|iran|khamenei|iran-ceasefire|trump|nuclear-deal|israel-x-iran|vance|rewards-100-4-5-100,2026-06-30T00:00:00Z,40,2026-04-12T20:50:07.257699Z,19,19,60198.46,6778917.56,350934.98,208606.38,0.997,0,will-no-qualifying-diplomatic-us-iran-meeting-occur-by-june-30-2026-673|will-the-next-diplomatic-us-iran-meeting-be-in-oman-869|will-the-next-diplomatic-us-iran-meeting-be-in-switzerland-861|will-the-next-diplomatic-us-iran-meeting-be-in-another-country-367|will-the-next-diplomatic-us-iran-meeting-be-in-the-uae-638|will-the-next-diplomatic-us-iran-meeting-be-in-iran-484|will-the-next-diplomatic-us-iran-meeting-be-in-the-united-states-744|will-the-next-diplomatic-us-iran-meeting-be-in-egypt-743|will-the-next-diplomatic-us-iran-meeting-be-in-iraq-666|will-the-next-diplomatic-us-iran-meeting-be-in-another-middle-eastnorth-africa-country-844|will-the-next-diplomatic-us-iran-meeting-be-in-another-european-country-641|will-the-next-diplomatic-us-iran-meeting-be-in-saudi-arabia-846|will-the-next-diplomatic-us-iran-meeting-be-in-austria-512|will-the-next-diplomatic-us-iran-meeting-be-in-kazakhstan-356|will-the-next-diplomatic-us-iran-meeting-be-in-pakistan-295|will-the-next-diplomatic-us-iran-meeting-be-in-russia-252|will-the-next-diplomatic-us-iran-meeting-be-in-qatar-436|will-the-next-diplomatic-us-iran-meeting-be-in-turkey-583|will-the-next-diplomatic-us-iran-meeting-be-in-italy-332,0x189c38e8bf3733572f401f8d578099f7233baef3d5fcb438b4eeb0b73bacc787|0x026750b9545df1861e77a85eb5461e621955344738355a6c7fe69bc78510d5d6|0x291ff8aa0b7439389820e49584499d6dc65cf617dde1a47c4b84d05f42c85639|0xfec5144509bab2118c9c172a71a3705e269a61aca2ab1de20cb23f0e17200661|0xe24b9a3e9c3dbf6540d71a0a49dde378e2aa639241d93221f5a9109fd86ff3d0|0x30d6852a292eb101cc92a9eed7b2b7be612031f820c34228a2771bdc4343c9c4|0x991149c636b6756e36eb0af09200e7da254b07c488b708ef794f2595dc0b017b|0x2a903c12cade39c8cf0e348772644b657b6d6045c61295082dac8a9f717f5221|0x6967cb835a1ee6ec2b4e3a05ea32d91a10c6e72eeb50539018d0d7ec90305ada|0x4cb5cc8406ef25b58f86ae5157f7dd6fc9bb28171f748aa61dec606776090a45|0xd45b7c592c566c75d5ee5a225d4ed0e2c75c84f06dd28c9c458f2bbfb6dcb0d3|0x9e4b8175217a1423b682116f75e901ce695bdca6271bafed276879211267a098|0x061d30d493488624cb80cce362179251bd837ea6a0664ed4d7fd6a126ab8caa7|0xe9e2214285465e1d1fc3eaa2a3072c98346fd1dee8e6956768c5e41d4d0acd93|0x0f3062f421a43ab9af2f3dc9c3eef48e2aab38a4c9858aca7651947642c4c964|0xfa8eeaa9872ac4fbe207d4ff0f559b3a59a3dc0a5350f03b3ccc6e9af79039c4|0xc7373d242a34de5c184ffdc9707e7b179ea6aa8f8600686ca2ddecbdbec9457b|0x3a77d00f9f4a9a588a79d72a27cbdd07f8de96882b3d710badecd1b26e08764b|0x549491140b9b057ecbc6606b0a7e15e860ae16c9778e95751291bdc9c13bfaa9,"This market will resolve according to the country in which the next diplomatic meeting between government representatives of the United States and Iran takes place by June 30, 2026, 11:59 PM ET. A diplomatic meeting refers to a deliberate meeting between representatives of the listed countries who a",https://polymarket.com/event/where-will-the-next-us-iran-diplomatic-meeting-happen-455
who-will-attend-the-next-us-x-iran-diplomatic-meeting,Who will attend the next US x Iran diplomatic meeting?,politics,politics|vance|iran|u-s-x-iran|geopolitics|trump|kushner|iran-ceasefire|rubio|witkoff,2026-06-30T00:00:00Z,40,2026-04-14T23:30:32.699558Z,5,5,2336.79,1201157.83,57748.53,110463.45,1.000,69,will-donald-trump-attend-the-next-us-x-iran-diplomatic-meeting|will-jd-vance-attend-the-next-us-x-iran-diplomatic-meeting|will-steve-witkoff-attend-the-next-us-x-iran-diplomatic-meeting|will-marco-rubio-attend-the-next-us-x-iran-diplomatic-meeting|will-jared-kushner-attend-the-next-us-x-iran-diplomatic-meeting,0xbdb17bc42314c7879e6bde4a15136a9a0f16605f6e530462b9dad774d1e63d86|0x7e5228c4aa228752fb75ec1ffcb315a5f2fef812d746ceb6601cee285366d1a8|0x7e591fb31786d46761d906abbffbcec8eba519b649909bfb2d7833609a960782|0xa65e9c75c4ad990e97e598f4c279887da5d51e0dddb781fcca0691c1c2798d9e|0xf0abc9c2b0726ec594aa6547d121e46d5264d778f20acd00689d5c21b5e38d18,"This market will resolve to ""Yes"" if the listed individual attends the next diplomatic meeting between representatives of the United States and Iran by June 30, 2026, 11:59 PM ET. Otherwise, this market will resolve to “No”. A diplomatic meeting refers to a deliberate meeting between representatives",https://polymarket.com/event/who-will-attend-the-next-us-x-iran-diplomatic-meeting
tamas-sulyok-out-as-president-of-hungary-by-june-30,Tamas Sulyok out as President of Hungary by June 30?,politics,politics|orban|hungary|magyar,2026-06-30T00:00:00Z,40,2026-04-16T14:45:36.024364Z,1,1,35533.33,197247.98,25185.33,97133.25,1.000,50,tamas-sulyok-out-as-president-of-hungary-by-june-30,0x2af78d63305bbeeab287701eba943a587357b9c63086603cb85b15d8405e12a7,"This market will resolve to “Yes” if Tamas Sulyok ceases to be the President of Hungary for any period of time between market creation and June 30 (ET). Otherwise, this market will resolve to “No”. An announcement of Sulyok's resignation/removal before this market's end date will immediately resolve",https://polymarket.com/event/tamas-sulyok-out-as-president-of-hungary-by-june-30
ben-gvir-out-as-israeli-minister-of-national-security-by-june-30,Ben-Gvir out as Israeli Minister of National Security by June 30?,politics,politics|israel|geopolitics|netanyahu,2026-06-30T00:00:00Z,40,2026-04-16T14:49:13.943082Z,1,1,83.33,2712.15,2202.41,1418.36,0.846,5,ben-gvir-out-as-israeli-minister-of-national-security-by-june-30,0x2904043d429447f8ad21b313396942b838aef7a565f81592a2a13acb39499824,"This market will resolve to “Yes” if Itamar Ben-Gvir ceases to be the Israeli Minister of National Security for any period of time between market creation and June 30, 2026 (ET). Otherwise, this market will resolve to “No”. An announcement of Ben-Gvir's resignation/removal before this market's end d",https://polymarket.com/event/ben-gvir-out-as-israeli-minister-of-national-security-by-june-30
another-canadian-mp-crosses-the-floor-by,Another Canadian MP crosses the floor by...?,politics,politics|carney|liberals|canada|house-of-commons|conservatives|floor-crosser,2026-06-30T00:00:00Z,40,2026-04-16T14:57:20.702007Z,3,1,0.00,1868.48,664.45,166.38,0.888,1,will-another-canadian-mp-cross-the-floor-by-april-30-2026|will-another-canadian-mp-cross-the-floor-by-may-31-2026|will-another-canadian-mp-cross-the-floor-by-may-15-2026,0x7ea9843083582e83a7a07cee5c0463edacd05ee2c43b4b21e5ebf86015d43791|0xfc00acbeb4e7bad172e4e49cd0f0826f667d8b21e0f7475cce4712f8d5d95dff|0x7bf273783989265b3ccc75e35476eecbdf32fcb7e6e8132cfaeaaf7d636de36e,"This market will resolve to “Yes” if any sitting Member of Parliament (MP) in the Canadian House of Commons changes parties by the listed date, 11:59 PM ET. Otherwise, this market will resolve to “No”. “Changes parties” refers to an MP ceasing to be a member of one political party’s parliamentary ca",https://polymarket.com/event/another-canadian-mp-crosses-the-floor-by
jerome-powell-departs-as-fed-chair-by,Jerome Powell departs as Fed Chair by...?,politics,politics|trump|fed|jerome-powell|fed-rates|federal-reserve|fire|fed-chair,2026-06-30T00:00:00Z,40,2026-04-16T17:03:37.962911Z,4,2,17830.70,248004.83,51215.98,39962.16,0.803,20,will-jerome-powell-depart-as-fed-chair-by-may-16-2026|will-jerome-powell-depart-as-fed-chair-by-june-30-2026|will-jerome-powell-depart-as-fed-chair-by-may-31-2026|will-jerome-powell-depart-as-fed-chair-by-may-15-2026,0xc3ab3da4947427093f55255e93f5c2ee4ad49a50d75bc40f3a516c0c34237f01|0xca82ed3455cfbaa04e178c1830473bf2b9998710df719caa254937a9d374e161|0x891506111ddfbd8e9506abd1ee226d89544e75c2c3eebbbdb875347d9a0ffff3|0x0398cac23f5f391ee527cf8829b9b3f63581745f61ca46166233e78c3332abd7,"This market will resolve to “Yes” if Jerome Powell vacates his role as Chair of the Federal Reserve by the listed date, 11:59 PM ET. Otherwise, this market will resolve to “No”. Vacating his role refers to Powell actually ceasing to hold the position of Chair of the Federal Reserve Board of Governor",https://polymarket.com/event/jerome-powell-departs-as-fed-chair-by
no-confidence-vote-against-starmer-by-june-30,No-Confidence Vote against Starmer by June 30?,politics,politics|uk|starmer|united-kingdom|keir-starmer,2026-06-30T00:00:00Z,40,2026-04-21T18:57:11.423335Z,1,1,2020.16,33619.20,13425.51,11366.54,0.874,0,no-confidence-vote-against-starmer-by-june-30,0x6172c63f9c1653f3fb21fb6f51b94821111730fa9a46212b3150a82f1eb234f7,"This market will resolve to “Yes” if a motion of no-confidence against the sitting government is voted upon in the House of Commons of the United Kingdom by June 30, 2026, 11:59 PM ET. Otherwise, this market will resolve to “No”. This market will resolve based on whether a motion of no confidence is",https://polymarket.com/event/no-confidence-vote-against-starmer-by-june-30
will-ron-desantis-join-the-trump-administration-by-june-30,Will Ron DeSantis join the Trump administration by June 30?,politics,florida|trump-cabinet|politics|trump,2026-06-30T00:00:00Z,40,2026-04-21T19:49:25.935999Z,1,1,0.00,1192.18,9273.94,421.91,0.859,0,will-ron-desantis-join-the-trump-administration-by-june-30,0x6f183dc7f5a1f00e57f776df092b491a7c6a06fee6e5114267576415c3cf0b85,"This market will resolve to ""Yes"" if Donald Trump officially nominates or appoints Ron DeSantis to his administration between market creation and June 30, 2026, 11:59 PM ET. Otherwise, this market will resolve to ""No"". The Trump administration includes individuals formally appointed or nominated by ",https://polymarket.com/event/will-ron-desantis-join-the-trump-administration-by-june-30
us-takes-a-stake-in-spirit-airlines-by-may-31,US takes a stake in Spirit Airlines by May 31?,politics,trump|liquidate|politics|business|gov-shutdown|economy,2026-06-30T00:00:00Z,40,2026-04-21T20:59:53.795697Z,1,1,895.53,233030.99,9157.47,38464.48,0.805,9,us-takes-a-stake-in-spirit-airlines-by-may-31,0xd601b601aefef8a07136bf16bd72642827fa65bc14b1ad066cbe5c46987a4745,"This market will resolve to “Yes” if the U.S. federal government takes a stake in Spirit Airlines, or any of its parent or subsidiary companies, by May 31, 2026, 11:59 PM ET. Otherwise, this market will resolve to “No”. Takes a stake refers to the U.S. federal government acquiring direct equity owne",https://polymarket.com/event/us-takes-a-stake-in-spirit-airlines-by-may-31
trump-renames-ice-to-nice-by-june-30,Trump renames ICE to NICE by...?,politics,ice|politics|trump,2026-06-30T00:00:00Z,40,2026-04-27T16:32:07.523441Z,2,2,1123.75,167117.33,16782.07,18734.24,0.847,4,trump-renames-ice-to-nice-by-june-30|trump-renames-ice-to-nice-by-december-31,0x1ffe41da3681b949e203d16bf0fe8e095003ff52b1b65a34dc7bb7bca899fa22|0x660e5732754d03a62f717db5dbcdd65fca9866311da5d185f19f8ffb4bfa7f0b,"On April 27, 2026, White House Press Secretary Karoline Leavitt posted on X that President Donald J. Trump endorsed renaming Immigration and Customs Enforcement (ICE) to “NICE.” You can read more about that here: https://x.com/presssec/status/2048746343275938173?s=46. This market will resolve to “Ye",https://polymarket.com/event/trump-renames-ice-to-nice-by-june-30
will-eisenkot-join-the-bennett-lapid-alliance-by-june-30,Will Eisenkot join the Bennett-Lapid alliance by June 30?,politics,yair-lapid|israel|together|yashar|naftali-bennett|politics|gadi-eisenkot,2026-06-30T00:00:00Z,40,2026-04-28T23:12:36.101552Z,1,1,0.00,2267.12,5146.16,1038.67,0.894,2,will-eisenkot-join-the-bennett-lapid-alliance-by-june-30,0x3e27ac34b0d0b20191e4bf8fcc86951ca4f31592157cacacffbe266cc274a8b2,"This market will resolve to “Yes” if either of the following conditions is met by June 30, 2026, 11:59 PM ET. Otherwise, this market will resolve to “No”. 1) The Yashar party (""Yashar! With Eisenkot"") or the Together Party announce that the Yashar party will merge with, or contest the 2026 Israeli l",https://polymarket.com/event/will-eisenkot-join-the-bennett-lapid-alliance-by-june-30
james-comey-in-jail-by-june-30,James Comey in jail by June 30?,politics,trump|courts|politics|james-comey,2026-06-30T00:00:00Z,40,2026-04-29T23:58:18.307385Z,1,1,5.26,1387.33,9097.72,940.85,0.823,0,james-comey-in-jail-by-june-30,0x1759862b415c1a2a04a53f262083f65d376091b603727529f3737d6e1bcdd8e5,"This market will resolve to ""Yes"" if James Comey serves any time in a federal, state, or local U.S. jail or prison between market creation and June 30, 2026, 11:59 PM ET. Otherwise, this market will resolve to ""No"". The primary resolution source for this market will be official information from the ",https://polymarket.com/event/james-comey-in-jail-by-june-30
anthropics-supply-chain-risk-designation-removed-by,Anthropic’s “supply chain risk” designation removed by...?,politics,claude|mythos|tech|big-tech|ai|politics,2026-06-30T00:00:00Z,40,2026-04-30T19:30:46.891672Z,2,1,0.00,13474.32,1774.00,569.87,0.877,0,anthropics-supply-chain-risk-designation-removed-by-may-8|anthropics-supply-chain-risk-designation-removed-by-may-31,0xc3f932125cfa475df02c371208c9cb210e92fb0b8aea9420049667ed46634fe4|0xcb166e898bde26a4eea60b1d6f24c8dc95b9bdf7b29407c7d74fb186fada5b95,"On March 5, 2026, the U.S. Department of Defense (Pentagon) formally designated Anthropic as a supply chain risk to national security, effectively barring the Department of Defense and its contractors from collaborating with Anthropic. You can read more about that here: https://www.reuters.com/techn",https://polymarket.com/event/anthropics-supply-chain-risk-designation-removed-by
will-trump-visit-north-korea-by-june-30,Will Trump visit North Korea by June 30?,politics,north-korea|geopolitics|trump|politics,2026-06-30T00:00:00Z,40,2026-04-30T19:23:20.300062Z,1,1,57.00,20121.23,11462.77,6563.50,0.812,1,will-trump-visit-north-korea-by-june-30,0x0ec47e6c3df4735e16169f4058905059f795707ec7f771b5d1118fd4fdb6cb4f,"If Donald J. Trump visits North Korea by June 30, 2026, 11:59 PM ET, this market will resolve to ""Yes"". Otherwise, this market will resolve to ""No"". For the purpose of this market, a ""visit"" is defined as Trump physically entering the terrestrial or maritime territory of North Korea. Whether or not ",https://polymarket.com/event/will-trump-visit-north-korea-by-june-30
will-benny-gantz-join-the-bennett-lapid-alliance-by-june-30,Will Benny Gantz join the Bennett-Lapid alliance by June 30?,politics,israel|together|elections|politics|israel-election|blue-and-white,2026-06-30T00:00:00Z,40,2026-04-29T23:48:14.915432Z,1,1,346.23,2231.10,10098.89,1166.14,0.894,0,will-benny-gantz-join-the-bennett-lapid-alliance-by-june-30,0x8af1b7c630170aef605aa57f67cf4170f04c8c106e594b4cca5e0143842f4a7f,"This market will resolve to “Yes” if either of the following conditions is met by June 30, 2026, 11:59 PM ET. Otherwise, this market will resolve to “No”. 1. The Blue and White–National Unity Party or the Together Party announce that the Blue and White–National Unity party will merge with, or contes",https://polymarket.com/event/will-benny-gantz-join-the-bennett-lapid-alliance-by-june-30
another-iranian-diplomat-expelled-by-june-30,Another Iranian diplomat expelled by June 30?,politics,ambassador|iran|argentina|lebanon|geopolitics|politics,2026-06-30T00:00:00Z,40,2026-04-30T18:44:42.366795Z,1,1,211.57,8139.87,4106.26,2041.41,0.930,0,another-iranian-diplomat-expelled-by-june-30,0x7f960d900523fd31811d50d6779b2ab532c7f0216920721dbbc7e9c9e80ee748,"This market will resolve to “Yes” if any country expels an Iranian diplomat stationed in that country between market creation and June 30, 2026, 11:59 PM ET. Otherwise, this market will resolve to “No”. For the purposes of this market, “expel” refers to a formal action by the relevant country orderi",https://polymarket.com/event/another-iranian-diplomat-expelled-by-june-30
jd-vance-diplomatic-meeting-with-iran-by-876,JD Vance diplomatic meeting with Iran by...?,politics,iran|vance|trump|u-s-x-iran|politics|geopolitics|iran-ceasefire,2026-06-30T00:00:00Z,40,2026-05-01T22:24:05.610461Z,3,2,5778.42,135613.57,15237.31,23850.18,0.998,0,will-jd-vance-have-a-diplomatic-meeting-with-iran-by-may-15-2026|will-jd-vance-have-a-diplomatic-meeting-with-iran-by-june-30-2026|will-jd-vance-have-a-diplomatic-meeting-with-iran-by-may-31-2026,0x7baccbc042e675e1fe844f976443a6e8a9d3de5b3a18a4191e20288c566471f6|0xc45a4c5c01082f8c727add1be91ab92d6c4fb782dddc6ec0e92b7b992fa62202|0x0038d821cf7ab3b09bf186336c316028ea001ba3f7d7c7b55aa65d97e41189fd,"This market will resolve to ""Yes"" if there is a diplomatic meeting between JD Vance as representative of the United States and Iran by the listed date, 11:59 PM ET. Otherwise, this market will resolve to “No”. To qualify, JD Vance must be physically present at the meeting and actively participate as",https://polymarket.com/event/jd-vance-diplomatic-meeting-with-iran-by-876
sinaloa-gov-ruben-rocha-extradited-to-us-by,Sinaloa Gov. Ruben Rocha extradited to US by...?,politics,politics|cartel|mexico,2026-06-30T00:00:00Z,40,2026-04-30T19:26:40.778844Z,2,1,2270.88,233883.97,9233.41,25260.85,0.940,20,sinaloa-gov-ruben-rocha-extradited-to-us-by-june-30|sinaloa-gov-ruben-rocha-extradited-to-us-by-may-15,0x603b54737c0573fa3b0f9a808856f6147c0f122d0ddef59859287371312deb49|0xc7570cb6cfd6d61bb5fc02823ea795b508738424d7edd6c9f693b89f5e1fcc17,"This market will resolve to “Yes” if Rubén Rocha Moya is extradited to the United States between market creation and May 31, 2026, 11:59 PM ET. Otherwise, this market will resolve to “No”. “Extradited to the United States” means Rocha Moya is physically transferred to U.S. government custody pursuan",https://polymarket.com/event/sinaloa-gov-ruben-rocha-extradited-to-us-by
will-tucker-carlson-announce-presidential-run-by-june-30,Will Tucker Carlson announce Presidential run by June 30?,politics,tucker-carlson|trump|politics,2026-06-30T00:00:00Z,40,2026-05-01T22:28:39.459557Z,1,1,1.02,15886.19,15036.82,4733.23,0.814,0,will-tucker-carlson-announce-presidential-run-by-june-30,0x488793853f134d0a2589a57b34af4fe834e2730eaca2b22bf1c8fc061d2630e4,"This market will resolve to ""Yes"" if Tucker Carlson officially announces that he is running for U.S. President in the 2028 presidential election between market creation and June 30, 2026, 11:59 PM ET. Otherwise, this market will resolve to ""No"". For the purpose of resolving this market, an announcem",https://polymarket.com/event/will-tucker-carlson-announce-presidential-run-by-june-30
doj-reopens-powell-investigation-by,DOJ reopens Powell investigation by...?,politics,fed-chair|jerome-powell|trump|politics|fed|courts,2026-06-30T00:00:00Z,40,2026-05-04T02:02:32.401901Z,2,1,0.00,38361.28,13974.65,3638.86,0.817,0,doj-reopens-powell-investigation-by-may-15|doj-reopens-powell-investigation-by-june-30,0xab240d7ccb3f17b741221725229b1812a9732b5bc6af8454adb274474128dc7a|0xeaf7739a409df6c318d72ae693c7d560e75bb446066a6477882d8270a83ccaf0,"The United States Department of Justice recently opened, and later dropped, a criminal investigation into Federal Reserve Chair Jerome Powell over his handling of renovations to the Federal Reserve buildings. This market will resolve to “Yes” if the United States Department of Justice reopens this c",https://polymarket.com/event/doj-reopens-powell-investigation-by
fetterman-leaves-the-democrats-by-june-30,Fetterman leaves the Democrats by June 30?,politics,senate|politics|republicans|congress|john-fetterman|trump,2026-06-30T00:00:00Z,40,2026-05-04T19:18:27.707536Z,1,1,0.00,4483.92,11578.98,1926.07,0.841,0,fetterman-leaves-the-democrats-by-june-30,0x371cfdb78c42fb64fdef1169afe129e6fa9854fdfab9d7f0f6f750b068740468,"This market will resolve to “Yes” if John Fetterman officially announces that he is leaving, or formally leaves, the Democratic Party by the specified date, 11:59 PM ET. Otherwise, this market will resolve to “No”. Announcements from Fetterman that he will join the Republican Party, become an indepe",https://polymarket.com/event/fetterman-leaves-the-democrats-by-june-30
romanian-parliament-dissolved-by-july-31,Romanian parliament dissolved by July 31?,politics,politics|bolojan|romania,2026-06-30T00:00:00Z,40,2026-05-04T20:10:29.867418Z,1,1,259.88,56768.40,21987.84,10828.61,0.849,1,romanian-parliament-dissolved-by-july-31,0x403a2992ce3adb0df0af7054074191b5dffe20fbd3bdcd4b993224529f6d4e4b,"This market will resolve to ""Yes"" if the sitting Romanian Chamber of Deputies and Senate are dissolved by the specified date, 11:59 PM ET. Otherwise, this market will resolve to ""No"". The primary resolution source for this market is official information from the government of Romania, however a cons",https://polymarket.com/event/romanian-parliament-dissolved-by-july-31
will-the-next-prime-minister-of-romania-be-a-technocrat,Will the next Prime Minister of Romania be a technocrat?,politics,politics|elections|romania|global-elections,2026-06-30T00:00:00Z,40,2026-05-06T00:08:40.575059Z,1,1,25.35,5354.33,2249.78,1382.15,0.983,0,will-the-next-prime-minister-of-romania-be-a-technocrat,0x16c1157a08bbf33862df2285bac12e88e1b6c1d904a1095f2f4c8937251f138a,This market will resolve to “Yes” if the next officially appointed and confirmed Prime Minister of Romania was not a sitting member of the Romanian parliament at the time of their appointment as Prime Minister and does not represent or have a clear political affiliation with any Romanian political p,https://polymarket.com/event/will-the-next-prime-minister-of-romania-be-a-technocrat
andy-burnham-becomes-an-mp-by-june-30,Andy Burnham becomes an MP by June 30?,politics,united-kingdom|uk|politics|starmer,2026-06-30T00:00:00Z,40,2026-05-14T23:58:54.000607Z,1,1,2748.86,41732.83,15096.19,17385.94,0.986,4,andy-burnham-becomes-an-mp-by-june-30,0x36c602dc7d805c2d1fc931724693fe512f43110414a0cd455a7d8173d8e5546e,"This market will resolve to “Yes” if Andy Burnham officially assumes the position of Member of Parliament for any seat in the United Kingdom House of Commons by the specified date, 11:59 PM ET. Otherwise, this market will resolve to “No”. The primary resolution sources for this market will be offici",https://polymarket.com/event/andy-burnham-becomes-an-mp-by-june-30
nick-fuentes-arrested-by-june-30,Nick Fuentes arrested by June 30?,politics,politics|maga|courts|trump,2026-06-30T00:00:00Z,40,2026-05-15T20:30:57.927833Z,1,1,171.74,4310.11,37027.06,2152.39,0.814,3,nick-fuentes-arrested-by-june-30,0x7933903d0f2e33d3366ad8bcd8ab5c47bd3d88855662638b33cc2a242fb659da,"This market will resolve to ""Yes"" if Nick Fuentes is arrested or detained by law enforcement between the time of market creation and the specified date, 11:59 PM ET. Otherwise, this market will resolve to ""No"". Temporary holding at a detention facility while awaiting a judge’s decision on whether to",https://polymarket.com/event/nick-fuentes-arrested-by-june-30
us-anti-cartel-operation-outside-of-the-us-by-822,U.S. anti-cartel operation outside of the U.S. by...? ,politics,geopolitics|mexico|politics|trump,2026-06-30T00:00:00Z,40,2026-05-15T22:48:16.425945Z,2,2,549.16,11164.06,20282.79,2559.97,0.972,0,us-anti-cartel-operation-outside-of-the-us-by-june-30|us-anti-cartel-operation-outside-of-the-us-by-may-31,0x605c1bb246391281ad86d2c00586f00dc507488f402950eb3b1edf064e749822|0x77628bc96a4fdc275c93129edab312795a96f642af043f30a6944232c130b2ed,"This market will resolve to ""Yes"" if U.S. government personnel (military, DEA, CIA, or any other agency) directly participate on the ground in an anti-cartel operation or conduct a kinetic strike directed against a cartel on foreign soil by the specified date, 11:59 PM ET. Otherwise, this market wil",https://polymarket.com/event/us-anti-cartel-operation-outside-of-the-us-by-822
us-x-cuba-diplomatic-meeting-by-838,US x Cuba diplomatic meeting by...?,politics,trump|castro|geopolitics|politics|diaz-canel|cuba,2026-06-30T00:00:00Z,40,2026-05-15T22:48:16.961268Z,2,2,25887.02,74443.45,25988.44,19714.19,0.984,4,us-x-cuba-diplomatic-meeting-by-june-30|us-x-cuba-diplomatic-meeting-by-may-31,0x40ae35803cf80ab53122ea000eae8c690df0376366b527f77071b3f9a38f8133|0xf6a7f2cc60e471e6324ab27237af4a2b67d1ea142d16501efc0014cf88e9e209,"This market will resolve to ""Yes"" if there is a diplomatic meeting between representatives of the United States and Cuba by the listed date, 11:59 PM ET. Otherwise, this market will resolve to “No”. A diplomatic meeting refers to a deliberate meeting between representatives of the listed countries w",https://polymarket.com/event/us-x-cuba-diplomatic-meeting-by-838
trump-talks-to-cuba-leader-diaz-canel-by-june-30,Trump talks to Cuba leader Diaz-Canel by June 30?,politics,politics|cuba|trump,2026-06-30T00:00:00Z,40,2026-05-15T22:48:18.704975Z,1,1,156.24,3104.34,12554.69,2268.57,0.888,0,trump-talks-to-cuba-leader-diaz-canel-by-june-30,0x8e999a71674bdf03604ffff9be217b1ec7fe73becf0e7c050bdfd2726f6f402a,"This market will resolve to ""Yes"" if Miguel Diaz-Canel talks with Donald Trump between market creation and June 30, 2026, 11:59 PM ET. Otherwise, it will resolve to ""No"". A talk is defined as any interaction between Migueal Diaz-Canel and Donald Trump, occurring either in person or through verbal co",https://polymarket.com/event/trump-talks-to-cuba-leader-diaz-canel-by-june-30
us-announces-cuba-oil-sanction-relief-by-june-30,US announces Cuba oil sanction relief by June 30?,politics,politics|trump|canel|cuba|diaz|oil,2026-06-30T00:00:00Z,40,2026-05-16T00:10:54.52454Z,1,1,944.89,3432.23,13570.95,2773.81,0.899,0,us-announces-cuba-oil-sanction-relief-by-june-30,0x29622357277151027e86fdb78bf95a87b87805050b089606762f7e12578a4cc8,"This market will resolve to “Yes” if Donald Trump or the United States federal government officially announces any reduction, suspension, removal, or similar relief for U.S. sanctions related to the sale or transport of oil, fuel or other petroleum products to Cuba between market creation and the sp",https://polymarket.com/event/us-announces-cuba-oil-sanction-relief-by-june-30
ex-cuba-leader-raul-castro-in-us-custody-by-june-30,Ex-Cuba leader Raul Castro in US custody by June 30?,politics,politics|cuba|trump|geopolitics|diaz-canel,2026-06-30T00:00:00Z,40,2026-05-18T14:16:29.832888Z,1,1,35825.62,44162.99,24176.78,13085.75,0.859,0,ex-cuba-leader-raul-castro-in-us-custody-by-june-30,0x5402e80909b4c38c8232b6887e6ac991c7e299a64b64751b82bdd922c3e424f2,"This market will resolve to “Yes” if Raul Castro is taken into U.S. government custody at any point by June 30, 2026, 11:59 PM ET. Otherwise, this market will resolve to “No”. Raul Castro will be considered taken into U.S. government custody if U.S. government personnel (including military, CIA, per",https://polymarket.com/event/ex-cuba-leader-raul-castro-in-us-custody-by-june-30
cuba-leader-miguel-diaz-canel-in-us-custody-by-june-30,Cuba leader Miguel Diaz-Canel in US custody by June 30?,politics,politics|trump|cuba|geopolitics,2026-06-30T00:00:00Z,40,2026-05-18T14:16:24.431039Z,1,1,849.38,1286.34,14377.20,1052.11,0.832,0,cuba-leader-miguel-diaz-canel-in-us-custody-by-june-30,0x556ed1bd68b90391ba6aba834f61af5048c556fbfbfe81b9cef317fe81f04717,"This market will resolve to “Yes” if Miguel Díaz-Canel is taken into U.S. government custody at any point by June 30, 2026, 11:59 PM ET. Otherwise, this market will resolve to “No”. Miguel Díaz-Canel will be considered taken into U.S. government custody if U.S. government personnel (including milita",https://polymarket.com/event/cuba-leader-miguel-diaz-canel-in-us-custody-by-june-30
us-lifts-iran-ofac-sanctions-by,US lifts Iran OFAC sanctions by...?,politics,politics|geopolitics|china|iran|trump|middle-east,2026-06-30T00:00:00Z,40,2026-05-19T17:18:21.956802Z,2,2,1832.96,1832.96,13067.85,717.73,0.943,0,will-the-us-lift-direct-iran-ofac-sanctions-by-june-30-2026|will-the-us-lift-direct-iran-ofac-sanctions-by-may-31-2026,0x4366ce763418056042fff7c3eb7b49b01d64acbb8d67664de963ce87bbd233c3|0xaa186ae56bf14e2d7832b894120b12196390648e69e85ade0bfa25dba707ad75,"This market will resolve to ""Yes"" if the United States government officially suspends, waives, lifts, removes, or materially eases any existing direct OFAC sanctions on Iran between market creation and the specified date, 11:59 PM ET. Otherwise, this market will resolve to ""No."" Sanctions could incl",https://polymarket.com/event/us-lifts-iran-ofac-sanctions-by
will-jos-luis-rodrguez-zapatero-be-arrested-by-june-30,Will José Luis Rodríguez Zapatero be arrested by June 30?,politics,politics|jos-luis-rodr-guez-zapatero|spain|zapatero,2026-06-30T00:00:00Z,40,2026-05-19T20:49:58.335917Z,1,1,2520.63,2520.63,19864.20,2393.64,0.859,3,will-jos-luis-rodrguez-zapatero-be-arrested-by-june-30,0xb8a4f22f360b7d81e2c7b7f874696552d5999d25b130c5f424243cf8e6918b3c,"This market will resolve to ""Yes"" if the listed individual is arrested by June 30, 2026, 11:59 PM ET. Otherwise, this market will resolve to ""No"". A qualifying arrest/detention includes: * Being taken into physical custody by law enforcement authorities (including federal, state, local, military, or",https://polymarket.com/event/will-jos-luis-rodrguez-zapatero-be-arrested-by-june-30
macron-out-in-2025,Macron out by...?,politics,france|politics|macron|world|2025-predictions|resign,2026-06-30T12:00:00Z,41,2025-01-03T19:35:04.095066Z,3,1,59.05,1973779.12,102531.59,90378.36,0.806,94,macron-out-in-2025-834|macron-out-by-june-30-2026-273|macron-out-by-october-31-2025,0x6301809524e73edb9ab1bd180101ae6d9588ba78075a64c479f334a6d2a12975|0xda5c517dd5b78c80dec8ceb08ca4f466317633487827d7290332b4851cc4a4fa|0xdc7ff8e7d1bf22e6b9f372b3122bf553ed7bfedebc500e76e61aab35d9ebdb8e,"This market will resolve to ""Yes"" if Emmanuel Macron ceases to be President of France for any length of time between January 2 and December 31, 2025, 11:59 PM ET (inclusive). Otherwise, this market will resolve to ""No"". If Macron departs from office before the expiry date, the market should resolve ",https://polymarket.com/event/macron-out-in-2025
will-a-new-country-join-the-abraham-accords-by-june-30,Will a new country join the Abraham Accords by June 30?,politics,israel|politics|gaza|middle-east,2026-06-30T12:00:00Z,41,2026-04-01T18:08:25.08384Z,1,1,0.00,24880.09,3598.77,2936.04,0.868,0,will-a-new-country-join-the-abraham-accords-by-june-30,0xa60ef8a034ca2a3bfced1406e7f4a722774eba385352fff3a3191985b0833dc8,"This market will resolve to ""Yes"" if any country not already a part of the Abraham Accords formally signs a normalization agreement with Israel under the framework of the Abraham Accords by June 30, 2026, 11:59 PM ET. Otherwise, this market will resolve to ""No"". A formal signing refers to an officia",https://polymarket.com/event/will-a-new-country-join-the-abraham-accords-by-june-30
will-hamaz-disarm-by-december-31,Will Hamas agree to disarm by...?,politics,gaza|geopolitics|politics|global|foreign-policy|israel,2026-06-30T20:00:00Z,41,2025-07-30T18:42:20.157735Z,5,1,3135.84,1723394.33,14974.39,45029.72,0.847,159,will-hamaz-disarm-by-december-31-858|will-hamas-agree-to-disarm-by-november-30-365|will-hamas-agree-to-disarm-by-march-31-966|will-hamas-agree-to-disarm-by-june-30|will-hamas-agree-to-disarm-by-february-28,0x11db077700a35d7415b6198c5e5a53adcf1db1819a09831f7eaf148f88243c40|0xe253dbce3e4c4b635ff1986ad354cf5a138f34471f09b009884b0ff332235423|0x48d65cfb64a9351ff56ca2377041f9bf558ae4755991080694b254a64917345b|0x2cd4df599867b14e835436e67e524cd04bbd67eaa6454c07b294d9dd0470e6b7|0xc00af5f1dddbf5b3d97d941eaf7c9515ecd3503ef64644b347e379abe768d046,"This market will resolve to ""Yes"" if Hamas officially announces it will disarm in the Gaza Strip by December 31, 2025, 11:59 PM ET. Otherwise, this market will resolve to ""No"". Only credible announcements, for example by the widely acknowledged leadership of Hamas, will qualify. For the purposes of ",https://polymarket.com/event/will-hamaz-disarm-by-december-31
us-recognize-somaliland-in-2025-737,US recognize Somaliland by...?,politics,geopolitics|politics|world,2026-06-30T22:00:00Z,41,2025-07-03T20:37:16.923963Z,2,1,10.18,11537.23,2125.02,458.91,0.846,2,us-recognize-somaliland-in-2025-737|us-recognize-somaliland-by-june-30-2026,0x88f258df4351bca6389cb6fb57eb8cb8a85c8f49bfc3670395cc62ebdcc37b21|0xef771dfb0c0d08fe8814cf38109285e0defdd15590b8fdba8e4bb4fcf7053bc9,"This market will resolve to ""Yes"" if the U.S. government formally recognizes Somaliland as an independent state by December 31, 2025, 11:59 PM ET. Otherwise, this market will resolve to ""No."" An announcement of intentions will not suffice to resolve this market to ""Yes."" Only the U.S. government's f",https://polymarket.com/event/us-recognize-somaliland-in-2025-737
rodrigo-paz-out-as-president-of-bolivia-by,Rodrigo Paz out as President of Bolivia by...?,politics,bolivia|mas|politics|movimiento-al-socialismo,2026-07-01T00:00:00Z,41,2026-05-20T03:28:21.002361Z,2,2,2532.83,2532.83,26314.54,1139.81,0.877,5,rodrigo-paz-out-as-president-of-bolivia-by-june-30-2026|rodrigo-paz-out-as-president-of-bolivia-by-may-31-2026,0xe601a94acd76d756a2f6a984d28db271942290f0c485d6225771bffdb18cb9d5|0x61417e38588f9458c82155a13f8db6c9a95afd9a77fabe499e5630ff5f032837,"This market will resolve to ""Yes"" if Rodrigo Paz ceases to be President of Bolivia for any period of time between market creation and the specified date, 11:59 PM ET. Otherwise, this market will resolve to ""No"". An announcement of Rodrigo Paz's resignation/removal before this market's end date will ",https://polymarket.com/event/rodrigo-paz-out-as-president-of-bolivia-by
when-will-jerome-powell-depart-as-fed-chair,When will Jerome Powell depart as Fed Chair?,politics,jerome-powell|politics|fed|trump|fed-rates|fire|fed-chair,2026-07-03T00:00:00Z,43,2026-04-16T15:23:05.293293Z,9,8,8786.11,274819.72,81606.27,53352.38,0.819,6,will-jerome-powell-depart-as-fed-chair-between-may-15-and-may-22|will-jerome-powell-depart-as-fed-chair-between-may-30-and-june-5|will-jerome-powell-depart-as-fed-chair-between-june-13-and-june-19|will-jerome-powell-depart-as-fed-chair-between-june-27-and-july-3|will-jerome-powell-depart-as-fed-chair-before-may-15|will-jerome-powell-depart-as-fed-chair-between-may-23-and-may-29|will-jerome-powell-depart-as-fed-chair-between-june-6-and-june-12|will-jerome-powell-depart-as-fed-chair-between-june-20-and-june-26|will-jerome-powell-depart-as-fed-chair-after-july-3,0x0ebc73f34cfd4f159c1da12f7ba118d799b98c2d39d84cbfd6aea919c1c992db|0x52e72157ae3c0e3317a16ac8946f8c62e79b03f065e64092b6b571462bca79ae|0x756c498b8ac17cc4eedf071afce8c4dfc5659d9969fe0d39845259e6f1a4534a|0x6828a7c6e1188925d86c1e0b9e4b27792a5e31f4be65c9d254bb2f64b119fd91|0x1e7379ed931293b7c1097515b7161b05904d8d8fe27e2cfd0ebf99a3e4abcd43|0xe80aef607cac404d4150766ed4747e7bf6327db3c3be2430181abde5c65a7cbf|0x6d028d9a8bc86f6a9298a1bdff5f5a6b3e6d247ca8143361ea658af98dda969c|0x02ebd1033374569f985ae1738c461e27a721e78f6657503f7a49e413be033761|0x544d3ca7b961f58a2878915fa51f310e2bab7fe9a01fe7f10e364a49f2e99e8f,This market will resolve according to the listed date range during which Jerome Powell vacates his role as Chair of the Federal Reserve Board of Governors. Vacating his role refers to Powell actually ceasing to hold the position of Chair of the Federal Reserve Board of Governors. Announcements of Po,https://polymarket.com/event/when-will-jerome-powell-depart-as-fed-chair
trumps-face-on-us-gold-coin-by-july-4,Trump's face on US gold coin by July 4?,politics,politics|trump|commemorative|golden,2026-07-04T00:00:00Z,44,2026-03-20T21:08:31.147251Z,1,1,395.30,17778.52,4667.94,4052.25,0.994,3,trumps-face-on-us-gold-coin-by-july-4,0xec5b32436cfd25152336963ea48d49a64448cec695583355c74e8cded2542ee9,"This market will resolve to “Yes” if any gold coin featuring Donald Trump’s likeness is officially issued by the U.S. Mint by July 4th, 2026, 11:59 PM ET. Otherwise, this market will resolve to “No”. A coin will be considered “officially issued” if the U.S. Mint makes it available for any form of pu",https://polymarket.com/event/trumps-face-on-us-gold-coin-by-july-4
will-trump-attend-nato-summit-279,Will Trump attend NATO Summit?,politics,nato|trump|iran|politics|geopolitics,2026-07-08T00:00:00Z,48,2026-04-07T20:34:06.320507Z,1,1,18.21,10384.47,21695.73,6763.98,0.985,2,will-trump-attend-nato-summit-279,0x71ee9c148f0e2b386ba959aca5954c5e6c428695bf1a5fca0af9194f40487758,"This market will resolve to ""Yes"" if Donald Trump attends the NATO Summit event scheduled for July 7, 2026 – July 8, 2026 in Ankara, Türkiye. Otherwise, this market will resolve to ""No"". If the event is canceled or postponed beyond August 30, 2026, 11:59 PM ET, this market will resolve to ""No"". Atte",https://polymarket.com/event/will-trump-attend-nato-summit-279
will-hunter-biden-announce-a-delaware-senate-run-by-july-14,Will Hunter Biden announce a Delaware Senate run by July 14?,politics,hunter-biden|delaware|announcements|politics|senate,2026-07-14T00:00:00Z,54,2026-05-19T20:49:58.571817Z,1,1,1403.96,1403.96,14869.39,1148.27,0.841,1,will-hunter-biden-announce-a-delaware-senate-run-by-july-14,0xe898bef41657761a10a19810aded573eff23ce7a8e88b74d9c1d1ceec2fec7d6,"This market will resolve to ""Yes"" if Hunter Biden announces that he will run for US Senator from Delaware by July 14, 2026, 11:59 PM ET. Otherwise, this market will resolve to ""No"". A qualifying announcement will suffice to resolve this market, regardless of whether the specified individual does or ",https://polymarket.com/event/will-hunter-biden-announce-a-delaware-senate-run-by-july-14
will-russia-enter-orikhiv-by-december-31,Will Russia enter Orikhiv by...?,politics,politics|ukraine|ukraine-map|geopolitics,2026-07-31T00:00:00Z,71,2025-11-21T22:30:50.238216Z,6,3,99.65,282946.30,14034.62,27601.99,0.917,21,will-russia-enter-orikhiv-by-december-31|will-russia-enter-orikhiv-by-march-31|will-russia-enter-orikhiv-by-january-31|will-russia-enter-orikhiv-by-june-30|will-russia-enter-orikhiv-by-may-31|will-russia-enter-orikhiv-by-july-31,0xaa345aaeb75306ba5516faa3bb6d346bb878a278110b54786419913e773ce7e1|0x829c1cf16943d85120a4aeb8b40e5984f20c8ff8c58c8c283a8f7c8e609de6bb|0xd3397c7832b5e777f01db851c1450e6f875da101048c4070ff519b616a4db4ce|0x208a4b23ae06cc9835815525d6b320d967194feac920693a7bd52b8ff2950610|0x8d5307555c207515de7f9a5f13cc628814fff5bb5fcea270a9c6caa392565612|0xe271ffb9e706a4e589437ffda8dd59b5ed53d98a31e5203698aa62c83b999e0a,"This market will resolve to “Yes” if, according to the ISW map, Russia captures any territory of Orikhiv by December 31, 2025, at 11:59 PM ET. Territory will be considered captured if any part of Orikhiv is shaded under a below specified layer on the ISW map (https://storymaps.arcgis.com/stories/36a",https://polymarket.com/event/will-russia-enter-orikhiv-by-december-31
netanyahu-drops-out-of-israel-election-by-july-31,Netanyahu drops out of Israel election by July 31?,politics,israel-election|netanyahu|israel|likud|politics,2026-07-31T00:00:00Z,71,2026-04-30T00:08:06.597194Z,1,1,418.03,21946.03,10715.15,11175.25,0.877,2,netanyahu-drops-out-of-israel-election-by-july-31,0x54340f047993498875e98e36447577fffa83a23de09b613ab7b2e98bbb7b41dc,"Legislative elections are expected to be held in Israel on October 27, 2026. This market will resolve to “Yes” if Benjamin Netanyahu announces that he will not run for reelection to the Israeli Knesset in this election by July 31, 2026, 11:59 PM ET. Otherwise, this market will resolve to “No”. Only ",https://polymarket.com/event/netanyahu-drops-out-of-israel-election-by-july-31
us-issues-passport-with-trumps-face-on-it-by-july-31,U.S. issues passport with Trump's face on it by July 31?,politics,trump|passport|politics,2026-07-31T00:00:00Z,71,2026-04-28T23:16:42.664294Z,1,1,217.44,9421.88,19669.72,3961.03,0.969,0,us-issues-passport-with-trumps-face-on-it-by-july-31,0xf461f2ca1c982950ac5af660f9c6cd52e08c135f546bc659fa2851aa1c0b6db0,"This market will resolve to “Yes” if any United States passports containing images or representations of Donald Trump’s face are issued by the United States government by July 31, 2026, 11:59 PM ET. Otherwise, this market will resolve to “No”. The passports must actually be issued to U.S. citizens. ",https://polymarket.com/event/us-issues-passport-with-trumps-face-on-it-by-july-31
strait-of-hormuz-traffic-returns-to-normal-by-july-31,Strait of Hormuz traffic returns to normal by July 31?,politics,strait-of-hormuz|economy|iran-ceasefire|politics|u-s-x-iran|ships|iran|oil|geopolitics,2026-07-31T00:00:00Z,71,2026-05-11T13:18:59.35426Z,1,1,137591.24,508820.23,104744.87,224617.65,1.000,0,strait-of-hormuz-traffic-returns-to-normal-by-july-31,0xb8e6d129a06d0ccb21d7b32eb529ea455eddba3cf29bfa097112202cbdf5bf21,"This market will resolve to “Yes” if IMF Portwatch publishes a 7-day moving average of transit calls (“Arrivals of Ships”) for the Strait of Hormuz equal to or above 60 for any date between market creation and July 31, 2026. Otherwise, this market will resolve to “No”. Daily transit calls include co",https://polymarket.com/event/strait-of-hormuz-traffic-returns-to-normal-by-july-31
what-will-happen-before-gta-vi,What will happen before GTA VI?,politics,culture|all|politics|gta-vi,2026-07-31T12:00:00Z,72,2025-05-02T15:48:25.262673Z,9,7,128535.04,22135139.66,654631.78,739019.56,1.000,863,russia-ukraine-ceasefire-before-gta-vi-554|new-rhianna-album-before-gta-vi-926|new-playboi-carti-album-before-gta-vi-421|will-jesus-christ-return-before-gta-vi-665|trump-out-as-president-before-gta-vi-846|will-china-invades-taiwan-before-gta-vi-716|will-bitcoin-hit-1m-before-gta-vi-872|will-gpt-6-be-released|will-drake-release-iceman-before-gta-vi,0x9c1a953fe92c8357f1b646ba25d983aa83e90c525992db14fb726fa895cb5763|0x1fad72fae204143ff1c3035e99e7c0f65ea8d5cd9bd1070987bd1a3316f772be|0x50ddb9cd80d5c271664a2ebb7fcaed1d0a148d82c8e8d314d830f75a944c3dcc|0x32b09f6390252b37d674501527e709016d55581b2c1e544bd4b8167f5f732f4c|0x84f8b70331323c2fba97d7ceaa9a35fb645a0770d0dbff169d07f24f376766e9|0x7b49b9bacb5f435bc10f3b100ff59e2fdd346f7f92a9001881bc9825a0af0f11|0xbb57ccf5853a85487bc3d83d04d669310d28c6c810758953b9d9b91d1aee89d2|0x0ea8005efbc460378340a2f28a6d97b0d1d9d9d7fba4d16f529b8a415dca77a2|0xc829edf5ca6961e441c266546064b629c29a9313694689c0768db92810db62ff,This is a market on predicting events that will occur before the release of Grand Theft Auto VI.,https://polymarket.com/event/what-will-happen-before-gta-vi
scotus-bars-counting-mail-ballots-after-election-day,SCOTUS bars counting mail ballots after election day?,politics,politics|watson-v-republican-national-committe|supreme-court|vote-counting|courts|elections,2026-08-01T00:00:00Z,72,2026-03-24T23:37:40.034795Z,1,1,86.18,39474.85,5748.15,7687.36,0.954,0,scotus-bars-counting-mail-ballots-after-election-day,0xd73237bb27cdc455578e9a0788c358bd79609d394f43a270bde10cde4788105f,"This market will resolve to “Yes” if the United States Supreme Court, in Watson v. Republican National Committee, rules that the federal election-day statutes preempt a state law that allows ballots cast by federal Election Day to be received and counted after election day, by August 1, 2026, 11:59 ",https://polymarket.com/event/scotus-bars-counting-mail-ballots-after-election-day
will-the-workers-party-nominate-lula-for-president-of-brazil-by-august-15,Will the Workers' Party nominate Lula for President of Brazil by August 15?,politics,brazil|politics|lula|elections|global-elections,2026-08-15T06:00:00Z,87,2026-04-17T22:32:04.523148Z,1,1,839.75,12577.42,13538.56,8286.95,0.899,1,will-the-workers-party-nominate-lula-for-president-of-brazil-by-august-15,0x35fc6fb38021d969a3e0987a7eb51517acfc3b1a3faf3ebfd31afc3874a876d7,"The 2026 Brazil presidential election is currently scheduled to be held on October 4, 2026. Political parties must file candidate registration applications with the Superior Electoral Court (Tribunal Superior Eleitoral, TSE) for the 2026 Brazil presidential election by August 15, 2026, 7:00 PM Brasí",https://polymarket.com/event/will-the-workers-party-nominate-lula-for-president-of-brazil-by-august-15
haiti-elections-delayed-again,Haiti elections delayed again?,politics,haiti|global-elections|elections|politics,2026-08-30T00:00:00Z,101,2026-03-27T18:10:31.112106Z,1,1,0.00,6064.13,1331.86,21.41,0.660,1,haiti-elections-delayed-again,0x664b1941e457e7446ca3c54398cc548e92a4a220ab3904a44432221a6b2b7a62,"After earlier delays, the first round of the 2026 Haitian legislative and presidential elections is currently scheduled to be held on August 30, 2026, with a potential second round set for December 6, 2026. This market will resolve to ""Yes"" if the first round of voting for the presidency or the nati",https://polymarket.com/event/haiti-elections-delayed-again
kristi-noem-divorce-by-august-31,Kristi Noem divorce by August 31?,politics,politics|dhs|trump|culture|ice|noem,2026-08-31T00:00:00Z,102,2026-03-31T21:55:41.744529Z,1,1,14.99,1944.23,676.28,1411.52,0.467,0,kristi-noem-divorce-by-august-31,0x52683ca49ff7de707d89b6c992e58f93dd155e0bcb092a4c3a17f08e6bed07b5,"This market will resolve to ""Yes"" if Kristi Noem and/or her spouse announce their intention to divorce by August 31, 2026, 11:59 PM ET. Otherwise, this market will resolve to ""No"". An announcement by the specified date of their intention to divorce will be sufficient for a ""Yes"" resolution, regardle",https://polymarket.com/event/kristi-noem-divorce-by-august-31
scotus-strikes-down-trumps-birthright-citizenship-eo,SCOTUS strikes down Trump's Birthright Citizenship EO?,politics,politics|trump|scotus|immigration|supreme-court|trump-v-casa,2026-08-31T00:00:00Z,102,2026-03-31T18:58:35.814412Z,1,1,1.21,122767.40,12028.08,26473.90,0.856,1,scotus-strikes-down-trumps-birthright-citizenship-eo,0x12609f33bc603cb234db2af1d502d143587b697bdc479ddb9344401dbf987914,The Supreme Court is hearing arguments on the merits of Donald Trump’s Executive Order “Protecting the Meaning and Value of American Citizenship” (https://www.whitehouse.gov/presidential-actions/2025/01/protecting-the-meaning-and-value-of-american-citizenship/) which directed that children born in t,https://polymarket.com/event/scotus-strikes-down-trumps-birthright-citizenship-eo
will-china-invade-taiwan-by-september-30-2026,"Will China invade Taiwan by September 30, 2026?",politics,world|politics|china|geopolitics,2026-09-30T00:00:00Z,132,2026-03-17T23:28:21.782646Z,1,1,7201.02,546954.92,128320.00,178424.20,0.828,0,will-china-invade-taiwan-by-september-30-2026,0x5ca616aaa0e1e5df6c38439f8bee4b96bacfe32f8f39cb2f1604c0196548662f,"This market will resolve to ""Yes"" if China commences a military offensive intended to establish control over any portion of the Republic of China (Taiwan) by September 30, 2026, 11:59 PM ET. Otherwise, this market will resolve to ""No"". Territory under the administration of the Republic of China, inc",https://polymarket.com/event/will-china-invade-taiwan-by-september-30-2026
christopher-luxon-out-by-september-30,Christopher Luxon out by September 30?,politics,politics|new-zealand,2026-09-30T00:00:00Z,132,2026-04-21T18:27:20.550366Z,1,1,0.00,1963.20,1251.09,1064.88,0.965,0,christopher-luxon-out-by-september-30,0x76d208e65b0e708b3ef3536854512df46d9bddd569d5aa7e292fec0e3b862e62,"This market will resolve to “Yes” if Christopher Luxon ceases to be Prime Minister of New Zealand for any period of time between market creation and the specified date (ET). Otherwise, this market will resolve to “No”. An announcement of Christopher Luxon's resignation/removal before this market's e",https://polymarket.com/event/christopher-luxon-out-by-september-30
which-candidates-will-advance-to-brazils-presidential-runoff,Which candidates will advance to Brazil's presidential runoff?,politics,global-elections|world|brazil|politics,2026-10-04T00:00:00Z,136,2025-09-18T18:02:51.714723Z,6,6,3333.82,330203.17,97183.28,71217.04,0.925,105,will-tarcisio-de-frietas-qualify-for-brazils-presidential-runoff|will-luiz-incio-lula-da-silva-qualify-for-brazils-presidential-runoff|will-jair-bolsonaro-qualify-for-brazils-presidential-runoff|will-fernando-haddad-qualify-for-brazils-presidential-runoff|will-michelle-bolsonaro-qualify-for-brazils-presidential-runoff|will-flavio-bolsonaro-qualify-for-brazils-presidential-runoff,0xd7391798f941b8fe16773f96397ef3f91a2fc36939bdd50a78776dbf93ddd280|0x7b22caeed454d3c7dbd07b83d8255c74e1482c4f958b4ba4dd0c27b864cd47a2|0x385cddb4dd6eeb4e09394901122f5ca461c5d07fe83fe3f4349ea5a877c3e6cc|0x42c969b601530ece32eef646b8cbd91ac66e68bdad1fd2ba426f69a2ee2c7548|0x003e6ffdf25f45a8d5679831551658e1b54094187f552fc6ef4b26bca404c971|0x023a8c2fd2a78c29c9748a44205e2cbe624d86c11ee41b81d4067ddbbf2a135f,"General elections are scheduled to take place in Brazil on October 4, 2026. If no candidate wins outright in the first round, the top two candidates proceed to a runoff. This market will resolve to ""Yes"" if the listed candidate advances to Brazil's presidential runoff election or otherwise wins outr",https://polymarket.com/event/which-candidates-will-advance-to-brazils-presidential-runoff
nobel-peace-prize-winner-2026-139,Nobel Peace Prize Winner 2026,politics,awards|politics|geopolitics|world,2026-10-10T00:00:00Z,142,2025-10-16T22:33:46.896383Z,71,71,81808.90,17974178.06,1681716.00,1099304.62,0.853,179,will-donald-trump-win-the-nobel-peace-prize-in-2026-382|will-yulia-navalnaya-win-the-nobel-peace-prize-in-2026-261|will-greta-thunberg-win-the-nobel-peace-prize-in-2026-767|will-unrwa-win-the-nobel-peace-prize-in-2026-983|will-antnio-guterres-win-the-nobel-peace-prize-in-2026-623|will-tamim-bin-hamad-al-thani-win-the-nobel-peace-prize-in-2026-755|will-khaled-mashal-win-the-nobel-peace-prize-in-2026-787|will-recep-tayyip-erdoan-win-the-nobel-peace-prize-in-2026|will-ahmed-al-sharaa-win-the-nobel-peace-prize-in-2026|will-mohammed-bin-salman-win-the-nobel-peace-prize-in-2026|will-person-a-win-the-nobel-peace-prize-in-2026|will-person-c-win-the-nobel-peace-prize-in-2026|will-person-e-win-the-nobel-peace-prize-in-2026-597|will-person-g-win-the-nobel-peace-prize-in-2026-651|will-person-i-win-the-nobel-peace-prize-in-2026-319|will-person-k-win-the-nobel-peace-prize-in-2026-243|will-person-m-win-the-nobel-peace-prize-in-2026-984|will-person-o-win-the-nobel-peace-prize-in-2026-463|will-person-q-win-the-nobel-peace-prize-in-2026-774|will-person-s-win-the-nobel-peace-prize-in-2026-243|will-person-u-win-the-nobel-peace-prize-in-2026-187|will-person-w-win-the-nobel-peace-prize-in-2026-532|will-person-y-win-the-nobel-peace-prize-in-2026-715|will-person-aa-win-the-nobel-peace-prize-in-2026-682|will-person-ac-win-the-nobel-peace-prize-in-2026-519|will-person-ae-win-the-nobel-peace-prize-in-2026-181|will-person-ag-win-the-nobel-peace-prize-in-2026-992|will-person-ai-win-the-nobel-peace-prize-in-2026-197|will-person-ak-win-the-nobel-peace-prize-in-2026-971|will-person-am-win-the-nobel-peace-prize-in-2026-912|will-person-ao-win-the-nobel-peace-prize-in-2026-561|will-person-aq-win-the-nobel-peace-prize-in-2026-761|will-person-as-win-the-nobel-peace-prize-in-2026-678|will-person-au-win-the-nobel-peace-prize-in-2026-726|will-person-aw-win-the-nobel-peace-prize-in-2026-272|will-any-other-person-or-organization-win-the-nobel-peace-prize-in-2026-847|will-pope-leo-xiv-win-the-nobel-peace-prize-in-2026-698|will-julian-assange-win-the-nobel-peace-prize-in-2026-899|will-elon-musk-win-the-nobel-peace-prize-in-2026-756|will-the-international-court-of-justice-win-the-nobel-peace-prize-in-2026-885|will-volodymyr-zelensky-win-the-nobel-peace-prize-in-2026-637|will-vladimir-putin-win-the-nobel-peace-prize-in-2026-126|will-benjamin-netanyahu-win-the-nobel-peace-prize-in-2026|will-xi-jinping-win-the-nobel-peace-prize-in-2026|will-charlie-kirk-win-the-nobel-peace-prize-in-2026|will-narendra-modi-win-the-nobel-peace-prize-in-2026|will-person-b-win-the-nobel-peace-prize-in-2026|will-person-d-win-the-nobel-peace-prize-in-2026-924|will-person-f-win-the-nobel-peace-prize-in-2026-415|will-person-h-win-the-nobel-peace-prize-in-2026-831|will-person-j-win-the-nobel-peace-prize-in-2026-353|will-person-l-win-the-nobel-peace-prize-in-2026-158|will-person-n-win-the-nobel-peace-prize-in-2026-574|will-person-p-win-the-nobel-peace-prize-in-2026-861|will-person-r-win-the-nobel-peace-prize-in-2026-443|will-person-t-win-the-nobel-peace-prize-in-2026-324|will-person-v-win-the-nobel-peace-prize-in-2026-646|will-person-x-win-the-nobel-peace-prize-in-2026-383|will-person-z-win-the-nobel-peace-prize-in-2026-587|will-person-ab-win-the-nobel-peace-prize-in-2026-485|will-person-ad-win-the-nobel-peace-prize-in-2026-655|will-person-af-win-the-nobel-peace-prize-in-2026-719|will-person-ah-win-the-nobel-peace-prize-in-2026-372|will-person-aj-win-the-nobel-peace-prize-in-2026-615|will-person-al-win-the-nobel-peace-prize-in-2026-828|will-person-an-win-the-nobel-peace-prize-in-2026-892|will-person-ap-win-the-nobel-peace-prize-in-2026-566|will-person-ar-win-the-nobel-peace-prize-in-2026-512|will-person-at-win-the-nobel-peace-prize-in-2026-978|will-person-av-win-the-nobel-peace-prize-in-2026-954|will-person-ax-win-the-nobel-peace-prize-in-2026-811,0x962e5b226a77266ab429029ee04665e8fcfeb10b91af593786ceab871d2e945f|0xae76ef049f09b109cfb0a9bfa2335d7c9fde5bd262c64548b43308c810c314ec|0xdd84a0f9830eb540be5cd7a22bcaaa27aedced37c7994c480f95669a341f1c4e|0xb3fefe9667acca5ca31a8e330219dc67a01b374331d9bf4875357655a5508815|0xb9212b9cb5404a1db7aa30477619222b4100802f03f32a6fc5639c6e24fe0e1f|0x720e7267b2bd49feeaed5cf254b5d5243aa4d5e4f2ac03e4a5cb1bd9eea8a6eb|0x05bd10e73dc1cef3f5305cae9cb015e62476c4f44a1744713611ca774cb96fcc|0x32146c285b1d126556a309e3eae227f614076c93c0b080bae4ed6aaf6b1e9e5f|0x0d58510591b53c9837c30c1f5a202232da376460634aee9da71a6bfeb15350bb|0x8f77f96697dea0909edb2946e0eb866c08e9c2280964e70b1e5f25fcc0a747d0|0xf43c1ec924a35e1f55453c31b662ea65e623ca9d21aeec1b2af24844567f15c9|0x813a4c6dc8456234317771d08379b2869acdd45de537794075a52523af2463ff|0xacdaffa2ea50a83f01ed7e23a6f0818289e9ab2abd54ec687fbee8a003344dd6|0xa8dc2a80624c0e61c1548feeb16fba19359e98e9eb6d3b96cb31b508eac2eb0e|0x5b6a87caa0a93e49a04d388cce83dca172bc0346b8807c7548f5a7ab2d6c6987|0x5ac101a0e4d46ce341b9740c05c70c70541abaec7a9174360c9e73416abf7ba3|0x440ec613aa13e92aa422fd0e458a9a73b723e5dcbfb3baa434e0f4f63e856baa|0x15a0ea7ce1a08e06222c4988a09948ceff43ba922cfb5e88230dc4ae5d95c560|0xf77ee7029dc5c12233cdf8b9cbdca59b334675c30063cd1a0fa7b73bdea71204|0xeb09f7be523527e452a93a540c430f3072221fa691b286479c5cb1b7538f9702|0x0f62056c56a5d41dd730a3849b3bda52913200161bff84914e0c546f9c535831|0x5c514c582d51aaacc74b157bde600013169e1e00faca3348e29367b582b0882f|0x5cb7585cfa7397bf6b7e78f0985c6c991d084885008d8ac86b67da6d58b6eae5|0xff539b14980798a08ff9f1cf78180e9db95bfc68cc1324f868461bc8aa296595|0x87934f9aed6edc786712daf5ff4f57ae1f40742ab801a78bdc835255f2b04156|0x2fb5c982cac5cbf9936eb7f8dcc62bd6fb11cb0f28577e6384cac3fbbc5f248c|0x5418d76c665d5b1ac0bf3c74c5c5a447ac3837668c7277278079134f3a0a3007|0xa7b8dc5d8e100cc4694c81f024888e03d4966d87ae9054edc388acac46fdf5d9|0xf424381d5bbbe2be3af215d9bddb5fca8bf916b6b2ad8ab3d6ea2f4a89703993|0x7b81b7d51d61cbd0821750230b5bd05148e842efd4061ddb675903a6febe2266|0x479165e3a12b34b6e9e8570e0dd329032cc9ca79242e3f4f594649a21aa4f72a|0xc7358fb47b38cfab7344baafb64b380bd0fc572475f1d4cb36ea7136a7b8df04|0xd2d35eb40a2ea4402be3d83351cbab237e28e309d2b53947e0d46c0f720197eb|0xae854df277d3992e253e5e32f35cb76843d6350827a83eb2dc257121dd973f5f|0x26cbe75996818b425ca3f0555a7ab60b712b5871eea19012bf11abcb57d4d417|0x9d010461e21b5f1cf40cb88ec75b84c326873ae1f1df91a031ff4fd5dfee9423|0xec2e51ebb99006172b05548fc53d6842d30c9c0cccaf4c34569f0431b94d4bfc|0x0cfec4bdb5b2060bba705259a76c489a9b0cc36da5edad65ecd796f461a89af5|0x97115010af13666600dc8776dce48290f5c4c23d387a86a97f6b4b38561dd5af|0x36081a32ac369bad207447fa2bc5d6d663fb576e935178a4a297931ec571f5d1|0xe2cd08587e1f67a41341994fc3ea053a8ed92b5258d42acf3d4448c75095eaa5|0x1e7a7b53f33712909925d133f51a3454a97f8d39bb2651761c4ee44d580ae2df|0x73ea54d2bbd4a4bb22cc78f1ef9b8373c76e57fe2a4bf09784413002885f69f7|0x7f347ed733252dc7afbd91e28104e23651b81ef6d2ef6805c7915c22e89a69b5|0xda9e24f8b6b8f71f02a79fe9d27348f6cbf2ff670cbef4afc58ae52fb4c8b1cb|0xbe70d1b2d9c50c2d91f5f309417735f4238682239593a6a0bb1340188befb6cd|0x72f08edaa21371e4959926442e61037b87e602ddc7f007da1490327b5c218f79|0xd2b5b529c939126c0e6d054fe82865ac61912ce0377d216cb6807b44f723e543|0x09a5349f54b0b9de163a527856ddb519d6e93e80ae02e72e408dae27ff6824e1|0x54abc814e1dd40d23d21c39553025183396c1cc5bfc1e360d8bd7f48d9cb4b99|0x203d265db32b42e82c6d5152fe16498e995d7696ce6de64643bbca4318e2b325|0xa106dbac293e8443919fe7dff2d6cfdd6ada7b01ee1edaac6e7c4380542db560|0x9a302a3613f41ebf551c0ff2bf3cffdf031af81d66ed117cfa87929bb5b5d76f|0x3d61756f0dcd17f770d39dcb211330f594024237bac1791091942c561ace4242|0x0a8de3f3cab637be62cc84a54b2d8c445e8c05e684b0c4fa203ca9f91e1c76d9|0x0061e36c3fd8ba78328e97ca1d9ab67251fc1ea105515156f72ed17f0c80896b|0x60826cdb6dd2410981a8a7e1f83541b995f90e2f6e8cac5deed763e1485cb726|0x11fc8d985e5c8ae3ce8800433363428a578b2f99e8c098e7282203074427d85e|0xf8faf399fc9ba37e43a54b395297869d6791ad40ccde32dd9b8869df1ae4a99d|0x35b794078e90fc779a23aa1ccfd2494d50ebe49920c1cd15ad900b106d734d24|0x2f860b94b7ce2cda67f44ab2d0adbe02a0dca0bddd623863fb00422c8f9842be|0x8e3631f981da726cd855dbc0b317d1943de72a15e0f47c21b5c3b8a7a46b7038|0xc42ed1d4ffbbcee817805dbeafec3f59a255f387f2caccc564ff7867f4a50c35|0xe76ab67b4269f71e22ab1583c6c7e468e6b2e1e32ffddb3514fb94200a3d609e|0x2919aad181933e6eadc74cb166238140dd27344b00b3f72180d47aec16b331fe|0xa3ee1efcf21fac0f936e25ebf180c8473943f701a1767382fd0ecc9bb6697819|0xb6fb90e0ca8ba3bb4f15a9c4f2679a334832ce9461021acc2f1f03919eea3d06|0xe8ef3810a2940ddeda67fc3a91f0165d16e4174e9133c125d5c8a2e5e990ab97|0x32cd6542553ab77eb3a93dfc8463cd01bde0151617dc9c619691f3c9b1209482|0xf91658cd95cda189117d2119a33d379f58157c551d0af3a20d72b8cc20175656|0x0de8fd408ec4aa076849dfd38e9c39ad8b410f7fe6fa92d257dacf4598e14f29,"This market will resolve according to the winner of the 2026 Nobel Peace Prize, as announced by the Norwegian Nobel Committee. If multiple listed individuals or entities jointly receive the prize, the market will resolve to a single winner. If Donald Trump, Volodymyr Zelenskyy, Benjamin Netanyahu, V",https://polymarket.com/event/nobel-peace-prize-winner-2026-139
balance-of-power-2026-midterms,Balance of Power: 2026 Midterms,politics,politics|us-election|elections|global-elections|midterms|earn-4|rewards-20-4-5-50|united-states|main-election,2026-11-03T00:00:00Z,166,2025-07-11T21:15:44.724213Z,5,5,54998.85,7033615.38,721274.83,2781722.53,0.998,185,2026-balance-of-power-d-senate-d-house-949|2026-balance-of-power-d-senate-r-house-692|2026-balance-of-power-r-senate-d-house-444|2026-balance-of-power-r-senate-r-house-537|2026-balance-of-power-other-131,0x16c63b7cc37f012b9f59ee164ec03877914c701d06d48291ae8d6fc08a088b0d|0x0808de4f0cfd47947f2d1be51f9a9c52ea0fec76f73a75cfbe79ddec98d8a908|0x998bc71817b2d76921d1999ce0f3431cfd5945583667a371280ca2b430b0c06e|0xc5eae79d1ffe716572353962eb926b1e3964c500a4880a7a94f58408218ee76b|0x7987a821b8032824f1805ee39eb5dfb8f64603e4e9e673259eb76f82b439fd3d,"This market will resolve according to the result of the 2026 United States midterm elections. A party will be considered to have 'control' of the House of Representatives, if they win a majority of voting seats. A party will be considered to have 'control' of the Senate if they have more than half o",https://polymarket.com/event/balance-of-power-2026-midterms
republican-trifecta-with-supermajority-in-the-senate,Republicans win Trifecta with Senate Supermajority in midterms?,politics,trump|elections|midterms|politics|parlays|us-election|congress|senate,2026-11-03T00:00:00Z,166,2026-01-02T18:49:33.850685Z,1,1,7012.14,128152.52,32029.91,26257.96,0.841,9,republican-trifecta-with-supermajority-in-the-senate,0xf8ffc79497e28506895f59a72288ef924ce98481c8b0341281fdd786e9489668,"The 2026 midterm elections are scheduled to be held on November 3, 2026. This market will resolve to “Yes” if, as a result of the midterm elections, the Republican Party controls the U.S. presidency, controls the U.S. House of Representatives, and holds at least 60 seats in the U.S. Senate. This mar",https://polymarket.com/event/republican-trifecta-with-supermajority-in-the-senate
2026-midterms-house-turnout,2026 Midterms: House Turnout,politics,elections|votes|house-of-representatives|midterms|midterm|us-election|congress|politics,2026-11-03T00:00:00Z,166,2026-02-20T17:43:32.797594Z,12,12,0.00,7280.21,19875.13,1573.11,0.894,0,will-there-be-less-than-85m-votes-cast-in-the-2026-us-house-of-representatives-midterm-elections|will-there-be-between-100m-and-105m-votes-cast-in-the-2026-us-house-of-representatives-midterm-elections|will-there-be-between-105m-and-110m-votes-cast-in-the-2026-us-house-of-representatives-midterm-elections|will-another-outcome-occur-in-the-2026-us-house-of-representatives-midterm-elections|will-there-be-between-90m-and-95m-votes-cast-in-the-2026-us-house-of-representatives-midterm-elections|will-there-be-between-95m-and-100m-votes-cast-in-the-2026-us-house-of-representatives-midterm-elections|will-there-be-between-110m-and-115m-votes-cast-in-the-2026-us-house-of-representatives-midterm-elections|will-there-be-between-115m-and-120m-votes-cast-in-the-2026-us-house-of-representatives-midterm-elections|will-there-be-between-120m-and-125m-votes-cast-in-the-2026-us-house-of-representatives-midterm-elections|will-there-be-between-85m-and-90m-votes-cast-in-the-2026-us-house-of-representatives-midterm-elections|will-there-be-between-125m-and-130m-votes-cast-in-the-2026-us-house-of-representatives-midterm-elections|will-there-be-at-least-130m-votes-cast-in-the-2026-us-house-of-representatives-midterm-elections,0xaad89dbc5eab0d0c667220995a88df14b514812352fc29cbf469b4e87f1b022f|0x2be443fd00e6c11ef4d08538f91c5f253c08efc97282729986894ef9808b89f8|0xf2924613881a3d3ad213c0aa2f868d7b1f7e163820d2ca1004b365094887b342|0xc643f37d7aba0665593c1afb7f3564f9f6e9eb0aa70d11ebdbab2da00fbdeb9e|0x0f5ff334dbe6145bcc89193dc39c96fb7c521b9e97efed074996c94f633028e9|0x5acb098eb23f84494509660119bdea6c532b57fec649705607e9dfb284f51106|0x483af26691df456edb37e16396523c7048e219725e8a1867c6e9005178591c28|0x7786e6cc2a49fcd0ec96d5989bb76135dd95adf378e44fc0ae12fc7120dc486a|0xabb6a95c1e7bd86e21cf0009f858701c1a7cec0593e2a75e7c870ac664ee3369|0xf536e1e8b93c66437e0cd52738ef24dc4c59fc74b8b84597623cd5b312d68821|0xbf0bd18b90ca6acd37c3f4c8563bab1910659c5f3385c290980bd5280e5e2c2a|0xe16e106894e29e2fbc8eca133e837abaf31ae2d319eb525a5fbad63f4475047a,"The US House of Representatives midterm elections are scheduled to be held on November 3, 2026. This market will resolve according to the total number of votes cast for U.S. House candidates in the 2026 US House of Representatives midterm elections. Only votes cast for candidates for U.S. Representa",https://polymarket.com/event/2026-midterms-house-turnout
new-virginia-congressional-map-used-in-the-midterms,New Virginia congressional map used in the midterms?,politics,midterms|politics|virginia|gerrymander|redistrict,2026-11-03T00:00:00Z,166,2026-03-03T19:57:27.186785Z,1,1,1808.83,51841.09,24726.97,13718.51,0.811,21,new-virginia-congressional-map-used-in-the-midterms,0x304fdc6ae57e282f5febcfc3ec151c7ec42c8f453a509b125fba0e77f178c991,"The Virginia General Assembly submitted a constitutional amendment to voters for a statewide referendum which, if passed, would allow new congressional districts, drawn in House Bill 29 (HB 29), to be used in the upcoming US House of Representatives midterm elections. This market will resolve to “Ye",https://polymarket.com/event/new-virginia-congressional-map-used-in-the-midterms
will-michigan-vote-to-rewrite-the-state-constitution,Will Michigan vote to rewrite the state Constitution?,politics,midterms|referendum|michigan|us-election|constitutional-convention|politics|elections|referendums-midterms,2026-11-03T00:00:00Z,166,2026-03-02T23:15:40.340846Z,1,1,0.00,6053.95,663.94,36.81,0.469,0,will-michigan-vote-to-rewrite-the-state-constitution,0x7d9cf37aa6e00ce3e3e9b3d9b4ec61bf8f409bb621fd93f02a3cdd459dddbf64,"Michigan voters are scheduled to vote in the November 3, 2026 midterm elections on a measure which, if passed, would call a state constitutional convention to rewrite the state constitution. This market will resolve to ""Yes"" if the Michigan Constitutional Convention Question passes according to Mich",https://polymarket.com/event/will-michigan-vote-to-rewrite-the-state-constitution
california-voter-id-referendum-passes,California voter ID referendum passes?,politics,politics|california|gavin-newsom|voter-id|referendums|global-elections|united-states,2026-11-03T00:00:00Z,166,2026-03-16T22:05:54.539463Z,1,1,0.00,8114.19,5291.91,1693.23,0.991,0,california-voter-id-referendum-passes,0x92b502c683e2cc8cad23d670ad5e1d6efbf51fdc70310f8594e4c2ffc663bed4,"The California voter ID initiative is a proposed statewide ballot measure for the California general election currently scheduled for November 3, 2026, which would require voters to present government-issued identification in California elections. This market will resolve to “Yes” if the voter ident",https://polymarket.com/event/california-voter-id-referendum-passes
which-states-will-use-new-congressional-maps-in-the-midterms,Which states will use new congressional maps in the midterms?,politics,politics|gerrymander|midterms|redistrict|elections,2026-11-03T00:00:00Z,166,2026-04-30T18:32:56.392315Z,24,24,2381.88,266940.87,204848.05,56293.42,0.932,5,will-california-use-a-new-congressional-map-for-the-2026-united-states-midterm-elections|will-louisiana-use-a-new-congressional-map-for-the-2026-united-states-midterm-elections|will-virginia-use-a-new-congressional-map-for-the-2026-united-states-midterm-elections|will-south-carolina-use-a-new-congressional-map-for-the-2026-united-states-midterm-elections|will-maryland-use-a-new-congressional-map-for-the-2026-united-states-midterm-elections|will-texas-use-a-new-congressional-map-for-the-2026-united-states-midterm-elections|will-ohio-use-a-new-congressional-map-for-the-2026-united-states-midterm-elections|will-utah-use-a-new-congressional-map-for-the-2026-united-states-midterm-elections|will-missouri-use-a-new-congressional-map-for-the-2026-united-states-midterm-elections|will-kansas-use-a-new-congressional-map-for-the-2026-united-states-midterm-elections|will-washington-use-a-new-congressional-map-for-the-2026-united-states-midterm-elections|will-illinois-use-a-new-congressional-map-for-the-2026-united-states-midterm-elections|will-new-york-use-a-new-congressional-map-for-the-2026-united-states-midterm-elections|will-north-carolina-use-a-new-congressional-map-for-the-2026-united-states-midterm-elections|will-florida-use-a-new-congressional-map-for-the-2026-united-states-midterm-elections|will-new-jersey-use-a-new-congressional-map-for-the-2026-united-states-midterm-elections|will-nebraska-use-a-new-congressional-map-for-the-2026-united-states-midterm-elections|will-minnesota-use-a-new-congressional-map-for-the-2026-united-states-midterm-elections|will-alabama-use-a-new-congressional-map-for-the-2026-united-states-midterm-elections|will-georgia-use-a-new-congressional-map-for-the-2026-united-states-midterm-elections|will-indiana-use-a-new-congressional-map-for-the-2026-united-states-midterm-elections|will-wisconsin-use-a-new-congressional-map-for-the-2026-united-states-midterm-elections|will-tennessee-use-a-new-congressional-map-for-the-2026-united-states-midterm-elections|will-mississippi-use-a-new-congressional-map-for-the-2026-united-states-midterm-elections,0xbd71ab4221850cb70e4d5c7e2492bcdffb4913e31f9eda8ee8f7a8e5f139f762|0xc41817045cf6d55bb1d8f3d5b823d99f7c3abac36ccd44a321583d02eec1955a|0x4a4ed8429dd530b4196d1b5827e2666e768d88e373b2d1f9ff80888299fbc85e|0x04f0b7ffa9ac319b7ad307182641f96ebb97c3db87158aaff04dadf4126912b0|0x7bbeb4fd463b7fbde581d66ed2b091130868a39aa7ebe8a394cd209c33ba1896|0x964b5ec10d056ee0a31cd3d539205eb02aded7316941967ba17612719c30505f|0x96ca8e2047e18c213fed61aed476d2d20bd7b3a59252eae45333ea913eb872db|0x3e9c5667a2011051b38a7f10d1c993197a7f1c4bab0d24a42634eda6daa93935|0x083d327d28955136bd82954c34276409f1ce42091f6886ab46506b5baa19885c|0x4abe6b6e50794654b4e2f9ef0e096783c344ed51c4f1f46e51cd803d2eeb8077|0x14ca9a8df45eb80cd2d1da63b56d552768f27965c01d284305f0f1670d383aa9|0xff4699605ed7cf8ce4c5bde7e10dbfe0e6a170a44ff40be75656b894645f9f73|0xfdc5d89d547da9e800a5def2aa8f442ba3cd2d7d846019f832c15c792ed85339|0x295eb7d154a7093980ed8d504f15c60167e413d267e2c51d67e593b7af1e36fd|0x0776553f8ade1ab8bc890b79c46fef4f71e927c900b9d71817dca3d404e1e077|0xf164977f87a1c21054ab65e52c02a4c310adce6e53a243a11159a2bf77e42eca|0xe369429d00089f7022aa1b27414ca7bd51f2e8ad25361a5deaf64da96837c801|0x66a685c506a9a6917f29d11dee79cb02447b7119f3ea19a7c983f45f88f8fc63|0xa4c7f4f2df1cb17bb8c35038fde8611d9a5924b4c36d50e5a799571e58012d20|0xb4f4bf7b8b952949a6c28a0f62c6495649faacd201e84d7304914f86852d3222|0x4596d8baac5b5edc36f14d24560bdc19e16263658d930d5598a6b10fcfda3b78|0xdd6a68f1a02ac70ba36a19d9a465409dc93e322c16b1d71e662fe060c26d1c60,"This market will resolve to “Yes” if the listed US state uses a new congressional district map for the 2026 United States midterm elections. Otherwise, this market will resolve to “No”. To qualify, after the 2024 United States congressional elections, the listed state must have adopted a new congres",https://polymarket.com/event/which-states-will-use-new-congressional-maps-in-the-midterms
who-will-bernie-endorse,Who will Bernie endorse?,politics,bernie-sanders|politics,2026-11-04T00:00:00Z,167,2025-09-12T20:38:46.080162Z,7,6,34.28,164225.47,19094.52,8170.86,0.960,4,will-bernie-endorse-kshama-sawant-for-wa-09-by-nov-2-2026-et|will-bernie-endorse-antonio-delgado-for-ny-gov-by-nov-2-2026-et|will-bernie-endorse-alan-grayson-for-fl-sen-nov-2-2026-et|will-bernie-endorse-james-talarico-for-tx-sen-by-nov-2-2026-et|will-bernie-endorse-dan-osborn-for-ne-sen-by-nov-2-2026-et|will-bernie-endorse-omar-fateh-in-minneapolis-mayor-for-nov-3-2026-et|will-bernie-endorse-zach-wahls-for-ia-sen-nov-2-2026-et,0xb44fe13de8e6e3f0e1232613dd9a79f0a898672a41d608a9cd57e340ba6e9185|0xb8940fadd151f151bdd786a2ce3950ef1320aecc143e268aa6fb04173c9576b0|0xb98ae7869aec564d46d41d3a5aaf86177fe5726b2782d1e8addbf40bdfe6143b|0x136a2773866c2d841b00652b7d99b026409c9a55db769c525ed450e04c653f23|0x472a52fcd256f343c5e0c8ecc6afd074b15a7b8c0c7a8397b6e30e30564b6734|0xb87eb528d96df6c978f6272200b7f787ea0f028d131d550890be4cb066b7cebf|0x1428ebd0c6424f9a42928f2e10e4d851be0810d4eb556738b7dc8976356ac14b,"This market will resolve according to the candidate Bernie Sanders announces that he will vote for or endorses for the listed election. If Bernie Sanders does not announce an endorsement by the day before the scheduled election at 11:59 PM ET, this market will resolve to ""No"". The resolution source ",https://polymarket.com/event/who-will-bernie-endorse
who-will-trump-endorse,Who will Trump endorse?,politics,trump|trump-presidency|politics,2026-11-04T00:00:00Z,167,2025-09-12T20:38:43.679403Z,7,2,67829.73,215589.14,27524.43,30954.28,0.885,6,will-trump-endorse-ken-paxton-for-tx-sen-by-nov-2-2026-et|will-trump-endorse-winsome-earle-sears-for-va-gov-by-nov-2-2025-et|will-trump-endorse-susan-collins-for-me-sen-by-nov-2-2026-et|will-trump-endorse-john-cornyn-for-tx-sen-by-nov-2-2026-et|will-trump-endorse-andy-barr-for-ky-sen-by-nov-2-2026-et|will-trump-endorse-steve-hilton-in-ca-gov-for-nov-2-2026-et|will-trump-endorse-lindsey-graham-for-sc-sen-by-nov-2-2026-et,0x6fb1af1cc7caa3b4479fa9a22ba149499795e99f39f807a5272cdbf89acba3b6|0x56cae79028993e8baa2a96e3d0f3663f6f14b43096da297f10b6af2486695fcf|0x07ab4a3d146dad453f0c195ab0760a50c8a3a841f6a45b2f8a457379d1c66a7b|0x2aaffb7c88af0204f5095581dc72f82886f4e13902fe5c7727fac6ed48a25f11|0xa0a09621f21f3d8ed7c88913f781a6e6a923dc4ad56cf7c80e1b900b058d5d56|0x488bfc4c30005c11e46cac68f9b0535327589620a0f430bcb46de1f2e921e27a|0xe357256420a4d64bb5aabf142b6dd61916bb31d1d0b5fb383f440bc80ce8448f,"This market will resolve according to the candidate Donald Trump announces that he will vote for or endorses for the listed election. If Donald Trump does not announce an endorsement by the day before the scheduled election at 11:59 PM ET, this market will resolve to ""No"". The resolution source for ",https://polymarket.com/event/who-will-trump-endorse
which-coalition-will-form-the-next-new-zealand-government,Which coalition will form the next New Zealand government?,politics,global-elections|politics|elections|new-zealand-election,2026-11-07T00:00:00Z,170,2026-05-04T20:17:13.928444Z,18,18,10.00,3770.56,24002.72,860.28,0.836,0,will-the-next-governing-coalition-of-new-zealand-include-national-maori|will-the-next-governing-coalition-of-new-zealand-include-national-act-nzf|will-the-next-governing-coalition-of-new-zealand-include-labour|will-the-next-governing-coalition-of-new-zealand-include-labour-nzf|will-the-next-governing-coalition-of-new-zealand-include-labour-green-nzf|will-the-next-governing-coalition-of-new-zealand-include-labour-maori-nzf|will-the-next-governing-coalition-of-new-zealand-include-national-nzf-maori|will-the-next-governing-coalition-of-new-zealand-include-national-act-nzf-maori|will-the-next-governing-coalition-of-new-zealand-include-national-labour|will-the-next-governing-coalition-of-new-zealand-include-labour-green|will-the-next-governing-coalition-of-new-zealand-include-labour-maori|will-the-next-governing-coalition-of-new-zealand-include-national|will-the-next-governing-coalition-of-new-zealand-include-national-act-maori|will-the-next-governing-coalition-of-new-zealand-include-labour-green-maori|will-the-next-governing-coalition-of-new-zealand-include-labour-green-maori-nzf|will-the-next-governing-coalition-of-new-zealand-include-national-act|will-the-next-governing-coalition-of-new-zealand-include-national-nzf|will-another-result-occur-for-the-next-governing-coalition-of-new-zealand,0xf38485c90670eaeb2c1bd12879c3997dc30e79b6d2a39d6d63cbb5a572ed9d17|0x589f18af36554116c605c1263cfc2c7ebc8ffb977e8516b652818f04e3583082|0x30f52fb23b154c29d20c9f106a7ab4e11a76650f1ddaef81dcc78661db70064e|0xb5f8965c000835b00e92dfcc1a3d32c2362155b1a46a99519344d2b7447299da|0x128f2a6ccc6344f751273a5f435eb85ff546823290396c55e6a569fc91e7d541|0x4591d838022cbd8110bf68cf387c5c757fbb0ce930a0ef9d8c2c13f4baad9b54|0x1f8671b4f4eb9e79966ddb36ad294a5a74cb97313759f4980d2faef44fefd0da|0x3a1e4f3b7d5daa7fe4204420a43723270ef9bda295db548b7073402e4eae8382|0xc741b7de556dac81d31f4654b6035cf36f16b9cc940e9e90f09056d9db281261|0xc00b4c4886159a2e46e8a2d5fddc19cb41cc30ecd25c5cee4458912eb8276e75|0x14c67049622cd50f638e5af1a215ebfe34b666f5cded68bd2190dfd6228e4b80|0x29b0cf3701df11f9ea342754ef5b8edb4dc131e4fb3fe7576dfe1cea827d334c|0xe2b4e15cad143400c3beecd6f30be8f01c23aab78a93a5f5d54bef242fbb9133|0xdf2020355fa805d6f99d413e68e71e2a9698bd7c746a53ffaefbd0a11d685dd5|0xc32c18cdc131d734ef32aaef0e2dfa5317c2b22e0630fbeb61b406c698d82374|0x27a0f3cee7f9c0ff156425269f14d56859c065a61502a769159caa121916b3bf|0xfe12ced72dfd8999789359f46bf4ba624db9bce9d1f865400f8dc022f44143f3|0x411d34379bcc47e0a0d5a13b978f5ff21aa031ecab3ae21455eaabe926df030a,"A general election is scheduled to be held in New Zealand on November 7, 2026. This market will resolve to the first ruling coalition of parties that forms after the next New Zealand general election. A party will only be considered part of the ruling coalition if it participates in the governing co",https://polymarket.com/event/which-coalition-will-form-the-next-new-zealand-government
blue-wave-in-2026,Blue wave in 2026?,politics,politics|congress|midterms|elections|us-election|parlays,2026-11-30T00:00:00Z,193,2026-01-14T00:53:31.59528Z,1,1,877.95,46553.00,6746.76,7718.64,0.962,9,blue-wave-in-2026,0xed4fd09a24f20a3afc1d722ace811fffff3cffd9a56a3fbffc47f4d3d47a88ed,"This market will resolve to “Yes” if both of the following conditions are met as a result of the 2026 midterm elections: - Democrats hold 218 or more seats in the House - Democrats hold 49 or more seats in the Senate Otherwise, this market will resolve to “No”. This market will remain open until it ",https://polymarket.com/event/blue-wave-in-2026
blue-tsunami-in-2026,Blue tsunami in 2026?,politics,politics|congress|elections|midterms|parlays|us-election,2026-11-30T00:00:00Z,193,2026-01-14T00:55:49.728371Z,1,1,13.00,28717.57,2411.06,8220.74,0.993,1,blue-tsunami-in-2026,0x5f5cf92636c3644a6221fba15d00e8aab9d539c17a0d25d8ae8d15220cbd2cb9,"This market will resolve to “Yes” if both of the following conditions are met as a result of the 2026 midterm elections: - Democrats hold 235 or more seats in the House - Democrats hold 51 or more seats in the Senate Otherwise, this market will resolve to “No”. This market will remain open until it ",https://polymarket.com/event/blue-tsunami-in-2026
scotus-accepts-sports-event-contract-case-by-july-31-2026,SCOTUS accepts sports event contract case by...?     ,politics,politics|prediction-markets|legal|tech|courts|finance|supreme-court,2026-12-31T00:00:00Z,224,2025-07-16T19:44:25.578373Z,2,2,185.25,937449.97,17938.64,8089.05,0.904,5,scotus-accepts-sports-event-contract-case-by-july-31-2026|scotus-accepts-sports-event-contract-case-by-december-31-2026,0x139ba0e7f931f09466c0fb27fc8ddb5e77ce9d1e2bdc953a5f22765bf779452f|0x68e2344a2ce725ca99f3b93df06f27a71f3a893a38e8a6a78f8d85bd2698eb20,"This market will resolve to ""Yes"" if the Supreme Court of the United States grants certiorari in a case explicitly concerning the legality, regulation, or jurisdictional authority over sports event contracts by July 31, 2026, 11:59 PM ET. Otherwise, this market will resolve to ""No."" A case qualifies",https://polymarket.com/event/scotus-accepts-sports-event-contract-case-by-july-31-2026
will-trump-pardon-ghislaine-maxwell,Will Trump pardon Ghislaine Maxwell by end of 2026?,politics,epstein|politics|trump|maxwell|ghislaine-maxwell|earn-4,2026-12-31T00:00:00Z,224,2025-07-23T05:30:04.450584Z,1,1,8662.26,552038.26,18644.90,133819.82,0.859,31,will-trump-pardon-ghislaine-maxwell,0x0dc45815251ab7d5c3cbde5d7eee5bc96eac3d924c0a4c4f10175049e068fe20,"This market will resolve to ""Yes"" if Ghislaine Maxwell receives a presidential pardon, commutation, or reprieve from Donald Trump between July 23, 2025 and December 31, 2026, 11:59 PM ET. Otherwise, this market will resolve to ""No"". If it becomes impossible for Trump issue a federal pardon, commutat",https://polymarket.com/event/will-trump-pardon-ghislaine-maxwell
will-china-invade-taiwan-before-2027,Will China invade Taiwan by end of 2026?,politics,foreign-policy|china|politics|world|geopolitics|earn-4,2026-12-31T00:00:00Z,224,2025-07-24T23:47:38.785111Z,1,1,335460.33,23356220.82,979680.53,5789964.11,0.847,73,will-china-invade-taiwan-before-2027,0xd9fb1184af0064e5e34b129f5b79afa5a17b7e32f2953ab05efed82315fee6d4,"This market will resolve to ""Yes"" if China commences a military offensive intended to establish control over any portion of the Republic of China (Taiwan) by December 31, 2026, 11:59 PM ET. Otherwise, this market will resolve to ""No"". Territory under the administration of the Republic of China inclu",https://polymarket.com/event/will-china-invade-taiwan-before-2027
netanyahu-out-before-2027,Netanyahu out by...?,politics,world|geopolitics|middle-east|israel|politics|earn-4,2026-12-31T00:00:00Z,224,2025-07-24T23:47:39.166487Z,5,3,30903.28,120551610.91,196387.43,1504730.30,0.996,34,netanyahu-out-before-2027-684-719-226-657|netanyahu-out-by-march-31-854|netanyahu-out-by-june-30-383-244-575|netanyahu-out-by-april-30|netanyahu-out-by-may-31,0xd1796c09d0d6f876f8580086ae9808ec991784e3a74b25a1830a25de71a78c96|0x7cb525e831729325d651017f81cbcb6f1adde5011c7b2283babea00b4ae93ae7|0x865303ccb9a48341d1bae33b3b4379ca86d5abbff3ce1e132716631cc0af3cce|0xb37e5f6ece2db9165517b62e3257e0da5d3e79713883cb71c74013fe912e8a4d|0x73a4b0e6dca901bb8cb7556db7445e21b5654fc4b3b0856babee8e2f82094112,"This market will resolve to ""Yes"" if Benjamin Netanyahu announces that he will resign as Prime Minister of Israel, or otherwise steps down from/is removed from this position by December 31, 2026, 11:59 PM ET. Otherwise, this market will resolve to ""No"". Note that an announcement of Benjamin Netanyah",https://polymarket.com/event/netanyahu-out-before-2027
zelenskyy-out-as-ukraine-president-before-2027,Zelenskyy out as Ukraine president by end of 2026?,politics,politics|ukraine|geopolitics|world|earn-4,2026-12-31T00:00:00Z,224,2025-07-24T23:47:39.194904Z,1,1,2168.70,2145269.83,77797.73,1209297.80,0.894,89,zelenskyy-out-as-ukraine-president-before-2027,0x51f624dbbf14f9edb575fef1be6f7a303751de70783fa144fce27b957452c803,"This market will resolve to “Yes” if Volodymyr Zelenskyy ceases to be President of Ukraine for any period of time between market creation and the specified date (ET). Otherwise, this market will resolve to “No”. An announcement of Volodymyr Zelenskyy's resignation/removal before this market's end da",https://polymarket.com/event/zelenskyy-out-as-ukraine-president-before-2027
erdoan-out-before-2027,"Erdoğan out by December 31, 2026?",politics,geopolitics|turkey|politics|world|earn-4,2026-12-31T00:00:00Z,224,2025-07-24T23:47:37.569626Z,1,1,980.76,348913.62,47166.96,170492.91,0.865,5,erdoan-out-before-2027,0x14501df0ca5ec395792b0614b18133b72e702a9a2615dd0a4b3f0c6e097de081,"This market will resolve to “Yes” if Recep Tayyip Erdoğan ceases to be President of the Republic of Türkiye for any period of time between market creation and the specified date (ET). Otherwise, this market will resolve to “No”. An announcement of Recep Tayyip Erdoğan's resignation/removal before th",https://polymarket.com/event/erdoan-out-before-2027
will-trump-be-impeached-by-december-31-2026,Will Trump be impeached by end of 2026?,politics,trump|trump-presidency|politics|earn-4,2026-12-31T00:00:00Z,224,2025-07-25T18:59:28.523282Z,1,1,1003.11,709150.91,59196.82,183568.06,0.880,0,will-trump-be-impeached-by-december-31-2026,0x4c8ceef9b9c0a27b6b4efa7c398ece4a5eeda76502f722de398c232abefe2ede,"This market will resolve to “Yes“ if the US House of Representatives by simple majority vote to approve or pass one or more articles of impeachment of President Donald Trump, between July 24, 2025, and December 31, 2026, 11:59 PM ET. Otherwise, this market will resolve to ""No"". Neither trial nor con",https://polymarket.com/event/will-trump-be-impeached-by-december-31-2026
will-trump-resign-by-december-31-2026,"Will Trump resign by December 31, 2026?",politics,trump|trump-presidency|politics,2026-12-31T00:00:00Z,224,2025-07-25T18:59:28.524859Z,1,1,10463.87,431569.77,150317.95,110142.39,0.841,28,will-trump-resign-by-december-31-2026,0x448f73e89890ae9d0e42ad0b592f63b53c0ae05d1ca3fa8d80b30027781f1be7,"This market will resolve to ""Yes"" if President of the United States Donald Trump announces he has resigned or will resign the presidency by December 31, 2026, 11:59 PM ET. Otherwise, this market will resolve to ""No."" If it becomes impossible for Donald Trump to resign or to announce his resignation ",https://polymarket.com/event/will-trump-resign-by-december-31-2026
aziz-akhannouch-out-as-morocco-prime-minister-by-december-31-2026,"Aziz Akhannouch out as Morocco Prime Minister by December 31, 2026?",politics,world|geopolitics|politics|middle-east,2026-12-31T00:00:00Z,224,2025-10-03T03:47:20.372157Z,1,1,2.31,150884.79,11451.10,15341.44,0.826,33,aziz-akhannouch-out-as-morocco-prime-minister-by-december-31-2026,0x339d8be5cb57653a9ee63e07d216543622cdefb45eed81b1680e83887a2d7bc6,"This market will resolve to “Yes” if Aziz Akhannouch ceases to be Prime Minister of Morocco for any period of time between market creation and the specified date (ET). Otherwise, this market will resolve to “No”. An announcement of Aziz Akhannouch's resignation/removal before this market's end date ",https://polymarket.com/event/aziz-akhannouch-out-as-morocco-prime-minister-by-december-31-2026
lecornu-out-as-french-pm-by-381,Lecornu out as French PM by...?,politics,politics|world|france,2026-12-31T00:00:00Z,224,2025-10-11T01:47:36.040151Z,5,2,216.00,321817.77,8879.19,7612.53,0.954,112,lecornu-out-as-french-pm-by-october-31|lecornu-out-as-french-pm-by-december-31-395-183|lecornu-out-as-french-pm-by-november-30|lecornu-out-as-french-pm-by-june-30-2026|lecornu-out-as-french-pm-by-december-31-2026,0xb84317723d587230a12deb6377bb191044601a882ce7ebdd0af3ab2279c70d7d|0x0ec60f3efd7f662108d26b043241318d7bc7770363b0f6452cd53e81512ff406|0x77d86f7a60267ac2d6191921c746df79bb64b3140e8f4c8b3ae727418e6111e8|0x3f392befb90448d60e3dff240fa2baca5b9c902aab3d3f1896166388c975279b|0x5008486648e1504fc35d468ab774f4e081b9f93f6879840519656af94bdf5cc8,"On September 9, French President Emmanuel Macron named Sébastien Lecornu as the new French Prime Minister. He resigned on October 6 after his cabinet faced severe opposition. On October 10, President Emmanuel Macron reappointed him as Prime Minister, tasking him with forming a new government. This m",https://polymarket.com/event/lecornu-out-as-french-pm-by-381
claudia-sheinbaum-out-as-president-of-mexico-by-june-30,Claudia Sheinbaum out as President of Mexico by...?,politics,politics|mexico|mexico-cartel-war|mencho,2026-12-31T00:00:00Z,224,2025-10-27T23:30:18.870187Z,3,2,350.94,205952.71,27835.83,35873.58,0.850,70,claudia-sheinbaum-out-as-president-of-mexico-by-january-31|claudia-sheinbaum-out-as-president-of-mexico-by-june-30-791|claudia-sheinbaum-out-as-president-of-mexico-by-december-31,0x666f9860a63f6eecd02aaa0e1df3597426b66796c4ba6368f481928a47eb83a0|0x5649a937907e0db6814f3fcbfa68e9f78a700d8c0e38ce652a572d97e205640d|0xd6a886fffdd98f3a1be18b11f6a5eefa501139b370f4ed449c1f377345a0b977,"This market will resolve to ""Yes"" if Claudia Sheinbaum Pardo announces she is resigning as President of Mexico or otherwise ceases to be President of Mexico for any length of time by June 30, 2026, 11:59 PM ET. Otherwise, this market will resolve to ""No"". An announcement of Claudia Sheinbaum’s resig",https://polymarket.com/event/claudia-sheinbaum-out-as-president-of-mexico-by-june-30
will-gavin-newsom-announce-presidential-run-by,Will Gavin Newsom announce Presidential run by...?,politics,us-election|politics|california,2026-12-31T00:00:00Z,224,2025-10-27T17:55:24.531009Z,2,1,106.12,81203.29,7852.82,15916.69,0.874,11,will-gavin-newsom-announce-a-presidential-run-by-december-31-2025|will-gavin-newsom-announce-a-presidential-run-by-december-31-2026,0x3d17675e8f10eb1d3ffbd722c329f2e380181dfe91d8a3a2ffd20a2acc214211|0x52226ec4393285ffc942019f20e3210e9311fc64cf1c7a9d1e9fbf27237352a6,"This market will resolve to ""Yes"" if Gavin Newsom officially announces that he is running for U.S. President in the 2028 presidential election, by the specified date, 11:59 PM ET. Otherwise, this market will resolve to ""No."" For the purpose of resolving this market, an announcement by Gavin Newsom w",https://polymarket.com/event/will-gavin-newsom-announce-presidential-run-by
will-the-iranian-regime-fall-by-the-end-of-2026,Will the Iranian regime fall before 2027?,politics,israel|iran|trump|world|khamenei|geopolitics|middle-east|politics|reza-pahlavi|iran-regime,2026-12-31T00:00:00Z,224,2025-11-03T23:54:31.344171Z,1,1,82410.16,18119331.04,276789.85,3628708.65,0.904,6,will-the-iranian-regime-fall-by-the-end-of-2026,0xbb4d51e6364066d92eb6f9b8413dd7193de70966736044463b205834805a1f3b,"This market will resolve to ""Yes"" if the Islamic Republic of Iran’s current ruling regime is overthrown, collapsed, or otherwise ceases to govern by December 31, 2026, 11:59 PM ET. Otherwise, this market will resolve to “No”. This requires a broad consensus of reporting indicating that core structur",https://polymarket.com/event/will-the-iranian-regime-fall-by-the-end-of-2026
will-mamdani-freeze-nyc-rents-before-2027,Will Mamdani freeze NYC rents before 2027?,politics,mamdani|new-york-city|nyc-mayor|politics,2026-12-31T00:00:00Z,224,2025-11-04T02:26:35.631538Z,1,1,0.00,257535.89,7052.47,97788.60,0.956,30,will-mamdani-freeze-nyc-rents-before-2027,0x921330240e4d92f8535d54bcb34b31750fc235761f97b064d92e54a48c2f9dca,"This market will resolve to “Yes” if both the following occur: 1. Zohran Mamdani wins the 2025 NYC Mayoral election. 2. The New York City Rent Guidelines Board implements rent adjustments at 0.0 % for both one-year and two-year renewal leases for rent-stabilized apartments citywide by December 31, 2",https://polymarket.com/event/will-mamdani-freeze-nyc-rents-before-2027
us-national-bitcoin-reserve-before-2027,US national Bitcoin reserve before 2027?,politics,crypto|finance|bitcoin|politics,2026-12-31T00:00:00Z,224,2025-11-05T16:20:51.46985Z,1,1,259.10,39218.84,7482.44,17286.23,0.978,1,us-national-bitcoin-reserve-before-2027,0x953b1439569eef0a0e639566acd35d32ebadee8ab70dbb2f8e00bb936a277aa2,"This market will resolve to ""Yes"" if the US government holds any amount of Bitcoin in its reserves at any point by December 31, 2026, 11:59 PM ET. Otherwise, this market will resolve to ""No"". Note that the US government confiscating Bitcoin does not count as holding Bitcoin reserves. The primary res",https://polymarket.com/event/us-national-bitcoin-reserve-before-2027
ukraine-signs-peace-deal-with-russia-before-2027,Ukraine signs peace deal with Russia before 2027?,politics,ukraine|foreign-policy|politics|geopolitics|world|ukraine-peace-deal,2026-12-31T00:00:00Z,224,2025-11-05T18:06:00.699378Z,1,1,22933.45,669523.49,54864.13,197729.47,0.963,0,ukraine-signs-peace-deal-with-russia-before-2027,0x4167e22670f31e5f93d132f78108f3fae809bd15cadf78983eff096845ed1415,"This market will resolve to “Yes” if, Ukraine signs any written instrument (e.g., treaty, ceasefire/armistice, framework/“roadmap,” exchange of letters, or mediated agreement text) that: (i) includes both Ukraine and the Russian Federation as parties, and (ii) either ends hostilities/establishes a c",https://polymarket.com/event/ukraine-signs-peace-deal-with-russia-before-2027
will-hezbollah-disarm-by-march-31,Will Hezbollah disarm by...?,politics,politics|geopolitics|foreign-policy|israel|syria|lebanon,2026-12-31T00:00:00Z,224,2025-11-05T18:16:48.97965Z,3,1,59.77,2928313.60,10960.36,29751.98,0.902,0,will-hezbollah-disarm-by-march-31|will-hezbollah-disarm-by-december-31-632-848|will-hezbollah-disarm-by-april-30-343,0xcfbe2de215f38407317a7ecfff4c13aa591eca2fe428fc203e5669a936009e78|0xf724d37268560ac54688062ff8b1c0411004135e82d1dd6ad00531cc4d985550|0x6b5277be982ad362d2d8ca71ec76d56ac61e2ab9e8b560c4696aec4d128e5e8f,"This market will resolve to ""Yes"" if Hezbollah officially announces it will disarm in Lebanon by March 31, 2026, 11:59 PM ET. Otherwise, this market will resolve to ""No"". Only announcements supported by the Secretary-General of Hezbollah (currently Naim Qassem), a direct successor, or, if the positi",https://polymarket.com/event/will-hezbollah-disarm-by-march-31
nato-article-5-before-2027,NATO article 5 before 2027?,politics,politics|foreign-policy|world|geopolitics|nato,2026-12-31T00:00:00Z,224,2025-11-05T18:51:06.826943Z,1,1,370.59,65509.54,16209.10,36539.23,0.894,0,nato-article-5-before-2027,0xe7743a393cd98bb7a7cd011361b74a0fd12bac3412643873f4661fcc431ed165,"If any NATO member country invokes Article 5 of the North Atlantic Treaty at any time between November 5, 2025 and December 31, 2026, 11:59 PM ET, this market will resolve to ""Yes"". Otherwise, this market will resolve to ""No"". The primary resolution source for this market will be official informatio",https://polymarket.com/event/nato-article-5-before-2027
yoon-out-of-custody-before-2027,Yoon out of custody before 2027?,politics,politics|world|geopolitics|south-korea,2026-12-31T00:00:00Z,224,2025-11-05T19:50:40.526636Z,1,1,1.38,12057.54,11886.82,4712.13,0.851,0,yoon-out-of-custody-before-2027,0x9f94a3f64e8db20bf9d1766643b3bf4c345e3439d282d779775e171c780e9ddf,"This market will resolve to ""Yes"" if President of South Korea Yoon Suk Yeol is released from custody by December 31, 2026, 11:59 PM ET. Otherwise, this market will resolve to ""No"". If Yoon is released but remains under house arrest, the market will still resolve to ""Yes"". If Yoon is released on paro",https://polymarket.com/event/yoon-out-of-custody-before-2027
will-china-unban-bitcoin-by-2027,Will China unban Bitcoin by 2027?,politics,politics|crypto|economy|china|geopolitics|bitcoin|world,2026-12-31T00:00:00Z,224,2025-11-05T20:24:46.940398Z,1,1,5217.84,883417.46,26486.13,128234.11,0.819,10,will-china-unban-bitcoin-by-2027,0x4bd2d6744cfb40bd33520963069947643140e9facccec0b44d1e61944aa96997,"This market will resolve to ""Yes"" if the government of the People's Republic of China (PRC) explicitly announces that Chinese citizens will be allowed to legally buy Bitcoin with yuan (renminbi) from inside China by December 31, 2026, 11:59 PM ET. Otherwise, this market will resolve to ""No"". For thi",https://polymarket.com/event/will-china-unban-bitcoin-by-2027
which-countries-will-donald-trump-visit-in-2026,Which countries will Donald Trump visit in 2026?,politics,trump|politics|foreign-policy|world|geopolitics,2026-12-31T00:00:00Z,224,2025-11-05T16:32:02.677099Z,24,22,338.30,444283.75,100313.08,52587.38,1.000,0,will-donald-trump-visit-switzerland-in-2026|will-donald-trump-visit-syria-in-2026|will-donald-trump-visit-the-united-kingdom-in-2026|will-donald-trump-visit-israel-in-2026|will-donald-trump-visit-canada-in-2026|will-donald-trump-visit-mexico-in-2026|will-donald-trump-visit-saudi-arabia-in-2026|will-donald-trump-visit-japan-in-2026|will-donald-trump-visit-germany-in-2026|will-donald-trump-visit-south-korea-in-2026|will-donald-trump-visit-france-in-2026|will-donald-trump-visit-russia-in-2026|will-donald-trump-visit-ukraine-in-2026|will-donald-trump-visit-taiwan-in-2026|will-donald-trump-visit-china-in-2026|will-donald-trump-visit-italy-in-2026|will-donald-trump-visit-oman-in-2026|will-donald-trump-visit-india-in-2026|will-donald-trump-visit-belarus-in-2026|will-donald-trump-visit-turkey-in-2026|will-donald-trump-visit-north-korea-in-2026|will-donald-trump-visit-ireland-in-2026|will-donald-trump-visit-pakistan-in-2026|will-donald-trump-visit-lebanon-in-2026,0x52e3783933a4b32f7fdd088e8772653cf63a7ae4d749826b20489d03b4bfd133|0x5667b4eec59f39aaee22309f1ecf15ef9a3a3847bbfb705dd098fa5fd5007e9b|0x8782d89527979fd2d97ab44448a7249cdcf83cfddb0c2968216b4ad7a2d42704|0x572971eede0909d69662fe3e09d7c6ada9065ee792b6fa14548e85d6af90ee0b|0xf6279279a7d6a8f5b3389ffea499313812180672d2d13ed32a8524ebd18e3b36|0x4f95cd46bd8135256e761691edad83c8e648b86cafa2e772d3084d3e35153efa|0xa8da044bb908d46d98bfda6f2dbe2ca94007efe851e80dc4467e8856082a2a70|0xbff26f3f5b87131b491a07d8f493d76a1319e8a03d6f526a55b466aa57328df0|0x77abd7f7b1d92d7273479a8e12aa200641a82fc73053dd73502091ac14cce524|0x3ebd55f194a3645e64dceb8f78bf6b9682c24f778b8a20e0ec67e1ddd9bdcf58|0x7fc755ce8c4a2c13073dfdb3946c64fba5fec5f38470d5002f7e63583a66528b|0x40c2dd3dc9e6fb511e58e2a67141b66a97aa569e6b59c9b1f14f65e734c173d1|0x89522d57b6a2cca2f737872db3ca4adcbaf0252fda9a265d90d549e7aee7bd43|0x4eea504d6a9a609f2e6fe6b88de6327755282192ebbae4b3b170eac91b611214|0x96df159cbd669e5182ce0f22430493f12279718e8c23bf654895ca4338899ae0|0xec25fff9ebd7b4ef5fecde23efcc876ed6b75c4870e2d0f0c03fdbe5f56364ab|0x7a1f906385ab2567abba95ad7c758137c6402ff415aa259dccaacd8c8f50d9b5|0x64de3843f040e3b4ea1f205c98ecd6bfc38f293d1c53790f5e1c74c8d2140615|0x5bbddae21d682d0e88da526cf40a628ba62724ebc8f4925b72f9f92909e8959b|0xebb9a87581bb1de91adc9bf9d1a9528cc203976a7f3ab2c9f98b8ef8ff531f30|0x035b7cc0833f825c4476352a1d5edeb870fc8250776803352177d44d34b03c6e|0x3d7540115867219195e1385b619a7c472ac732062552f51738616bcdf6923221|0xc1c987ae6cf96c0c676527c8dfaee295eb7aff785a00d91ca6de37e87738b72c|0xd81282f5791e3354572aa666ee1a2bdb8700e235a6d94b06a49c18c606eef1ce,"If U.S. President Donald Trump visits a listed country between January 1 and December 31, 2026 11:59 PM ET, the relevant market will resolve to ""Yes"". Otherwise, this market will resolve to ""No"". For the purpose of this market, a ""visit"" is defined as Trump physically entering the terrestrial or mar",https://polymarket.com/event/which-countries-will-donald-trump-visit-in-2026
us-iran-nuclear-deal-before-2027,US-Iran nuclear deal before 2027?,politics,israel|politics|foreign-policy|world|iran|middle-east|geopolitics|nuclear,2026-12-31T00:00:00Z,224,2025-11-05T16:51:03.959729Z,1,1,9682.47,1363971.83,103261.66,234919.04,0.987,0,us-iran-nuclear-deal-before-2027,0x182390641d3b1b47cc64274b9da290efd04221c586651ba190880713da6347d9,"This market will resolve to ""Yes"" if an official agreement over Iranian nuclear research and/or nuclear weapon development, defined as a publicly announced mutual agreement, is reached between the United States and Iran by December 31, 2026, 11:59 PM ET. Otherwise, this market will resolve to “No”. ",https://polymarket.com/event/us-iran-nuclear-deal-before-2027
which-countries-will-recognize-palestine-before-2027,Which countries will recognize Palestine before 2027?,politics,politics|geopolitics|world|israel,2026-12-31T00:00:00Z,224,2025-11-05T17:00:54.489856Z,10,10,220.48,625975.58,70857.38,38514.39,0.917,0,will-the-us-recognize-palestine-before-2027|will-italy-recognize-palestine-before-2027|will-the-netherlands-recognize-palestine-before-2027|will-japan-recognize-palestine-before-2027|will-germany-recognize-palestine-before-2027|will-belgium-recognize-palestine-before-2027|will-finland-recognize-palestine-before-2027|will-austria-recognize-palestine-before-2027|will-greece-recognize-palestine-before-2027|will-new-zealand-recognize-palestine-before-2027,0x0acc45f7c62722af4ad639a0e1b08dd324d83a1d728d20f3cdeefd39375aa7f3|0xd904f952c9b101184dda166e40c76268e5bbb68286d6514999f661eb5dd6e2f5|0x759ceaf5eb99bed7eed8a42ad74593a25d6114c88b0475df5e2dba7ad155e4df|0x528fbd8194e1aa1f094589a02f18477b0edd7c4fb413140774a781d847972869|0xc29194f3f96257d0e230310dc9ecd4258da318223174499451f8f3c29cecf9b3|0xd95a7d857f0c05108465c639a2e0643f94b52ed81c9bd08f1b6d20816a91d850|0xec00994dcf039406b7a19e344a47ccadfe523d92feb1ac1661b71c065e87866b|0x21ce0ae1b82299b300f53d22a9971dfef63346a0b8962232a7248eadb48bd39c|0xecf32b871ad1ab9ca961ce1a12d5758c59b07bdcb99f649a1dbe3f07e7cb4bde|0x632131499208f242ade89e799edcf76965fea513e3c26c6f36e1b575f9007d68,"This market will resolve based on the countries that officially recognize Palestine as a state by December 31, 2026, 11:59pm ET. An announcement of intentions will not suffice to resolve this market to ""Yes."" Only a government's formal recognition of the State of Palestine will count toward a “Yes” ",https://polymarket.com/event/which-countries-will-recognize-palestine-before-2027
will-elon-register-any-party-before-2027,Will Elon register any party before 2027?,politics,trump|elon-musk|us-election|america-party|politics,2026-12-31T00:00:00Z,224,2025-11-05T22:02:53.130932Z,1,1,0.00,6068.33,2364.31,3239.56,0.865,0,will-elon-register-any-party-before-2027,0xcfe0bbe16e82c44f353e8e28eb627947848ec164c17c5b7124a0c1d158ed8126,"This market will resolve to ""Yes"" if Elon Musk formally registers a political party in the United States by December 31, 2026 at 11:59 PM ET. Otherwise, this market will resolve to ""No"". The registration must be made with a relevant state or federal election authority and reported as such by a conse",https://polymarket.com/event/will-elon-register-any-party-before-2027
poilievre-out-as-leader-of-conservatives-before-2027,"Poilievre out as leader of Conservatives by December 31, 2026?",politics,pierre|canada|canadian-election|politics|world,2026-12-31T00:00:00Z,224,2025-11-05T17:10:28.253835Z,1,1,143.69,148860.85,16175.90,42594.11,0.874,0,poilievre-out-as-leader-of-conservatives-before-2027,0x189fc3a42652bc98e40592bbdee43cb8160315310ce535a4fa37fd838da64e72,"This market will resolve to “Yes” if Pierre Poilievre ceases to be Leader of the Conservative Party of Canada for any period of time between market creation and the specified date (ET). Otherwise, this market will resolve to “No”. An announcement of Pierre Poilievre's resignation/removal before this",https://polymarket.com/event/poilievre-out-as-leader-of-conservatives-before-2027
obama-divorce-before-2027,Obama divorce before 2027?,politics,politics|obama|culture|celebrities,2026-12-31T00:00:00Z,224,2025-11-05T17:46:54.443004Z,1,1,0.00,1137.54,3990.42,348.05,0.847,0,obama-divorce-before-2027,0x38b1d6bd79d7ac4f4af70dfdc22697a718ae2eb6a9e163ca0b66840791b260a2,"This market will resolve to ""Yes"" if Barack Obama and/or Michelle Obama announce their intention to divorce by December 31, 2026, 11:59 PM ET. Otherwise, this market will resolve to ""No"". An announcement by the specified date of their intention to divorce will be sufficient for a ""Yes"" resolution, r",https://polymarket.com/event/obama-divorce-before-2027
lee-jae-myung-arrested-before-2027,Lee Jae-myung arrested before 2027?,politics,south-korea|world|politics,2026-12-31T00:00:00Z,224,2025-11-05T17:57:13.906631Z,1,1,917.50,321909.41,43207.76,220390.91,0.858,0,lee-jae-myung-arrested-before-2027,0x005de69d6f0d32f8284310d0b0d292f6eb42119fe0ecde7dbd34f7aedce0851c,"This market will resolve to ""Yes"" if the Leader of the Democratic Party of Korea Lee Jae-myung is arrested or detained by law enforcement by December 31, 2026, 11:59 PM ET. Otherwise, this market will resolve to ""No"". A qualifying arrest/detention includes: * Being taken into physical custody by law",https://polymarket.com/event/lee-jae-myung-arrested-before-2027
will-the-us-invade-iran-before-2027,Will the U.S. invade Iran before 2027?,politics,geopolitics|politics|middle-east|israel|iran|trump|world|military-strikes,2026-12-31T00:00:00Z,224,2025-11-05T17:57:04.0673Z,1,1,548008.04,30019057.00,514750.62,6170003.13,0.963,3,will-the-us-invade-iran-before-2027,0x5db999fad322cea2914535aae5517060c3f80ad6d8c0231cde2124a434d16846,"This market will resolve to ""Yes"" if the United States commences a military offensive intended to establish control over any portion of Iran by December 31, 2026, 11:59 PM ET. Otherwise, this market will resolve to ""No"". For the purposes of this market, land de facto controlled by Iran or the United",https://polymarket.com/event/will-the-us-invade-iran-before-2027
us-national-ethereum-reserve-before-2027,US national Ethereum reserve before 2027?,politics,ethereum|politics|economy|finance|crypto|trump,2026-12-31T00:00:00Z,224,2025-11-05T17:57:03.749316Z,1,1,1.21,16148.21,2637.88,3049.90,0.874,0,us-national-ethereum-reserve-before-2027,0x3bdf487707735a1ca84079e6a4020147c5d865c4621b7a966ca2cdd0dd7ee5b0,"This market will resolve to ""Yes"" if the US government holds any amount of Ethereum in its reserves at any point by December 31, 2026, 11:59 PM ET. Otherwise, this market will resolve to ""No"". Note that the US government confiscating Ethereum does not count as holding Ethereum reserves. The primary ",https://polymarket.com/event/us-national-ethereum-reserve-before-2027
will-trump-cut-corporate-taxes-before-2027,Will Trump cut corporate taxes before 2027?,politics,politics|trump|business|economy|taxes,2026-12-31T00:00:00Z,224,2025-11-05T18:05:56.278594Z,1,1,0.00,15673.22,4640.30,620.21,0.850,0,will-trump-cut-corporate-taxes-before-2027,0xc005f6bbab45762a81273660e306c85cfbf283f8c705ba67c537d30e9ffa2ad2,"This market will resolve to ""Yes"" if Donald J. Trump, as President of the United States, signs into law a bill that lowers the corporate tax rate in the United States below 21% at any point by December 31, 2026, 11:59 PM ET. Otherwise, this market will resolve to ""No."" Note that the cut does not nee",https://polymarket.com/event/will-trump-cut-corporate-taxes-before-2027
will-ukraine-agree-to-give-up-the-rest-of-donbas-before-2027,Will Ukraine agree to give up the rest of Donbas before 2027?,politics,ukraine|geopolitics|donestk|world|politics|ukraine-peace-deal,2026-12-31T00:00:00Z,224,2025-11-05T18:16:41.924015Z,1,1,0.00,73008.92,19100.79,12755.83,0.885,0,will-ukraine-agree-to-give-up-the-rest-of-donbas-before-2027,0xbac2d74fbb7ab5f72b557605538376485d1a093bd9a526584b33153a83a74d97,"This market will resolve to ""Yes"" if a deal in which Ukraine agrees to cede de facto control of all major cities under their control in the Donetsk and Luhansk Oblasts is reached between the Russian Federation and Ukraine by December 31, 2026, 11:59 PM ET. Otherwise, this market will resolve to “No”",https://polymarket.com/event/will-ukraine-agree-to-give-up-the-rest-of-donbas-before-2027
israel-and-lebanon-normalize-relations-before-2027,Israel and Lebanon normalize relations before 2027?,politics,israel|world|lebanon|politics|geopolitics|middle-east|israel-x-iran,2026-12-31T00:00:00Z,224,2025-11-05T18:16:50.981312Z,1,1,7802.33,165891.43,22638.97,41318.26,0.904,0,israel-and-lebanon-normalize-relations-before-2027,0xfb013a43c6ea97f5af4515baefbefdc2a9cfeca1d764aa9f3ce1f6bd93002dfe,"This market will resolve to ""Yes"" if both Israel and Lebanon officially announce the establishment of diplomatic relations by December 31, 2026, 11:59 PM ET. Otherwise, this market will resolve to ""No"". The primary resolution source for this market will be official information from Israel and the Le",https://polymarket.com/event/israel-and-lebanon-normalize-relations-before-2027
milei-out-as-president-of-argentina-before-2027,Milei out as President of Argentina before 2027?,politics,argentina|geopolitics|world|politics,2026-12-31T00:00:00Z,224,2025-11-05T18:16:51.940143Z,1,1,65244.77,101853.83,19546.85,11939.24,0.838,0,milei-out-as-president-of-argentina-before-2027,0xa0a4bd25cdbdb09d7d90d7fa1dab25d7cefcb0048cd9a78afbbf868b66c85815,"This market will resolve to “Yes” if Javier Milei ceases to be the President of Argentina for any period of time by December 31, 2026, 11:59 PM ET. Otherwise, this market will resolve to “No”. An announcement of Javier Milei's resignation/removal before this market's end date will immediately resolv",https://polymarket.com/event/milei-out-as-president-of-argentina-before-2027
fed-abolished-before-2027,Fed abolished before 2027?,politics,economy|trump|politics|jerome-powell,2026-12-31T00:00:00Z,224,2025-11-05T18:16:49.815786Z,1,1,0.00,4118.86,13770.42,2564.80,0.824,0,fed-abolished-before-2027,0x014c25415332031ed85a2a9c7b5468c7d0f209e83f6a848c040907004604f563,"This market will resolve to ""Yes"" if the United States Federal Reserve is formally abolished by December 31, 2026 11:59pm ET. Otherwise, this market will resolve to ""No"". The primary resolution source for this market will be information from the US federal government, however a consensus of credible",https://polymarket.com/event/fed-abolished-before-2027
trump-removed-via-25th-amendment-before-2027,Trump removed via 25th Amendment before 2027?,politics,politics|trump,2026-12-31T00:00:00Z,224,2025-11-05T18:16:50.769527Z,1,1,111.11,26599.58,25194.08,10583.38,0.847,0,trump-removed-via-25th-amendment-before-2027,0x57daa520ae47dc77352fe7387adf820c4ab58d46d9ffb814849ef5e672e1322a,"This market will resolve to ""Yes"" if Donald Trump is formally removed from the office of the President of the United States by means of the process outlined in Section 4 of the 25th Amendment to the US Constitution by December 31, 2026, 11:59 PM ET. Otherwise, this market will resolve to ""No"". If th",https://polymarket.com/event/trump-removed-via-25th-amendment-before-2027
obama-federally-charged-before-2027,Obama federally charged before 2027?,politics,obama|politics|trump,2026-12-31T00:00:00Z,224,2025-11-05T18:29:19.118415Z,1,1,4.04,8459.34,12641.98,3973.94,0.848,0,obama-federally-charged-before-2027,0xa94ef125d76c8bf0aa84a43833e1d17d7fc69d11d049359f1897ad3193b1c38c,"This market will resolve to ""Yes"" if the United States federal government formally charges or announces a criminal indictment of Barack Obama by December 31, 2026 11:59pm ET. Otherwise, this market will resolve to ""No"". For the purposes of this market the District of Columbia and any county, municip",https://polymarket.com/event/obama-federally-charged-before-2027
will-north-korea-invade-south-korea-before-2027,Will North Korea invade South Korea before 2027?,politics,world|north-korea|south-korea|geopolitics|politics,2026-12-31T00:00:00Z,224,2025-11-05T18:29:19.720865Z,1,1,0.00,75956.05,20393.42,38652.36,0.841,0,will-north-korea-invade-south-korea-before-2027,0x84dc47b1dd9cd99a9217b92a95690729334b647650bb6bf676bb31c3db0d7f79,"This market will resolve to ""Yes"" if North Korea commences a military offensive intended to establish control over any portion of the South Korea by December 31, 2026, 11:59 PM ET. Otherwise, this market will resolve to ""No"". The resolution source for this market will be will be official confirmatio",https://polymarket.com/event/will-north-korea-invade-south-korea-before-2027
zohran-mamdani-citizenship-revoked-before-2027,Zohran Mamdani citizenship revoked before 2027?,politics,elections|nyc-mayor|mamdani|mayoral-elections|nov-4-elections|trump|politics|trump-x-mamdani,2026-12-31T00:00:00Z,224,2025-11-05T18:40:13.537912Z,1,1,0.00,25119.75,12152.28,3132.43,0.806,0,zohran-mamdani-citizenship-revoked-before-2027,0x62f5f96a0b50e5be808796c59e35cde5932cd8448917ffe8107f2abd0c7c0508,"This market will resolve to ""Yes"" if Zohran Mamdani's U.S. citizenship is officially rescinded by December 31, 2026, 11:59 PM ET. Otherwise, this market will resolve to ""No"". The primary resolution sources will be information from the government of the United States, however a consensus of credible ",https://polymarket.com/event/zohran-mamdani-citizenship-revoked-before-2027
kim-jong-un-out-as-supreme-leader-of-north-korea-before-2027,"Kim Jong Un out as Supreme Leader of North Korea by December 31, 2026?",politics,geopolitics|world|politics|north-korea,2026-12-31T00:00:00Z,224,2025-11-05T18:40:13.855123Z,1,1,19376.73,95613.83,14002.46,23559.39,0.835,0,kim-jong-un-out-as-supreme-leader-of-north-korea-before-2027,0x9ed2a24391123c685db5c48ea043ee9bd714a144be4a9a0c48d146d521cf9f93,"This market will resolve to “Yes” if Kim Jong Un ceases to be Supreme Leader of North Korea for any period of time between market creation and the specified date (ET). Otherwise, this market will resolve to “No”. An announcement of Kim Jong Un's resignation/removal before this market's end date will",https://polymarket.com/event/kim-jong-un-out-as-supreme-leader-of-north-korea-before-2027
obama-arrested-before-2027,Obama arrested before 2027?,politics,obama|politics|trump,2026-12-31T00:00:00Z,224,2025-11-05T18:51:06.799742Z,1,1,35.80,7774.64,13224.60,3672.00,0.852,0,obama-arrested-before-2027,0x70b226359baf2441d277d46fe796af532992f42d792fc2fe444ad21d2f4cc1da,"This market will resolve to ""Yes"" if Barack Obama is arrested by December 31, 2026, 11:59 PM ET. Otherwise, this market will resolve to ""No"". A qualifying arrest/detention includes: * Being taken into physical custody by law enforcement authorities (including federal, state, local, military, or inte",https://polymarket.com/event/obama-arrested-before-2027
which-country-will-join-abraham-accords-before-2027,Which country will join Abraham Accords before 2027?,politics,middle-east|politics|gaza|geopolitics|abraham-accords|world|israel,2026-12-31T00:00:00Z,224,2025-11-05T19:01:08.985833Z,7,7,80.00,568843.12,66583.23,47922.23,0.943,0,will-oman-join-the-abraham-accords-before-2027|will-kuwait-join-the-abraham-accords-before-2027|will-syria-join-the-abraham-accords-before-2027|will-lebanon-join-the-abraham-accords-before-2027|will-saudi-arabia-join-the-abraham-accords-before-2027|will-azerbaijan-join-the-abraham-accords-before-2027|will-somaliland-join-the-abraham-accords-before-2027,0xc1bd3bfadea871e846ad2e7a09cdf56da632137a4d5e96da08b0134975ce4237|0x4e4d65ad049ce46e0d4939ce4d00bcb95134cdbd0c1d39b6e63a4235fccae888|0x985b12455df199faf9ea77159bbcaa425dc5c4664fb07fd54f471ceb5d1d8e7f|0xd826bae66455a0b931a6bdabf81f4102c7476409d9ab55b77183e5c8db064f13|0x15f442103bfad36b0dcc569d9698b4d020d12a2c935b9ac9050bb190a9238ec6|0x0150e8238df20ad29b32b8880f5a8b096252ad55c819caf4019d85052e3d89d9|0x82ec29323ad31bab12038200ab276db8ebc596a0a8ae8a5f8db2dfb6d2cb4942,"This market will resolve to ""Yes"" if the listed country formally signs a normalization agreement with Israel under the framework of the Abraham Accords by December 31, 2026, 11:59 PM ET. Otherwise, this market will resolve to ""No"". A formal signing refers to an official agreement between Israel and ",https://polymarket.com/event/which-country-will-join-abraham-accords-before-2027
will-us-withdraw-from-nato-before-2027,Will US withdraw from NATO by...?,politics,politics|world|trump|foreign-policy|ukraine|geopolitics|greenland|nato,2026-12-31T00:00:00Z,224,2025-11-05T19:10:34.893313Z,3,2,2321.98,5450754.57,97956.25,373594.53,0.850,70,will-us-withdraw-from-nato-before-2027-348-975-598-224-737|will-us-withdraw-from-nato-by-april-30-583-663|will-us-withdraw-from-nato-by-june-30,0x09bd898af149ff142f72abd30709dadf4fedafcce3b00ef37fd62a733063d7c9|0x74d91fa19bbdae4b7afba167f3d297d7c135d87053b1433d1d71d966da64550b|0x85177fe9a496ab6369104add4ec3f2896c72e139b324310cfa59fab523303b0f,"This market will resolve to ""Yes"" if the United States formally initiates a withdrawal from NATO or provides an official notice of denunciation to NATO by December 31, 2026, 11:59 PM ET. Otherwise, this market will resolve to ""No"". A notice of denunciation refers to the submission of a notice of wit",https://polymarket.com/event/will-us-withdraw-from-nato-before-2027
will-elon-musk-announce-presidential-run-before-2027,Will Elon Musk announce Presidential run before 2027?,politics,elon-musk|politics|trump,2026-12-31T00:00:00Z,224,2025-11-05T19:10:35.107289Z,1,1,0.00,16368.22,14352.19,5477.01,0.844,0,will-elon-musk-announce-presidential-run-before-2027,0xd38ce5ecef557567663c536ba6e11945b42589f208367e6cb8b68c894ee9d901,"This market will resolve to ""Yes"" if Elon Musk officially announces that he is running for U.S. President in the 2028 presidential election between November 5, 2025, and December 31, 2026, 11:59 PM ET. Otherwise, this market will resolve to ""No"". For the purpose of resolving this market, an announce",https://polymarket.com/event/will-elon-musk-announce-presidential-run-before-2027
will-trump-cut-long-term-capital-gains-tax-before-2027,Will Trump cut long term capital gains tax before 2027?,politics,trump|politics|taxes|economy,2026-12-31T00:00:00Z,224,2025-11-05T19:10:35.10962Z,1,1,0.00,1575.79,604.97,431.92,0.973,0,will-trump-cut-long-term-capital-gains-tax-before-2027,0x0e447f6d7435af8eb5ab4ff629d5b71c936062c9528de3dbaf1e0ff57cfdf8c5,"This market will resolve to ""Yes"" if legislation that reduces the federal long-term capital gains tax rate for the highest bracket is signed into law by December 31, 2026, 11:59 PM ET. Otherwise, this market will resolve to ""No"". A reduction to the top income bracket for long term capital gains tax ",https://polymarket.com/event/will-trump-cut-long-term-capital-gains-tax-before-2027
us-forces-in-gaza-before-2027,U.S. forces in Gaza before 2027?,politics,foreign-policy|gaza|israel|palestine|middle-east|geopolitics|politics,2026-12-31T00:00:00Z,224,2025-11-05T19:10:34.651311Z,1,1,1.15,50182.74,1460.63,3395.33,0.902,0,us-forces-in-gaza-before-2027,0x10dc09c7fb32ce782e2f1f383eb84c2b5434281f488e6eb6651b2a7d91ac3d34,"This market will resolve to “Yes” if active regular US military personnel physically enter Gaza by December 31, 2026, 11:59 PM ET. US military personnel must physically enter the terrestrial territory of the Gaza Strip to qualify. Entering the maritime territory, as occurred during the US’s attempt ",https://polymarket.com/event/us-forces-in-gaza-before-2027
will-trump-reduce-the-deficit-before-2027,Will Trump reduce the deficit before 2027? ,politics,economy|politics|trump,2026-12-31T00:00:00Z,224,2025-11-05T19:21:47.211326Z,1,1,29.90,1492.57,1212.66,435.00,0.826,0,will-trump-reduce-the-deficit-before-2027,0xe0acd0255dbd9274d22d8c1b226c9a2b60bad9098507ce8e7d72dede580cd57a,"The U.S. federal budget deficit for September 2025 was $197,949,630,362.16 (see: https://fiscaldata.treasury.gov/datasets/monthly-treasury-statement/summary-of-receipts-outlays-and-the-deficit-surplus-of-the-u-s-government). This market will resolve to ""Yes"" if the Monthly Treasury Statement (MTS) r",https://polymarket.com/event/will-trump-reduce-the-deficit-before-2027
ukraine-joins-nato-before-2027,Ukraine joins NATO before 2027?,politics,ukraine|world|politics|foreign-policy|geopolitics|putin|nato,2026-12-31T00:00:00Z,224,2025-11-05T19:30:51.060005Z,1,1,320.43,1135630.48,16500.34,8025.12,0.827,0,ukraine-joins-nato-before-2027,0x48c2b06383f2bfe38ce3c68fc7623586b11817d061f52ecada284c82eb717f39,"If Ukraine has officially joined NATO as a full member state at any point by December 31, 2026, 11:59 PM ET this market will resolve to “Yes”. Otherwise, this market will resolve to ""No."" The primary settlement source for this market will be the official NATO website (https://www.nato.int/cps/en/nat",https://polymarket.com/event/ukraine-joins-nato-before-2027
will-a-province-schedule-a-referendum-to-leave-canada-before-2027,Will a province schedule a referendum to leave Canada before 2027?,politics,canada|politics|world|geopolitics,2026-12-31T00:00:00Z,224,2025-11-05T19:30:51.779911Z,1,1,6392.93,439676.64,23859.78,129567.34,0.996,0,will-a-province-schedule-a-referendum-to-leave-canada-before-2027,0x006e3bc30b325c9cd4e4a35e33738e7f49634dc353f8495303d511b875d8ad5b,"This market will resolve to ""Yes"" if any provincial government in Canada officially schedules a referendum concerning the province’s potential secession from Canada, by December 31, 2026, 11:59 PM ET. Otherwise, this market will resolve to ""No."" Any referendum that establishes the province's desire ",https://polymarket.com/event/will-a-province-schedule-a-referendum-to-leave-canada-before-2027
cap-on-gambling-loss-deductions-repealed-before-2027,Cap on gambling loss deductions repealed before 2027?,politics,taxes|politics,2026-12-31T00:00:00Z,224,2025-11-05T19:40:51.367155Z,1,1,89.94,68530.69,14346.47,4021.51,0.979,0,cap-on-gambling-loss-deductions-repealed-before-2027,0x53df5241badaf209246d9f7df107ff37fe439d626a4c62c7f2cbd608c8541292,"This market will resolve to ""Yes"" if the 90% cap on gambling loss deductions enacted in the 2025 ""Big Beautiful Bill"" is fully repealed by December 31, 2026, 11:59 PM ET. Otherwise, this market will resolve to ""No"". To qualify as a repeal, the cap must be entirely remove any cap limiting gambling lo",https://polymarket.com/event/cap-on-gambling-loss-deductions-repealed-before-2027
lee-jae-myung-impeached-before-2027,Lee Jae-myung impeached before 2027?,politics,south-korea|politics|world,2026-12-31T00:00:00Z,224,2025-11-05T19:40:49.761549Z,1,1,0.00,9155.16,18860.99,6236.73,0.855,0,lee-jae-myung-impeached-before-2027,0xd69b811efbf143f5eee39c1014724e1e9d97303dd81d3ea18fed994fa305ac2b,"This market will resolve to ""Yes"" if the President of South Korea, Lee Jae-myung, is formally impeached by the South Korean National Assembly by December 31, 2026, 11:59 PM ET. Otherwise, this market will resolve to ""No."" For this market to resolve to ""Yes"" it is only necessary that the National Ass",https://polymarket.com/event/lee-jae-myung-impeached-before-2027
friedrich-merz-out-as-chancellor-of-germany-before-2027,Friedrich Merz out as Chancellor of Germany before 2027?,politics,world|politics|germany,2026-12-31T00:00:00Z,224,2025-11-05T19:40:45.390082Z,1,1,2240.67,196688.39,24905.14,117001.14,0.902,0,friedrich-merz-out-as-chancellor-of-germany-before-2027,0x176e84015b1cc54d470836ef1d8a60753e17fa232d9b55e9aa8dde580d03f436,"This market will resolve to “Yes” if Friedrich Merz ceases to be the Chancellor of Germany for any period of time by December 31, 2026, 11:59 PM ET. Otherwise, this market will resolve to “No”. An announcement of Friedrich Merz's resignation/removal before this market's end date will immediately res",https://polymarket.com/event/friedrich-merz-out-as-chancellor-of-germany-before-2027
nord-stream-pipeline-turned-on-before-2027,Nord Stream pipeline turned on before 2027?,politics,ukraine|trump|politics|geopolitics|foreign-policy|russia,2026-12-31T00:00:00Z,224,2025-11-05T19:40:52.114824Z,1,1,46.91,10618.59,9211.42,2979.12,0.825,0,nord-stream-pipeline-turned-on-before-2027,0x55ad441bdaa0391bcdb47bdd939d995f3b6b51531904f0207c3b7316ecde5e13,"This market will resolve to ""Yes"" if any line of either Nord Stream 1 or Nord Stream 2 delivers natural gas to Germany or any EU member state in commercial quantities at any point by December 31, 2026, 11:59 PM ET. Otherwise, this market will resolve to ""No"". ""Commercial quantities"" refers to sustai",https://polymarket.com/event/nord-stream-pipeline-turned-on-before-2027
will-israel-annex-west-bank-territory-before-2027,Will Israel annex West Bank territory before 2027?,politics,israel|geopolitics|world|politics|gaza|middle-east,2026-12-31T00:00:00Z,224,2025-11-05T19:40:49.765252Z,1,1,0.00,67861.32,14161.51,8387.05,0.874,0,will-israel-annex-west-bank-territory-before-2027,0x794fbb668b14dacd636ff47a39e2294148420577e38278e11adf14655ad6cfe0,"This market will resolve to ""Yes"" if Israel officially annexes any territory in the West Bank by December 31, 2026, 11:59 PM ET. Otherwise, this market will resolve to ""No."" Annexation is defined as an official declaration or legal act by the Israeli government claiming sovereignty over territory in",https://polymarket.com/event/will-israel-annex-west-bank-territory-before-2027
peak-us-national-debt-before-2027,Peak US National Debt before 2027?,politics,politics|economy,2026-12-31T00:00:00Z,224,2025-11-05T19:50:51.703806Z,4,3,6.31,11077.22,9979.30,3063.02,0.856,0,will-the-us-national-debt-hit-39-trillion-before-2027|will-the-us-national-debt-hit-40-trillion-before-2027|will-the-us-national-debt-hit-41-trillion-before-2027|will-the-us-national-debt-hit-42-trillion-before-2027,0xc5d9018b5932771bb50e0f297bda85a1adb34b027ef579800449e451d01912cb|0x83c948109c75656cc3a996b589052be0d06f68ebb016a14f82b0ded1faaa05ad|0xc552c2d96a844be039ad665435bef6d2b256e304ebc596a0c2fca40e3340c20b|0x1f9a27523f446ac64949dbbf8dfb385e9e7cc3516aec0a3c3a7cae9ca4df63b5,"This market will resolve to ""Yes"" if the U.S. national debt reaches the listed value this year at any point by December 31, 2026, 11:59 PM ET. Otherwise, this market will resolve to ""No"". The resolution source for this market will be the U.S. Treasury Department (https://www.treasurydirect.gov/NP_WS",https://polymarket.com/event/peak-us-national-debt-before-2027
iran-nuclear-test-before-2027,Iran nuclear test before 2027?,politics,politics|middle-east|iran|geopolitics|foreign-policy|world|nuclear,2026-12-31T00:00:00Z,224,2025-11-05T19:50:45.660504Z,1,1,1062.83,194582.07,24007.79,30612.37,0.847,0,iran-nuclear-test-before-2027,0x765e5daae966128da2acac8edab65d23abcabcf8958563a490d24c3498812c85,"This market will resolve to ""Yes"" if Iran conducts a nuclear test by December 31, 2026 11:59pm ET. Otherwise, this market will resolve to ""No"". A nuclear test is defined as the intentional non-combat detonation of a device by Iran that produces a nuclear chain reaction (fission or fusion), regardles",https://polymarket.com/event/iran-nuclear-test-before-2027
will-iran-withdraw-from-the-npt-before-2027,Will Iran withdraw from the NPT before 2027?,politics,nuclear|iran|middle-east|geopolitics|politics,2026-12-31T00:00:00Z,224,2025-11-05T19:50:40.883109Z,1,1,6.00,122291.12,15810.04,8601.87,0.884,0,will-iran-withdraw-from-the-npt-before-2027,0x3e0845c4736ae232c57b347d05f6145650416dfd3adb0fa5d7ddd335c64a84ca,"This market will resolve to ""Yes"" if the Islamic Republic of Iran formally notifies the United Nations of its decision to withdraw from the Nuclear Non-Proliferation Treaty (NPT), pursuant to Article X of the treaty by December 31, 2026 at 11:59 PM ET. Otherwise, this market will resolve to ""No."" To",https://polymarket.com/event/will-iran-withdraw-from-the-npt-before-2027
us-defaults-on-debt-by-2027,US defaults on debt by 2027?,politics,politics|economy,2026-12-31T00:00:00Z,224,2025-11-05T19:50:42.248776Z,1,1,0.00,15052.96,4191.42,3455.08,0.830,0,us-defaults-on-debt-by-2027,0x5b9cb2fbdfb50eae19a1fdd228487ff797fab1539a1e74565b5e6ad3b586368b,"This market will resolve to ""Yes"" if the United States federal government fails to make a scheduled payment on any Treasury note, bond, or bill at any point between November 5, 2025, and December 31, 2026, 11:59 PM ET. Otherwise, this market will resolve to ""No"". If Standard & Poor’s, Moody’s, or Fi",https://polymarket.com/event/us-defaults-on-debt-by-2027
us-congress-stock-trading-ban-before-2027,US congress stock trading ban before 2027?,politics,politics|trump,2026-12-31T00:00:00Z,224,2025-11-05T20:00:51.090532Z,1,1,0.00,17555.51,8579.26,9856.31,0.859,0,us-congress-stock-trading-ban-before-2027,0x5a7b2487e9aa2d1128c556e49f73495613ec982c41e3a52514b3fb7672812982,"This market will resolve to ""Yes"" if any bill with the effect of banning sitting members of the US congress from trading stocks is signed into law by December 31, 2026, 11:59 PM ET. Otherwise, this market will resolve to ""No"". The primary resolution source for this market will be official informatio",https://polymarket.com/event/us-congress-stock-trading-ban-before-2027
another-us-debt-downgrade-before-2027,Another US debt downgrade before 2027?,politics,economy|politics,2026-12-31T00:00:00Z,224,2025-11-05T20:00:49.760763Z,1,1,30.00,10126.20,2713.99,2672.71,0.899,0,another-us-debt-downgrade-before-2027,0x5a60b4be0fe9dc72939aa24102bb320803cb6d1d43e4945eda48efd683a88572,"This market will resolve to ""Yes"" if the United States' long-term sovereign credit letter rating is downgraded by any of the three major credit rating agencies (S&P, Moody's, Fitch) at any point by December 31, 2026 11:59pm ET. Otherwise, this market will resolve to ""No"". The resolution source for t",https://polymarket.com/event/another-us-debt-downgrade-before-2027
ahmed-al-sharaa-out-as-leader-of-syria-before-2027,"Ahmed al-Sharaa out as leader of Syria by December 31, 2026?",politics,trump-x-al-sharaa|middle-east|politics|israel|syria|geopolitics|world,2026-12-31T00:00:00Z,224,2025-11-05T20:00:39.107746Z,1,1,0.00,56666.07,10110.57,1875.76,0.862,0,ahmed-al-sharaa-out-as-leader-of-syria-before-2027,0x568d872051e7b699d8e056b76d470d3f8a0e423c7a79c7aace4dffb60bebfb27,"This market will resolve to “Yes” if Ahmed al-Sharaa ceases to be President of Syria for any period of time between market creation and the specified date (ET). Otherwise, this market will resolve to “No”. An announcement of Ahmed al-Sharaa's resignation/removal before this market's end date will im",https://polymarket.com/event/ahmed-al-sharaa-out-as-leader-of-syria-before-2027
how-many-people-will-trump-deport-in-2026-823,How many people will Trump deport in 2026?,politics,geopolitics|politics|immigration|trump,2026-12-31T00:00:00Z,224,2025-11-05T16:50:56.564543Z,10,10,47.40,105973.25,67929.96,9017.84,0.987,0,will-trump-deport-less-than-200k-people-138|will-trump-deport-200-300k-people-333|will-trump-deport-300-400k-people-851|will-trump-deport-400-500k-people-588|will-trump-deport-500-600k-people-766|will-trump-deport-600-700k-people-854|will-trump-deport-700-800k-people-847|will-trump-deport-800-900k-people-745|will-trump-deport-900k-1m-people-372|will-trump-deport-more-than-1m-people-677,0xb2d0a02bc6dd49d5dce5b10246d4221377c37a028c6fc06209a412f9bfb7e195|0xccb52c915cd4e825665dc00c274f78aa13c047b559fae7a1b600b9d1f375746f|0xfe03abb00e18ab3a241a77ad5d0d170d95610c881a84422a2206c615eb696b03|0x5851bae96eeb26f343fa3c39602ce4d63f58629afdbc58bf409d565425f23443|0x9cf87b067740fc6c9cd1394bda541a3a05f2cc39b047df924923bce92505354c|0x33b7277c03e7fb10118243ce15a26dadc34bce7a3d43a7738a5896bdcefb31f7|0xf2736824877bbe44197ed0df54dbc74b65ffcab7dd5dac444d2526be30ae9bda|0x29fe6822575fba5dfee9f1a0db1323e54d47ae093c563cca97b3dfce1d5b9b10|0x451ba208a7154c5f7fa204db8e32d2ee86f313377f6074b50c72294ed1def69b|0xfc60582cc8fdf0811452b26cbdd9af5cdbeb884430b039a3487ef6ddd754a2ac,"During the 2024 FY ICE removed 271,484 non citizens (see: https://www.ice.gov/doclib/eoy/iceAnnualReportFY2024.pdf). This market will resolve according to the number of non citizens removed by U.S. Immigration and Customs Enforcement (ICE) in the 2026 fiscal year. The resolution source will be the F",https://polymarket.com/event/how-many-people-will-trump-deport-in-2026-823
who-will-trump-meet-with-in-2026,Who will Trump meet with in 2026?,politics,world|trump|politics|geopolitics,2026-12-31T00:00:00Z,224,2025-11-05T22:02:47.091167Z,24,16,2198.69,487710.57,104007.19,49134.32,1.000,0,will-trump-meet-with-maria-corina-machado-in-2026|will-trump-meet-with-nick-fuentes-in-2026|will-trump-meet-with-kim-jong-un-in-2026|will-trump-meet-with-volodymyr-zelenskyy-in-2026|will-trump-meet-with-xi-jinping-in-2026|will-trump-meet-with-mohammed-bin-salman-in-2026|will-trump-meet-with-ali-khamenei-in-2026|will-trump-meet-with-keir-starmer-in-2026|will-trump-meet-with-lai-ching-te-in-2026|will-trump-meet-with-lula-da-silva-in-2026|will-trump-meet-with-javier-milei-in-2026|will-trump-meet-with-mrbeast-in-2026|will-trump-meet-with-jair-bolsonaro-in-2026|will-trump-meet-with-yoon-suk-yeol-in-2026|will-trump-meet-with-abdel-fattah-el-sisi-in-2026|will-trump-meet-with-ishowspeed-in-2026|will-trump-meet-with-ahmed-al-sharaa-in-2026|will-trump-meet-with-vladimir-putin-in-2026|will-trump-meet-with-friedrich-merz-in-2026|will-trump-meet-with-pope-leo-xiv-in-2026|will-trump-meet-with-aleksandr-lukashenko-in-2026|will-trump-meet-with-changpeng-zhao-in-2026|will-trump-meet-with-nicols-maduro-in-2026|will-trump-meet-with-giorgia-meloni-by-december-31-2026,0x9a7ff0658d1d8d63037689ef7316d1f60d12e98b63b67f2fec44ddd13e8980f8|0xb94be43d8a8a9a3f1eae80196b1de733c38bca14520e3c359e5bf91d9628bf15|0xb5395470c9b87f5ae8ffc719c1376aa89b493adf083e01cb8064e683fbaa18fc|0x5b02289597b1cbc46128dc702ca432c5bfa9a177e2fa6414e5acaf5f01921fb4|0x3d6148ee5b42224e83416e728fa2df2242ecb1e025782bece2d4f5b45a2ab987|0x1d64e87444a527dc7363c4c4f9b1ba3d4096944d4e15f98ebb0c6ec065efc63b|0xbc7e2edc598ddd8b361c81da115ba2d2d5e6e51d5909791959dce8447b796407|0x16f8fc62c90a5fd7ff053fd23b1900884e59ad677b68c01f4df7a780c4081cc5|0xe9d59a33a4d94c334684fb785cacf7c200e760f2003ef76289bfb244387a5940|0xd58137f27be545738823871ba165e09f01228e780641c071be646654deaced81|0x933fe39bb1a05bd96e4a81de2ceff5accea1ace5dc1cb8c57ff4fd0a992a21f5|0x498ffa5e6c0d68092e0881a59c7ea4cf4b940874fd697e22f6e25b843aa692ce|0xd791829a13a854f0dbae5206b54cd851e35a66be3e7ab07745f7ad3290e1432c|0xe05a7b7f94ccae169cb558e3c17b24f0747dcf0f0691ae8f46b0dc495647b9b0|0x2b0b87367d7a1cb580808b23d0bf82490ce14aa4b392783473a5587c58fcf1e0|0xea1490ae7a5f6c3e451dc7e243a1b4121a7f8d5a1dcfd68ca04e1cfc98f1a509|0x6fb581b1640953e05e46d454f5e7907c5988dcade6781c8c8f812b32a47a1d45|0xc57bc9d0d9890815aa31d498d57af5d2d6e8d5245fd5ab104dfd7aed8c7b7081|0x24ba2b9a7c07fcaab603896dc5b94b5d6a659effd2cae1b1e32059dfc28b9f5d|0x01d0f23e9b1acca5768a5ed358c9058b942d0cafac99d116540e13637311a9ea|0x9a59e167b7111dcfbd1b42b55a1105cfea20989105d1b65a267fb81419bc02a2|0xfad2167317be5a9fa5f7d2290494692d320a93dced3a4160119894d48e960a40|0xc05743834659d9b618a2a5ece270ad7e0846238178d4e0f7005b9d1deb808fb3|0x7e20c901df94dece914f2b7e4a3b01fa5784f8e55beacc56b1263527d3bb15dc,"This market will resolve to ""Yes"" if the listed individual meets with Donald Trump between January 1, and December 31, 2026, 11:59 PM ET. Otherwise, this market will resolve to ""No"". A meeting is defined as any encounter where both listed individual and Trump are present and interact with each other",https://polymarket.com/event/who-will-trump-meet-with-in-2026
who-will-leave-trump-administration-before-2027,Who will leave Trump Administration before 2027?,politics,trump|politics,2026-12-31T00:00:00Z,224,2025-11-05T17:37:51.896335Z,20,17,1565.06,1159473.63,101479.51,116197.66,1.000,0,will-susie-wiles-leave-the-trump-administration-before-2027|will-dan-scavino-leave-the-trump-administration-before-2027|will-david-sacks-leave-the-trump-administration-before-2027|will-russell-vought-leave-the-trump-administration-before-2027|will-tom-homan-leave-the-trump-administration-before-2027|will-john-ratcliffe-leave-the-trump-administration-before-2027|will-stephen-miller-leave-the-trump-administration-before-2027|will-robert-f-kennedy-jr-leave-the-trump-administration-before-2027|will-pete-hegseth-leave-the-trump-administration-before-2027|will-scott-bessent-leave-the-trump-administration-before-2027|will-pam-bondi-leave-the-trump-administration-before-2027|will-howard-lutnick-leave-the-trump-administration-before-2027|will-kash-patel-leave-the-trump-administration-before-2027|will-karoline-leavitt-leave-the-trump-administration-before-2027|will-marco-rubio-leave-the-trump-administration-before-2027|will-tulsi-gabbard-leave-the-trump-administration-before-2027|will-lee-zeldin-leave-the-trump-administration-before-2027|will-dan-bongino-leave-the-trump-administration-before-2027|will-kristi-noem-leave-the-trump-administration-before-2027|will-lori-chavez-deremer-leave-the-trump-administration-before-2027,0xa8ce9e92890d683bee3fb877f69b88fde9fe6665fdd4e078f84f7c91fdf390be|0x133cb0cae12996144dd3ceed5c5524c38e2493bf2c2f412cec16ea9e4dc86cd1|0x41e7c27975bd53fe08a5ab30960934bfea92b60b88f56ee9d9b42b8b0c97d98d|0xa2df577205d2ce04af348ef5d5174259c5990d20784e1a063992c1f155b2ec27|0xaaf71e9c0dd6115c5e981eb0d3c7a9136d3f527402fde1561441fa9e392d1127|0xc3bbe4f2c5da7562443c176bb95590a33ae534111d6f1682e35aafa4add68213|0x8e2c840905e4089910b2797984e2331e23be0b0071ddcb67c466a120faf05b60|0xbb0d2443a9c76fce0910ca7a602f3a6d56bc676c9a1b078829fd20a782e2560f|0xeae757a623cf6a8e4d63ab5ebca6739519f87f3506accbfdd75ae514a72bf461|0xe51901c28b674d46cca978bb16790dbb42e291c31ce2acc8faa7bb16960c8eda|0x79e008f552c7459175380ec2ba980780067b1bfe6afe07805c8d56a240a7628a|0x6eb86679303704bfc4dc014b21914063124bdd26702a77f5bc1d6d1aa6178483|0xde2be5c360bafeb33cc43bd0a49368ed89371daca90e1cc6da8bf7f93d5bbadf|0x1960b144c14900701330156dfc592272d97e42084ccc28ad4c653bf8c1f2bcb6|0x48a3e95c0bc1b9305e56445a7affcb857fd61e0ae0d78a4778310a1108ceb08a|0x4f0f481c30d93d0c7c5ffb8a9b69d9690a4da240b0069562af20e08b6ef8dd64|0xa9eb387628150ecc2ee19613ae55dc26f7e9e6a24b31ccecdcdae43c7824d2d3|0x4e3fa03617ed7a716e1f9055644265b506f4b3b5cc9b881f4054971b4a127309|0xc37f85182c9f8e6a25d9ac915e350f29ec6abd34adcfc75b42235214fcf1a8fd|0x8ac414e29bf42672b149124333cb9df8e7539d57844179652d035335c8aa04e8,"This market will resolve to “Yes” if it is announced that that the listed individual will leave the Trump Administration, or otherwise ceases to be a member of administration by December 31, 2026, 11:59 PM ET. Otherwise, this market will resolve to “No”. An announcement of the listed individual's re",https://polymarket.com/event/who-will-leave-trump-administration-before-2027
which-countries-will-trump-make-new-trade-deals-with-before-2027-921,Which countries will Trump make new trade deals with before 2027?,politics,geopolitics|politics|trump|world|trade-war|tariffs,2026-12-31T00:00:00Z,224,2025-11-05T22:15:00.659276Z,17,17,760.79,269596.05,108430.83,33450.64,0.963,0,us-agrees-to-a-new-trade-deal-with-european-union-before-2027-711|us-agrees-to-a-new-trade-deal-with-india-before-2027|us-agrees-to-a-new-trade-deal-with-canada-before-2027|us-agrees-to-a-new-trade-deal-with-brazil-before-2027|us-agrees-to-a-new-trade-deal-with-japan-before-2027|us-agrees-to-a-new-trade-deal-with-indonesia-before-2027|us-agrees-to-a-new-trade-deal-with-argentina-before-2027|us-agrees-to-a-new-trade-deal-with-vietnam-before-2027|us-agrees-to-a-new-trade-deal-with-australia-before-2027|us-agrees-to-a-new-trade-deal-with-mexico-before-2027|us-agrees-to-a-new-trade-deal-with-south-korea-before-2027|us-agrees-to-a-new-trade-deal-with-israel-before-2027|us-agrees-to-a-new-trade-deal-with-pakistan-before-2027|us-agrees-to-a-new-trade-deal-with-united-kingdom-before-2027|us-agrees-to-a-new-trade-deal-with-russia-before-2027|us-agrees-to-a-new-trade-deal-with-south-africa-before-2027|us-agrees-to-a-new-trade-deal-with-taiwan-before-2027,0xdb3df04fc73bd716ab5619aebaaaa42a85c10b0faed27b654b5e5ec5714f500f|0x533aab0d99851ea6dccf14861b8b7bb5026a40a15718769f8cc519d93380b391|0x81e8f9fd1c08c597b716ea800a97c6d04d60c985a2c388bc6d77a0f85e643df8|0x66cbd462cd4e08dacb506dcc0df32b8a7ccf29d1c2f039f85e36eb768026b729|0xfe61b06cd6643f489a4781a327cdf06bfd639e95151d938c801758a4bea41b73|0xffe86f7d81d3834d1a9f71c7d9700c62d53bc051f0fcd6efbadeb1c26c48837a|0x2b23c92cb20b728bb52e34d431dd982ceb907a4ab255f7412776e8163ca89fe5|0xd60f9b0c5ce8c507e463731b67017dec027eea02bf4bfd3c3dccb364fc2262b7|0x7531c660ca20317d50ca9dd3a3b1df7659509bb6a415ac1f026c63be5061afb3|0x5cbca9adf861c7096259efa6ebaba8e69e90f00b8e5f77b272ed13070f9a2ee7|0xcc9b5eb0fb5b7fa763bee8c0d37cb4559a8cc0336dce6dc34b54d072720c807d|0x9121e50fc11b2041db7cfb1e966e964bbceeffc9360d66e6895341e31b61edf0|0x85ad30282d095dd426c2b8c61a0f12c5fd1e751d1dd30830351001ced5fda42e|0xdabf29e1d9a73105559248dc8cae409e87f7affb1f15ad39660ec2a4c6e6fed7|0x5b2d1c35c4510f926d8d026b61ed29816485c1cef9051a251e4b8672026075da|0xc77d51450d7d97d1239b003889d0899410c68c383378d65aabf04b77666a4488|0x42520d88b4fa9d58ea74d3579b14398e76873a88c09bbfc9e0e801694a547d5c,"This market will resolve to ""Yes"" if a free trade agreement with the specified country or entity becomes law in the United States by December 31, 2026, 11:59 PM ET. Otherwise, this market will resolve to ""No"". This includes both agreements that become law through Senate ratification and Presidential",https://polymarket.com/event/which-countries-will-trump-make-new-trade-deals-with-before-2027-921
zohran-mamdani-out-as-mayor-of-nyc-before-2027,Zohran Mamdani out as mayor of NYC before 2027?,politics,politics|zohran-mamdani|nyc|mamdani,2026-12-31T00:00:00Z,224,2025-11-05T22:38:11.453587Z,1,1,0.00,50325.70,15350.78,12059.69,0.850,0,zohran-mamdani-out-as-mayor-of-nyc-before-2027,0x387abd33ec2706bf5e2d5089556962f899c76f2e53e72de416ee097f5e0cde5f,"This market will resolve to “Yes” if Zohran Mamdani ceases to be the mayor of New York City for any period of time between taking office and December 31, 2026, 11:59 PM ET. Otherwise, this market will resolve to “No”. If Zohran Mamdani does not take office as the 111th Mayor of New York City, succee",https://polymarket.com/event/zohran-mamdani-out-as-mayor-of-nyc-before-2027
trump-out-as-president-before-2027,Trump out as President before 2027?,politics,elections|politics|geopolitics|trump|epstein,2026-12-31T00:00:00Z,224,2025-11-05T22:02:46.869817Z,1,1,3640.08,8547686.11,415979.55,2984685.66,0.859,0,trump-out-as-president-before-2027,0x48b0b0bca515f68fccf95af4793dbd0edbfec1f8ec6e8df2c0f69ba74f8c4722,"This market will resolve to “Yes” if Donald Trump resigns or is removed as President or otherwise ceases to be the President of the United States for any period of time by December 31, 2026, 11:59 PM ET. Otherwise, this market will resolve to “No”. An announcement of Donald Trump's resignation/remov",https://polymarket.com/event/trump-out-as-president-before-2027
will-mamdani-raise-the-minimum-wage-to-30-before-2027,Will Mamdani raise the minimum wage to $30 before 2027?,politics,mamdani|politics|new-york-city|nyc-mayor,2026-12-31T00:00:00Z,224,2025-11-05T22:27:07.216439Z,1,1,0.00,17619.25,11025.15,3117.86,0.904,5,will-mamdani-raise-the-minimum-wage-to-30-before-2027,0x3f451b060eea0d9bc7d66af72122684cec9db51972b6407402cd9d521a4034cb,Zohran Mamdani has proposed raising New York City's minimum wage to $30 an hour by 2030. You can read more about that here: https://www.cityandstateny.com/policy/2025/02/mamdani-unveils-30-30-minimum-wage-push-part-mayoral-campaign/403015/?oref=csny-homepage-top-story This market will resolve to “Ye,https://polymarket.com/event/will-mamdani-raise-the-minimum-wage-to-30-before-2027
will-trump-resign-before-2027,Will Trump resign before 2027?,politics,politics|trump,2026-12-31T00:00:00Z,224,2025-11-05T22:02:47.105273Z,1,1,0.00,17430.86,14124.76,5712.82,0.835,0,will-trump-resign-before-2027,0xe430a005036a377169cab5ec0a2541aa0fc30b98ac0e0b29b005a75da3264666,"This market will resolve to ""Yes"" if President of the United States Donald Trump announces he has resigned or will resign the presidency by December 31, 2026, 11:59 PM ET. Otherwise, this market will resolve to ""No."" If it becomes impossible for Donald Trump to resign or to announce his resignation ",https://polymarket.com/event/will-trump-resign-before-2027
where-will-zelenskyy-and-putin-meet-next,Where will Zelenskyy and Putin meet next before 2027?,politics,world|politics|ukraine|trump|geopolitics,2026-12-31T00:00:00Z,224,2025-11-06T15:57:06.873184Z,30,30,5694.99,2464425.27,154007.30,59423.39,0.930,0,will-zelenskyy-and-putin-meet-next-in-turkey|will-zelenskyy-and-putin-meet-next-in-russia|will-zelenskyy-and-putin-meet-next-in-italy-vatican|will-zelenskyy-and-putin-meet-next-in-ukraine|will-zelenskyy-and-putin-meet-next-in-china|will-zelenskyy-and-putin-meet-next-in-qatar-uae|will-zelenskyy-and-putin-meet-next-in-saudi-arabia|will-zelenskyy-and-putin-meet-next-in-us|will-zelenskyy-and-putin-meet-next-in-hungary|will-zelenskyy-and-putin-meet-next-in-belarus|will-zelenskyy-and-putin-not-meet|will-zelenskyy-and-putin-meet-next-in-another-country-138|will-zelenskyy-and-putin-meet-next-in-switzerland-848-193|will-zelenskyy-and-putin-meet-next-in-india-416-286|will-zelenskyy-and-putin-meet-next-in-kazakhstan-485-344|will-zelenskyy-and-putin-meet-next-in-country-e-454|will-zelenskyy-and-putin-meet-next-in-country-f-235|will-zelenskyy-and-putin-meet-next-in-country-g-718|will-zelenskyy-and-putin-meet-next-in-country-h-761|will-zelenskyy-and-putin-meet-next-in-country-i-575|will-zelenskyy-and-putin-meet-next-in-country-j-998|will-zelenskyy-and-putin-meet-next-in-country-k-716|will-zelenskyy-and-putin-meet-next-in-country-l-649|will-zelenskyy-and-putin-meet-next-in-country-m-314|will-zelenskyy-and-putin-meet-next-in-country-n-291|will-zelenskyy-and-putin-meet-next-in-country-o-658|will-zelenskyy-and-putin-meet-next-in-country-p-before-2027|will-zelenskyy-and-putin-meet-next-in-country-q-before-2027|will-zelenskyy-and-putin-meet-next-in-country-r-before-2027|will-zelenskyy-and-putin-meet-next-in-country-s-before-2027,0x9af4aa93abfc53d756332ea0ddc4f65377bdd21ee7b979f0a5e5d4b4d3a164c4|0x6e003c15210b25e867931fdf51d3c2de23d4d9b17c69f7e1701ba45aa871f4b5|0x6bcb37adefc4a275c171263cdad3bee4736714d0afc0d3cf0fc24178ad5ac7fb|0x5ae264c7a5977df65eca569e84f83aa52922bf9465f23dd69bc8b0b4a27fdf3c|0x1219cce4580ec8af8b9e927915de1f46daf8109d88696f3b6295f45384f714a4|0xcaa2b510d78465a714297b9f7ef577f4556ea08013173f18d5e9e58c6c18430b|0x00000977017fa72fb6b1908ae694000d3b51f442c2552656b10bdbbfd16ff707|0xa8431dcd774084bb9a0192f064efa8cbe2bbd9e41b3863c7667a5c8b0cb99e84|0x845a789f597c2cb7d77ca8423923136a455b55b96fefa1fc6d270f5588e7f733|0x9be876deca1f731ffec4d0927bbee7ec6d32ff4ac3cd1b9da8e167cfff48d26d|0x032e40c71875723c5878c4385458f17aa5a6e90f6bb5c92fd75cf13a5a8ea3d4|0xfd81b8a1fd6a068e599542d4e5eb5f80277cf91cf0657bdb99f580b66eb17c46|0x674c0894f8992fd36943cc88b4cbcc90cbd8fac9ae3b78a09df634632c23d393|0xfa0f936e75c4ce0039812a8cf4739f83639a0a37814766d9e409de5142fe468e|0x97a6320c3f3491e370dc6f8db2f40f79ad0da9063ad2701e6b2a002a8973b824|0xf6b0767ebe51b16bc87191cab486844dfc17e0c038c592492f23e7bbb0ab7e9c|0x1e2493d4545b176ef3787d09195b92ab737a04ed5959cc518c59dfe72038e5ea|0x0b5ccd245e457f70b6388d37737c4e412b3a46716311e8b5d1c0aeb823835bcf|0x1a6b87776a323036033a55c21cfe14d4fbbf4881a4b6b8d6f9bfbb740f05cafb|0xa67c061e5c792e440d8252d574bce9782b68832376ae83b1acc2b15f5676f01a|0x1a29d271ecf620244d6c0f49921e9f5b86a06b4710123915899c4e263092da56|0x9955c9f30725967a4cef51c9ce4361f58f0b6f5b05cca0cd7b33575e00df1f10|0x6909070117960e4152123b550a07314dce39ecbbbdfa17782a9c758666630523|0xa529d18b7027863717fdc9880a3e5eed749e8fa2154c4793fd0694230c82d414|0xed51d7e29902c64f2fe48956fc60289bb7695e696ac0c221fea7634ae125cbeb|0xf619c7d08f8a3cef294e012ac7594e3218ca7cc4ebe77b4b5658f92e9db1638a|0xf82c72720d40f0c4fabccb61682ba0723975c166039a85f1e3e3eaf964832b00|0xa7ac6dd4d5da2c3e836b0abcef49e837c105883520fdcc13b4d55698701acc5e|0x35152e7a16f151b5c4286fcb41591ac045b3c012901e001c29d0f175e487051b|0xaf577ca9ab4513222158d2c6c9382c7d1145db897896ab5e7218337444bff5c5,"This market will resolve according to the location of the next meeting between Volodymyr Zelenskyy and Vladimir Putin by December 31, 2026, 11:59 PM ET. If no meeting takes place by December 31 ET, this market will resolve to ""No meeting before 2027"". A meeting is defined as any encounter where Zele",https://polymarket.com/event/where-will-zelenskyy-and-putin-meet-next
will-mamdani-pass-the-2-millionaire-tax-before-2027,Will Mamdani pass the 2% Millionaire Tax before 2027?,politics,mamdani|nyc-mayor|politics|new-york-city|taxes,2026-12-31T00:00:00Z,224,2025-11-05T23:46:13.596949Z,1,1,24.90,58665.02,14644.27,6501.51,0.841,1,will-mamdani-pass-the-2-millionaire-tax-before-2027,0x7076d314f797990f0fb55b12ac39705e2377aafa3c56cc46b6b90c77d57275c4,"Zohran Mamdani has proposed adding a flat 2% tax on New York City residents earning above $1,000,000 annually. You can read more about that here: https://drive.google.com/file/d/14-aM9DKG337SDMilmfQtLRR-pDwyWSTc/view This market will resolve to “Yes” if both the following occur: 1. Zohran Mamdani wi",https://polymarket.com/event/will-mamdani-pass-the-2-millionaire-tax-before-2027
canada-recession-before-2027,Canada recession before 2027?,politics,canada|economy|business|world|politics,2026-12-31T00:00:00Z,224,2025-11-10T18:01:08.550002Z,1,1,40.18,67199.03,3685.26,6170.90,0.915,4,canada-recession-before-2027,0x01677ae80095732d69ef484b859460b69d21714dd370b9e4f377469c35fac05d,"This market will resolve to “Yes”, if either of the following conditions are met: 1. The C.D. Howe Institute’s Business Cycle Council publicly announces that a recession has occurred in Canada, at any point before 2027, with the announcement made by December 31, 2026, 11:59 PM ET. 2. The seasonally ",https://polymarket.com/event/canada-recession-before-2027
us-enacts-ai-safety-bill-before-2027,U.S. enacts AI safety bill before 2027?,politics,politics|ai|openai|science|tech,2026-12-31T00:00:00Z,224,2025-11-12T22:11:33.506914Z,1,1,0.00,98341.45,2121.31,1908.10,0.939,0,us-enacts-ai-safety-bill-before-2027,0xcdbf64cb434d132ae3eba2c6d4aa8123dde9f90bd8641a5cd31ceddee6d935b8,"This market will resolve to ""Yes"" if a bill that includes at least one of the following provisions is signed into federal law in the United States by December 31, 2026, 11:59 PM ET. - Prohibition on Creation or Release: Forbids the creation or release of specific AI systems or models. - Training Res",https://polymarket.com/event/us-enacts-ai-safety-bill-before-2027
israel-and-indonesia-normalize-relations-by,Israel and Indonesia normalize relations by...?,politics,israel|world|geopolitics|indonesia|middle-east|politics,2026-12-31T00:00:00Z,224,2025-11-11T22:18:38.908496Z,2,2,48501.76,1880531.10,51991.86,25393.53,0.899,11,israel-and-indonesia-normalize-relations-by-december-31-2026-618-741|israel-and-indonesia-normalize-relations-by-june-30-2026,0x1fab35067db952ff09d08e47e65c324ab2e06d88762884779e13d437a7b5410f|0x96cd1bfdc9f904198fd559b1a62c0e5c23412672d1c174ebb8d025273577a3fd,"This market will resolve to ""Yes"" if both Israel and Indonesia officially announce the establishment of diplomatic relations by December 31, 2026, 11:59 PM ET. Otherwise, this market will resolve to ""No"". The primary resolution source for this market will be official information from Israel and Indo",https://polymarket.com/event/israel-and-indonesia-normalize-relations-by
china-coup-attempt-before-2027,China coup attempt before 2027?,politics,politics|geopolitics|world|china|xi-jinping|hfc,2026-12-31T00:00:00Z,224,2025-11-13T16:26:25.616924Z,1,1,12.00,128337.77,37884.56,23391.89,0.821,0,china-coup-attempt-before-2027,0x67619e99976fae938097536fe3cd4b31f282f00028cff1586fb0776f864c89d6,"This market will resolve to ""Yes"" if there is a widely reported coup attempt in China at any point between November 11, 2025 and December 31, 2026, 11:59 PM ET. Otherwise, this market will resolve to ""No."" A coup attempt is defined as a coordinated and deliberate effort by military, security forces,",https://polymarket.com/event/china-coup-attempt-before-2027
will-russia-rejoin-the-g7-before-2027,Will Russia rejoin the G7 before 2027?,politics,russia|world|politics|ukraine|geopolitics,2026-12-31T00:00:00Z,224,2025-11-13T16:26:26.337513Z,1,1,5.00,14861.86,10567.06,4774.24,0.824,0,will-russia-rejoin-the-g7-before-2027,0xb5fb3fd4dbc7fdc70e3666ed4193e3171ecc257dcd43e01b36dbd4efa01d777e,"This market will resolve to ""Yes"" if Russia officially rejoins the Group of Seven (G7) by December 31, 2026, 11:59 PM ET. Otherwise, this market will resolve to ""No"". If the title of the group changes (e.g., to ""G8""), this market will still resolve to ""Yes"" so long as that group remains functionally",https://polymarket.com/event/will-russia-rejoin-the-g7-before-2027
modi-out-before-2027,"Modi out by December 31, 2026?",politics,politics|india-pakistan|geopolitics|india|world|pakistan,2026-12-31T00:00:00Z,224,2025-11-13T18:37:06.253418Z,1,1,243.39,55152.33,9229.21,14982.83,0.864,0,modi-out-before-2027,0x80bdbe1b7d1f99f9e95c587e3a9ed4f20c54dfb1dc45b02977bf9bec040d8262,"This market will resolve to “Yes” if Narendra Modi ceases to be Prime Minister of India for any period of time between market creation and the specified date (ET). Otherwise, this market will resolve to “No”. An announcement of Narendra Modi's resignation/removal before this market's end date will i",https://polymarket.com/event/modi-out-before-2027
iran-nuke-before-2027,Iran Nuke before 2027?,politics,politics|world|geopolitics|iran|middle-east|nuclear,2026-12-31T00:00:00Z,224,2025-11-13T23:20:41.576407Z,1,1,1250.46,612783.08,74110.19,268036.69,0.858,0,iran-nuke-before-2027,0x8bdeac60c92d3bc494792fd334ca181b0cf70355f23dca4098d558280b554c81,"This market will resolve to ""Yes"" if credible reports from international nuclear agencies, Iran's government itself, or credible global news sources officially confirm that Iran possesses a nuclear weapon by December 31, 2026, 11:59 PM ET. Otherwise, this market will resolve to ""No"".",https://polymarket.com/event/iran-nuke-before-2027
us-recognizes-russian-sovereignty-over-ukraine-before-2027,US recognizes Russian sovereignty over Ukraine before 2027?,politics,politics|geopolitics|world|ukraine,2026-12-31T00:00:00Z,224,2025-11-13T23:20:41.158237Z,1,1,16.00,41912.51,6141.32,17539.83,0.927,0,us-recognizes-russian-sovereignty-over-ukraine-before-2027,0x4f192d856071c86b7a480c5b0bdd38318ec7be0bf2430784acacbe77bf12fcc9,"This market will resolve to ""Yes"" if the United States government officially recognizes Russian sovereignty over any portion of Ukrainian territory by December 31, 2026, 11:59 PM ET. Otherwise, this market will resolve to ""No"". Donald Trump's March 25, 2019, recognition of Israel's sovereignty over ",https://polymarket.com/event/us-recognizes-russian-sovereignty-over-ukraine-before-2027
how-many-different-countries-will-israel-strike-in-2026,How many different countries will Israel strike in 2026?,politics,israel|iran|middle-east|politics|geopolitics|world,2026-12-31T00:00:00Z,224,2025-11-13T16:02:36.311448Z,16,12,4560.87,6691295.39,326767.67,25545.81,0.985,0,will-israel-strike-0-countries-in-2026|will-israel-strike-4-countries-in-november-2025|will-israel-strike-8-countries-in-2026|will-israel-strike-12-countries-in-2026|will-israel-strike-1-country-in-2026|will-israel-strike-5-countries-in-november-2025|will-israel-strike-9-countries-in-2026|will-israel-strike-13-countries-in-2026|will-israel-strike-2-countries-in-2026|will-israel-strike-6-countries-in-2026|will-israel-strike-10-countries-in-2026|will-israel-strike-14-countries-in-2026|will-israel-strike-3-countries-in-2026|will-israel-strike-7-countries-in-2026|will-israel-strike-11-countries-in-2026|will-israel-strike-15-or-more-countries-in-2026,0x5c8925a18e7f141ef6e34d5932ba6044717afbd22bdcde867ca61fd2bc169d06|0x4437c8690e2edae1ab7acb0dcb40e536109ae6366e630d97f0bd764c9545ae57|0xf0aa26f04c3531f407c1e2bf6790a9e7d5e63885d14f0c262b5dd7556d9baeac|0xc0016ebf2013957e354d646ec8c7977b6102337b25e0676895912a675ad1b785|0x32acbaf5446427b5866a608295cedced41efadb9d7db5cd295279935d04835c6|0xaddf36ab28b5c372e4ed06a17767eefd101b363b846cf3c223efc31f8cd260a8|0xe7ef027386c6ba19db343b5b685e19035afccaf8891c814e6fbdc14dc259c9a3|0x0e4ade6df320ac6a452cb8bbed1e875ea29335b2d57e13df16f0d21e29ef3fb4|0x3d7f5a6101377e34b9f8d1d62b793288668380bd821932ccacb84f788c72f5da|0x85d949e1aa73caddf263dc356e6f93125f9889dc3af14b243b3428823e2e0a81|0xd19d541ce5fe1970e9b19976bae0dd259eeaa558129d5373e6479af72e8f412e|0xd5f6a95f759ac6a3bbde671ce3eca5261385d70e95f4c3bb8233fc86e08028d2|0x497a043a5a848906d653e4a60e34df7131a9d7e059ce2ce70f05b4311360c9cf|0x9417863b1b7a9c394ae8f95b12445d3aebf9a916e9a7201f147af90c2b87f668|0x0a43b74be16caef0ab4543343cf854abbe5321f0517b29437f56c9da2d96fa60|0xc89de60e9a7233124b8487e46909fed1e53b502f201955c892cf93f400cf573c,"This market will resolve according to the total number of different countries' soil that Israel initiates a drone, missile, or air strike between January 1, 2026, 12:00 AM ET and December 31, 2026, 11:59 PM ET. Strikes on embassies or consulates will count towards the country the embassy or consulat",https://polymarket.com/event/how-many-different-countries-will-israel-strike-in-2026
will-a-us-ally-get-a-nuke-before-2027,Will a US ally get a nuke before 2027?,politics,world|trump|politics|ukraine|foreign-policy|geopolitics|israel,2026-12-31T00:00:00Z,224,2025-11-13T23:20:40.321368Z,1,1,0.00,6778.45,8790.09,2149.69,0.867,0,will-a-us-ally-get-a-nuke-before-2027,0x17ba5a7a08bd3f7f87487285c5713e305b8fc98ec4849d5a05ecdf111856c428,"This market will resolve to ""Yes"" if credible reports from international nuclear agencies, a claimant government, or a consensus of credible global news sources officially confirm that a US ally which did not possess nuclear weapons as of November 12, 2025, possesses a nuclear weapon by December 31,",https://polymarket.com/event/will-a-us-ally-get-a-nuke-before-2027
will-ukraine-agree-to-cede-territory-to-russia-before-2027,Will Ukraine agree to cede territory to Russia before 2027?,politics,zelenskyy|russia|trump|geopolitics|politics|ukraine|world|ukraine-peace-deal,2026-12-31T00:00:00Z,224,2025-11-13T21:46:45.778891Z,1,1,527.79,572531.83,29067.80,158606.94,0.894,0,will-ukraine-agree-to-cede-territory-to-russia-before-2027,0x21bf9a7dae81b6bd51acae73185686ab8997b81b1401e4be10e114d472599c26,"This market will resolve to ""Yes"" if a deal in which Ukraine agrees to cede any territory under its control at the time of the agreement is reached between the Russian Federation and Ukraine by December 31, 2026, 11:59 PM ET. Otherwise, this market will resolve to “No”. The deal must be a publicly a",https://polymarket.com/event/will-ukraine-agree-to-cede-territory-to-russia-before-2027
will-a-new-country-buy-bitcoin-by-184,Will a new country buy Bitcoin by...?,politics,crypto|finance|politics|bitcoin,2026-12-31T00:00:00Z,224,2025-11-13T20:13:57.870835Z,3,2,8.61,29581.97,423.66,514.31,0.700,24,will-a-new-country-buy-bitcoin-by-december-31-2025|will-a-new-country-buy-bitcoin-by-december-31-2026-135|will-a-new-country-buy-bitcoin-by-june-30-2026-493,0xd0ba2b03b3c9fcc66e0c94232d47473ed63a4910c78d7cd2f23fb3b664cd2709|0x590733a087d9e14aa053182b38573b22ae45cd257bb11119de537ad5ce44f088|0xabbcf4b109800ea512cbe08aa5efe734131855da2847fcb497d763778de4f654,"This market will resolve to ""Yes"" if the government of any sovereign UN member state announces between November 13, 3:00 PM ET and December 31, 2025, 11:59 PM ET that they bought Bitcoin for the first time. Otherwise, this market will resolve to ""No"". This announcement can pertain to a first purchas",https://polymarket.com/event/will-a-new-country-buy-bitcoin-by-184
us-takes-panama-canal-before-2027,US takes Panama Canal before 2027?,politics,politics|trump|world|geopolitics|foreign-policy,2026-12-31T00:00:00Z,224,2025-11-13T21:46:45.800841Z,1,1,246.57,80454.78,18610.80,36246.40,0.865,0,us-takes-panama-canal-before-2027,0x0686076be591223c6da6a594c12b4a47083fbd77a37ddc96f484eba3b13e3669,"This market will resolve to ""Yes"" if the Panama Canal comes under US control by December 31, 2026, 11:59 PM ET. Otherwise this market will resolve to ""No"". For the purposes of this market, US control means the United States assumes primary operational authority over the canal, either via diplomatic ",https://polymarket.com/event/us-takes-panama-canal-before-2027
sudan-civil-war-ceasefire-by,Sudan civil war ceasefire by...?,politics,geopolitics|politics|world|sudan,2026-12-31T00:00:00Z,224,2025-11-14T20:30:39.161298Z,4,2,0.00,92664.95,2492.11,3751.77,0.868,2,sudan-civil-war-ceasefire-in-2025|sudan-civil-war-ceasefire-by-march-31-2026|sudan-civil-war-ceasefire-by-june-30-2026|sudan-civil-war-ceasefire-by-december-31-2026,0xfb88e571910b761d4adbb19372c74ad8f93f9b130193ed98913f0dfa39c177b6|0xd3a39d1f63f697944729665ebf8f9e5d439a42fd68be2e7ce7dc9f13b1862dcb|0x919563959223d36141fed20ba61fed8f74269b862ae54d4708604f5cddee222a|0x2343926c89946f2e3abe1511dd38a026ca9176b96d6554ec6d7ae5b1a59a6ef9,"This market will resolve to ""Yes"" if there is an official ceasefire agreement, defined as a publicly announced and mutually agreed halt in military engagement, between the Rapid Support Forces (RSF) and the Sudanese Armed Forces (SAF) by December 31, 2025, 11:59 PM ET. If the agreement is officially",https://polymarket.com/event/sudan-civil-war-ceasefire-by
who-will-trump-pardon-before-2027,Who will Trump pardon before 2027?,politics,trump|politics,2026-12-31T00:00:00Z,224,2025-11-18T15:59:41.831922Z,27,27,192.18,220561.95,104012.53,46837.08,0.888,16,will-trump-pardon-roger-ver-before-2027|will-trump-pardon-elon-musk-before-2027|will-trump-pardon-matt-gaetz-before-2027|will-trump-pardon-joe-exotic-the-tiger-king-before-2027|will-trump-pardon-ghislaine-maxwell-before-2027|will-trump-pardon-eric-adams-before-2027|will-trump-pardon-himself-before-2027|will-trump-pardon-young-thug-before-2027|will-trump-pardon-roger-stone-before-2027|will-trump-pardon-antoine-massey-before-2027|will-trump-pardon-sam-bankman-fried-before-2027|will-trump-pardon-julian-assange-before-2027|will-trump-pardon-hunter-biden-before-2027|will-trump-pardon-daniel-penny-before-2027|will-trump-pardon-derek-chauvin-before-2027|will-trump-pardon-do-kwon-before-2027|will-trump-pardon-steve-bannon-before-2027|will-trump-pardon-diddy-before-2027|will-trump-pardon-edward-snowden-before-2027|will-trump-pardon-bob-menendez-before-2027|will-trump-pardon-elizabeth-holmes-before-2027|will-trump-pardon-ryan-salame-before-2027|will-trump-pardon-donald-brodie-before-2027|will-trump-pardon-stefan-brodie-before-2027|will-trump-pardon-keonne-rodriguez-before-2027|will-trump-pardon-martin-shkreli-before-2027|will-trump-pardon-nicolas-maduro-before-2027,0xb5052bf717633331a67703cec30c3506216a77176cd5d032dcffb04034f18d48|0x63c7e65d0324c084b74b62f5c9109bd0b02570c6833cde0b959c911b6eb6be8b|0xfcbc8e878762a0599bda65edefb8b21ebc438cfea024b4124b1e1a4dccb59cd4|0xbb8c9abdefb768e1f5686f1274a96c4403fe801df50d3d84d1f886256705fc96|0xef145ca5ba752b022f71b4d1f7abeb6c311cd537c0d1e64f3682ca90b2412dbf|0x30efbe1580dacf2bf87a89bdb1015e3f3398f8bc7e4453210e83bbdbb0f621b9|0x6bc658b5fdfded234356308d971d7b93e2e92c48eff32144bc163b4a3da7277b|0xaf3f06b4f26051357aa7086b5e58ef3d56a600a2da3122b3f8458077b80efec7|0xdbb048848c9ee26557d7ad31ba64715e0a6ebb95a104f48a534edcb3a835b5a9|0xa351f017fc3e489eac1c02153cc22bd9d02c520e257b88177d3a1fe1d537ec93|0x2c41ac56695e28bd7bca361bffde6977e6211406e19fb26ec98037661f23c35f|0x507746b101b9b031567da9c5cb1bf714dac808299708020fc91a9fa6a6032978|0xcd4a8e578de8204cf31c57e509e507c81462b10ef0840d0495c737bd047edabb|0x25a847211096054f4e4b4a6a575ed7183da2ba692d9b97899742bdc6611a69ed|0x354d0b717b2f83b620f34be00890b6dd4e93a9b7c7ad71d435db77eff868b91c|0xe3756fe9c41dd786bac8d5092c783e02463f5d5de99285f1f5d0fd47df02f76a|0x4a869db910b4f8e3dc8e4b562889939b2ad272c8cef5914eadeb12fb6b979ad2|0xe16cd141288e4f14414608210a92225704d5d0a90ef79fd732b83af5c47623e4|0x07d4883660832eb7b64be2f4dba5870eb3ff4ae764e79893d6f574eaa075f7cf|0x0146bc6b56b60b7451fe1aa786f0f795390ba3fd2d454b005925fac454c2f831|0xd6587cdab5cd947ae9a0ec948252b7ff02564a2561aff0cd49d30d80c9806deb|0xbde10fc985687f35034b62df6cd50adbe835dcf08a36a93c4c695ed75777e32c|0x836ddf4f19b2ea425a7b038249d07f67e68411e1d0736b1b27cd8d1e7c3b7be8|0xa5037368e1c68fe7efb9361b57e5c010e701ff0bc6ee41fd7a98bc8f8cf866b1|0x54701be7ec2f8ae91308ef7ca1e28720f74664e3d3dc446ceef76e86a785e579|0xe243748396163f096042bb0c7ea137a864f5259b9b906ce1656ec8d4bd3c64d0|0x1b53ad65dae4809d3d1097bbcd6be1f44ba5cddd47be9ce21896722c7d79681a,"This market will resolve to ""Yes"" if the listed individual receives a presidential pardon, commutation, or reprieve from Donald Trump between November 17, 2025 and December 31, 2026, 11:59 PM ET. Otherwise, this market will resolve to ""No"". The primary resolution source for whether the individual is",https://polymarket.com/event/who-will-trump-pardon-before-2027
will-trump-end-department-of-education-before-2027,Will Trump end Department of Education before 2027?,politics,politics|trump,2026-12-31T00:00:00Z,224,2025-11-19T20:58:26.367383Z,1,1,0.00,10703.60,10579.70,1862.28,0.861,0,will-trump-end-department-of-education-before-2027,0x5c6d4293f30922a9f63d3bf76d852b5e5b704bedc4bc886675267dd09b683099,"This market will resolve to ""Yes"" if the US Department of Education ceases operations entirely, including the termination of all federal educational programs managed by the department, by December 31, 2026, 11:59 PM ET. Otherwise, this market will resolve to ""No"". If the US Department of Education i",https://polymarket.com/event/will-trump-end-department-of-education-before-2027
who-will-announce-presidential-run-before-2027,Who will announce Presidential run before 2027?,politics,politics|celebrities|president|elections,2026-12-31T00:00:00Z,224,2025-11-20T00:00:47.357612Z,71,71,3081.14,655139.56,578107.41,123510.58,0.925,17,will-alexandria-ocasio-cortez-announce-a-presidential-run-before-2027|will-stephen-a-smith-announce-a-presidential-run-before-2027|will-jon-ossoff-announce-a-presidential-run-before-2027|will-corey-booker-announce-a-presidential-run-before-2027|will-rahm-emanuel-announce-a-presidential-run-before-2027|will-john-fetterman-announce-a-presidential-run-before-2027|will-hillary-clinton-announce-a-presidential-run-before-2027|will-lebron-james-announce-a-presidential-run-before-2027|will-mrbeast-announce-a-presidential-run-before-2027|will-beto-orourke-announce-a-presidential-run-before-2027|will-marco-rubio-announce-a-presidential-run-before-2027|will-ron-desantis-announce-a-presidential-run-before-2027|will-greg-abbott-announce-a-presidential-run-before-2027|will-josh-hawley-announce-a-presidential-run-before-2027|will-katie-britt-announce-a-presidential-run-before-2027|will-tucker-carlson-announce-a-presidential-run-before-2027|will-rand-paul-announce-a-presidential-run-before-2027|will-gavin-newsom-announce-a-presidential-run-before-2027|will-wes-moore-announce-a-presidential-run-before-2027|will-andy-beshear-announce-a-presidential-run-before-2027|will-raphael-warnock-announce-a-presidential-run-before-2027|will-mark-kelly-announce-a-presidential-run-before-2027|will-roy-cooper-announce-a-presidential-run-before-2027|will-barack-obama-announce-a-presidential-run-before-2027|will-phil-murphy-announce-a-presidential-run-before-2027|will-chelsea-clinton-announce-a-presidential-run-before-2027|will-andrew-yang-announce-a-presidential-run-before-2027|will-jd-vance-announce-a-presidential-run-before-2027|will-donald-trump-jr-announce-a-presidential-run-before-2027|will-sarah-huckabee-sanders-announce-a-presidential-run-before-2027|will-elise-stefanik-announce-a-presidential-run-before-2027|will-matt-gaetz-announce-a-presidential-run-before-2027|will-mike-pence-announce-a-presidential-run-before-2027|will-tom-brady-announce-a-presidential-run-before-2027|will-marjorie-taylor-greene-announce-a-presidential-run-before-2027|will-pete-buttigieg-announce-a-presidential-run-before-2027|will-kamala-harris-announce-a-presidential-run-before-2027|will-mark-cuban-announce-a-presidential-run-before-2027|will-tim-walz-announce-a-presidential-run-before-2027|will-gina-raimondo-announce-a-presidential-run-before-2027|will-jared-polis-announce-a-presidential-run-before-2027|will-liz-cheney-announce-a-presidential-run-before-2027|will-hunter-biden-announce-a-presidential-run-before-2027|will-dwayne-the-rock-johnson-announce-a-presidential-run-before-2027|will-kim-kardashian-announce-a-presidential-run-before-2027|will-tulsi-gabbard-announce-a-presidential-run-before-2027|will-nikki-haley-announce-a-presidential-run-before-2027|will-brian-kemp-announce-a-presidential-run-before-2027|will-ted-cruz-announce-a-presidential-run-before-2027|will-john-thune-announce-a-presidential-run-before-2027|will-robert-f-kennedy-jr-announce-a-presidential-run-before-2027|will-steve-bannon-announce-a-presidential-run-before-2027|will-josh-shapiro-announce-a-presidential-run-before-2027|will-gretchen-whitmer-announce-a-presidential-run-before-2027|will-jb-pritzker-announce-a-presidential-run-before-2027|will-michelle-obama-announce-a-presidential-run-before-2027|will-zohran-mamdani-announce-a-presidential-run-before-2027|will-jon-stewart-announce-a-presidential-run-before-2027|will-bernie-sanders-announce-a-presidential-run-before-2027|will-george-clooney-announce-a-presidential-run-before-2027|will-oprah-winfrey-announce-a-presidential-run-before-2027|will-donald-trump-announce-a-presidential-run-before-2027|will-glenn-youngkin-announce-a-presidential-run-before-2027|will-vivek-ramaswamy-announce-a-presidential-run-before-2027|will-byron-donalds-announce-a-presidential-run-before-2027|will-elon-musk-announce-a-presidential-run-before-2027|will-kristi-noem-announce-a-presidential-run-before-2027|will-ivanka-trump-announce-a-presidential-run-before-2027|will-erika-kirk-announce-a-presidential-run-before-2027|will-candace-owens-announce-a-presidential-run-before-2027|will-don-lemon-announce-a-presidential-run-before-2027,0x59a624a70bb9f3a6d182b07e6427c8c879bee9c8dac2bfb89d18cb4aefcea803|0x78305c2676796fd70d564cd59c6d884f8228d8cbd63b70bf4ee420519953db8f|0x8e7c4e8bb55ea1e2e3011f37f96bc254e156b26cd5ea092a7cade3ca268da7b7|0xa09707791ab1f3440c3a286c7e76701a8c8344f5703d2ee61929caf0ffca0fee|0xbfff23136ecd51c8ab9b5027c2dc1a4b83f85b1b3848547cea36a1eb97fcb3f6|0xa27ff8f214d6cfc8c29c8b8f6e2be5fd25243b8e5ca61321df6fa2b387c0d3ad|0x9a65d6115725205fe48ed272ca8a3c981325dd7cb6022151950bfa17c96d3958|0xda431b7c1cb5883dd47f8c6586e2736e08a2bf6d46431a20f01cde7892ca3128|0x152e3b6a035b597b6a7a4938f73ef9621bc84affecc51b8b889fba25bc930f9c|0x3ea2f7cef17dcf428183678588bf2d0b8357003bed0b0f6e5f416605667b64cd|0x5006bf5e4b17f5ec12692d9fa249647dedd3ab9a46c7485207487e9e08b95c95|0x30094b95263382ee843cf47979157582dba894ea10fae428d5e565075853ad3f|0xb1d3e0fb976c1a20729f3c62a8367909b178b67708a7396984929c3018928ec3|0xb699adb2e27cd70adf240d18504577731465e81e6c0438391f572b874ab00e99|0x8780300112c6618fc8196f627198b290bf7a01694b76bbfd93927cc8fe9bdefd|0x2387aec89af54babdddd4ea2c176970d8c50410e6d3f04dc5fdfa238e72579dd|0x4b5722322fe1cc520727ee78db609d213920119c11fd6e809b36607af8d8ac64|0x809eaa464104c09fbe8e54c582256dfa29b5061928790eea2e3d4908d96a7b5c|0x3ec9449039bbce89a67846390a7f1252bc43cbc0d0496db66c248bf0d78639fa|0x6d7bc67b86b33cccdc92923d821de82f2289cb704abc5d0f7b56b7d67f0e9cbc|0x190b498b78854f4ff96bd797db39c9a5a5321ce8b5171b2328c4bf499ee5f115|0x0cdc3bfe31c4702ebf8d0879c0dd885fa6ef050cee4611a8e48e382b20de38f4|0x8dc4ec0debbf3d6528ce99685b42b9283a37afe690789fc32d46fa5dd4e36871|0x62526fc193285a381c1c4f85f4be1b5805e5c1ef9da7e98c8aaa9bca68ba9faa|0xc929dcad53a07830784d02fc12330ccce0dab242d533881875fd83776f766c74|0x2aa5399c60c52a0b802c5c7a5dcdc9a5435c62190e1ff500482ff2bd41fe46f2|0x50b12c806d15e34996256eb195a944cf83f10517db5970e4dc8fd58ad6d3b02c|0x53141d6c10c6dd6166494835afba15204de77b7357fd8cd16fff3920329391f3|0xf618b0b624851cbb63105866d3b5f810d510d45dd2c8170a283aa24d00b2877a|0xe5f107b4f7564523acef1be9fee88ae54769b14a9276bf3d6d095455a89d5fac|0xf010e427fc655758185c4efe6b04dad8ee9d608c96c5140227c04ab0e0b2d624|0xa0d6895aec156f0a19975a0c5c044247d3310e3824e23932b01c5b8100730b77|0xe1e8c14ce0fd88cc326e63af4006e13b98b94d376f24d5c3009021f9bca5458e|0x6217f933879b5c0ab2b2aab5c8ca619c694999ed211aa8e717857c7a3745ef8b|0x71dcc747b514f670c9e0000c1cf963a5cd3a04aeb67400bc1c35fe19b76997bc|0xd9a9a78baeeda8e32538e0391a579f79f8d4b763537bc3c071ad39912f56c565|0x36114d2b2f66c9929b4151607d53472fb34c6d6888238f35d72cd51f30975873|0x888f977a11c21cce076c0fe2d0be65074ac6836f75be85b9d8e8a90015c50e93|0x75483880ce5ef94cd8d1ba1841c27f4c41b6619b74bc4db948376adccedbcd47|0x579e14a4e503920b2293406f00fedd704b4c87dd2241bf91bcb50542584e392f|0x4e5d4798f4486000d48c0198422416b7884fdc383399d55e716d844c306479fb|0x7c75f4a12a6976334fa9c52a9299a83371cb91e533a0f32064b2ab6229fa61b3|0xe147f7ff06d77fa6fb5cab4ace86e5e03b37667e0e927d0fc47ed7de86e260ba|0xf73413da9d0ec2fb44ddf80fe3b11f863b4b7ec950e625fec988940ad959333a|0xe33dc24744b1327c40999f377965ecac039aabfb9d74652c6c95197345f7fd2e|0x7c6a08863df20384770b3175903f017e31598e0a95cb943d400c060566fb8865|0xa01945615c69b4c43dc0e34d59ddc13040c45682a90e76a8a60b017c0a5d8848|0xdacc70b25a27cde42d409fed11f19a625e9ce5dc585e804c927b22ad3aa49e34|0x89ff74d84e8137d902f7578a3ad7b4751b3f8d5fb664d1ee06e2930b5a73a7a1|0xab26781b356d49df837434ae201761c5ad232b9607fce21c6bf45adf8cfd657b|0xf7f9d30d2abbedc23d31450685ec0f91188fb4044e572df3d3472d9ee38a5d2c|0x60cb9051cfe2f0086b1a14bcb83892c2f8e5b2afce326c5f87c4b7b32fec78a5|0xdbaef0fef3f733e48c7c65037fa990453bd8ea4274e6b292794419c7e0864f5f|0x3e611583602eee600453b64775c962b06bec151fb7e9fbb12acf459e725d64a7|0x1d4c55b87115a04e1280b42f5198ac3549b1ff0b062634eaf420609c4f5bbe8b|0x5289dd43556603f835787d79d63de726f81d53caf290d686c4246a0c10049386|0x5c01405388eafd46554b6e95343eb7e37824b5ffcbf0081ed834500ddf39319f|0x9c383679be7457a7768b47da5484cc89bedba5b68c3a4b048a9ac0426c577221|0x6c08d3bfc8fe077fb03918579acbd7fed3f3ecd61053439a54a26967daa5e5b1|0xa4c8a79e822f5396214398f204bf1bd6d8e67c85f7fdbeecfac0fa16bad177f9|0xe88fdefb3e5386b07703bb12592d1e5a7d4465ecefee14daed24abb8ae7cabc8|0xf4e255c0ffa52f8d5efa5c9068a6236ad3cb1b768802759798683fa961003d0f|0xfc2228c5e448c0ea5cb90aec38f54d6aaa2f6e635f984d467f029a81a7c6c23a|0xb613a1bfe1c7146aa940dbebde5ca4eaafdb050bba0ea2f976a5e4faed834efb|0xb8f08eca86a10d7af9e2cce2a43f801dfc0329ca9d05f97f4caf820b11e4b733|0xb6ca1faebb12813930d31695f37ced3c36df73ba72e53a3c260a4bbb452fa6d1|0x2651d3103355111f3d522d027df5e0d156122e411ae1e7888fe6bb9092633530|0x3a4346b0618af3efcd946f27650d20cee348308bd4f8c06e62df8e9eabbe0fdb|0xba4fd9a865f276504c93226ba1c94cc588d2b5d3f51c574f34c35e5dd15dcd85|0x2aef676bcbdb05fbd0e7e310153e753193db377b808fab432661f31434bcabfc|0x0c7e70c4645e89a7189d727735d9dcfa29a8bab66c1e8751437cd06a03f8e676,"This market will resolve to “Yes” if the listed individual officially announces that they are running for U.S. President in the 2028 United States presidential election by December 31, 2026, 11:59 PM ET. Otherwise, this market will resolve to “No”. An announcement by the listed individual will be su",https://polymarket.com/event/who-will-announce-presidential-run-before-2027
ukraine-agrees-to-limit-size-of-armed-forces-before-2027,Ukraine agrees to limit size of armed forces before 2027?,politics,politics|ukraine|geopolitics|ukraine-peace-deal,2026-12-31T00:00:00Z,224,2025-11-20T23:26:23.257508Z,1,1,10.00,93530.96,10625.10,22795.90,0.907,15,ukraine-agrees-to-limit-size-of-armed-forces-before-2027,0xec4e5a2666b14fedded928dc4dcd6b5f2d38cc1eba91755b8aa6de1fabd42a2f,"This market will resolve to ""Yes"" if Ukraine publicly agrees to limit the number of personnel in its armed forces by December 31, 2026, 11:59 PM ET. Otherwise, this market will resolve to “No”. An official pledge by Ukraine to limit the number of personnel in its armed forces will qualify for a “Yes",https://polymarket.com/event/ukraine-agrees-to-limit-size-of-armed-forces-before-2027
will-zelenskyy-talk-to-putin-by-november-30-821,Will Zelenskyy talk to Putin by...?,politics,geopolitics|ukraine|putin|zelenskyy|politics|russia,2026-12-31T00:00:00Z,224,2025-11-24T18:27:17.303813Z,5,1,279.82,793318.84,4508.65,17001.40,0.973,13,will-zelenskyy-talk-to-putin-by-november-30-821|will-zelenskyy-talk-to-putin-by-december-31|will-zelenskyy-talk-to-putin-by-january-31|will-zelenskyy-talk-to-putin-by-march-31|will-zelenskyy-talk-to-putin-by-december-31-992,0xc8605ba9c73fc42350af7efb509f0e99cd02ea2c8da360cc74e145f9210f3a00|0xb03860ddc6fcc7c437f592b722b45a87ae25445550f70d172f0f79e5e6138bab|0x483031bae47ec74b23aa3ad31df5b97893f06a4ab5c4a1927b7b497140d66e3b|0x27eddf84ce75a5157f9c7af914d6dedab980ccd2c95a5889f275016e6347e51a|0x74778c328104cd816f606f44ca9717fe83036d86417de3910ccc0c1fed5d0054,"This market will resolve to ""Yes"" if Volodymyr Zelenskyy and Vladimir Putin talk by November 30, 2025, 11:59 PM ET. Otherwise, it will resolve to ""No"". A talk is defined as any interaction between Volodymyr Zelenskyy and Vladimir Putin, occurring either in person or through verbal communication by p",https://polymarket.com/event/will-zelenskyy-talk-to-putin-by-november-30-821
will-the-us-confirm-that-aliens-exist-before-2027,Will the US confirm that aliens exist by...?,politics,culture|politics|science|aliens,2026-12-31T00:00:00Z,224,2025-11-25T18:07:25.773403Z,6,4,531484.41,41858288.88,1157097.53,9985978.16,0.888,1324,will-the-us-confirm-that-aliens-exist-before-2027-789-924-249|will-the-us-confirm-that-aliens-exist-by-march-31|will-the-us-confirm-that-aliens-exist-by-april-30|will-the-us-confirm-that-aliens-exist-by-june-30-333|will-the-us-confirm-that-aliens-exist-by-september-30-396|will-the-us-confirm-that-aliens-exist-by-may-31,0x747dc809fb79e1b05be09c42d6179459a58de2ef3e40f02484a4e1260f741f75|0x1f4b7a59e09d34209391c549db18b2c5c7be842e70a5c5fb30e2cdbb9d68c929|0x63f59b5dbf9407dbae6138f2abb5d99fcdcf5d1f8978ffd882b07c83c97eb9ae|0xa7962b12241616d83dcb8c70fc33aa0f48b1ec46a3ad6a23db21d3885dedc4cb|0xace3c72c24fccb6731433483ece41c780432d84850edccd5a6bf3147ccea62a9|0xcddc048c672ee233890b99b18885dbd510e3db3d67c53afb408ddc93f9aadff4,"This market will resolve to ""Yes"" if the President of the United States, any member of the Cabinet of the United States, any member of the Joint Chiefs of Staff, or any US federal agency definitively states that extraterrestrial life or technology exists by December 31, 2026, 11:59 PM ET. Otherwise,",https://polymarket.com/event/will-the-us-confirm-that-aliens-exist-before-2027
which-states-will-donald-trump-visit-in-2026,Which states will Donald Trump visit in 2026?,politics,politics|trump,2026-12-31T00:00:00Z,224,2025-12-01T15:34:57.643232Z,50,35,219.28,281707.95,26523.85,5110.46,0.994,14,will-donald-trump-visit-alabama-in-2026|will-donald-trump-visit-arizona-in-2026|will-donald-trump-visit-california-in-2026|will-donald-trump-visit-connecticut-in-2026|will-donald-trump-visit-florida-in-2026|will-donald-trump-visit-hawaii-in-2026|will-donald-trump-visit-illinois-in-2026|will-donald-trump-visit-iowa-in-2026|will-donald-trump-visit-kentucky-in-2026|will-donald-trump-visit-maine-in-2026|will-donald-trump-visit-massachusetts-in-2026|will-donald-trump-visit-minnesota-in-2026|will-donald-trump-visit-missouri-in-2026|will-donald-trump-visit-nebraska-in-2026|will-donald-trump-visit-new-hampshire-in-2026|will-donald-trump-visit-new-mexico-in-2026|will-donald-trump-visit-north-carolina-in-2026|will-donald-trump-visit-ohio-in-2026|will-donald-trump-visit-oregon-in-2026|will-donald-trump-visit-rhode-island-in-2026|will-donald-trump-visit-south-dakota-in-2026|will-donald-trump-visit-texas-in-2026|will-donald-trump-visit-vermont-in-2026|will-donald-trump-visit-washington-in-2026|will-donald-trump-visit-wisconsin-in-2026|will-donald-trump-visit-alaska-in-2026|will-donald-trump-visit-arkansas-in-2026|will-donald-trump-visit-colorado-in-2026|will-donald-trump-visit-delaware-in-2026|will-donald-trump-visit-georgia-in-2026|will-donald-trump-visit-idaho-in-2026|will-donald-trump-visit-indiana-in-2026|will-donald-trump-visit-kansas-in-2026|will-donald-trump-visit-louisiana-in-2026|will-donald-trump-visit-maryland-in-2026|will-donald-trump-visit-michigan-in-2026|will-donald-trump-visit-mississippi-in-2026|will-donald-trump-visit-montana-in-2026|will-donald-trump-visit-nevada-in-2026|will-donald-trump-visit-new-jersey-in-2026|will-donald-trump-visit-new-york-in-2026|will-donald-trump-visit-north-dakota-in-2026|will-donald-trump-visit-oklahoma-in-2026|will-donald-trump-visit-pennsylvania-in-2026|will-donald-trump-visit-south-carolina-in-2026|will-donald-trump-visit-tennessee-in-2026|will-donald-trump-visit-utah-in-2026|will-donald-trump-visit-virginia-in-2026|will-donald-trump-visit-west-virginia-in-2026|will-donald-trump-visit-wyoming-in-2026,0xa4b15d59a245891fdc986d6b78a221555ba8f610cc09cd458d980bcb06e7ca4e|0x59e545e4e5ffc4631a0dac93e27d51de7dd665959279399403cad90dae6b9666|0x9bedf93343909c762a295fe3968147d3241de7255ddb9be13cfb1c89900739f1|0xdf1a9110f5fe4f06e9589d6607eb1a8d64cdfa124776de34ce996262fb8f2342|0xbee96a243a05485d07c1022bc9e19aa70d1f1c07459827543aa4c6087df33a1a|0xbbfe39ddbef46c69ec2511b03c64b1fb6cdaf766f4a70a1f182ad6004eff68af|0xbcf57b63ecb0c09cc966552e65e30e81dec8e042cfde8ae0cab74889fdc099ca|0x6cdd4fa947ea3c14887d9b4747214ac8806b5bed8f789a7cee71e11ceb79752f|0xc6708a49a680ae3d4f6686edb2bfab4c066257ae9b48e7c5820e26daba43aa0d|0x5a9adf456eeda692a5073251fdcf65bd90744bec8f5404c57723a34d873fca82|0x2e1b5f8d0e3d6832fe6886ac35aa877d34cee636869da6eeab03b2e975508d66|0x40e957d2b4a0afd5e40eae384867c957ccc08ee5b0a8c7e81294770762379932|0xf6eb2947a85af09821ed9e466c91498330a9b7b867845fe47084ab79f1bd5cf4|0xad5b9d2eb0afdc9bd58f2ac878e3db5dbc55102d77744edda262ecde1ed8c9a4|0x6170365b0760af1d5fe0293d5b41c08de1765d31cd50cc0dbf0fd5cb238950b2|0xe7350d938688fd39e01f5110596ae637bd55257469176f2268554efede2d49cf|0x2ff43ec04da9ca7721b97c537a0aa1e973dc88eecfda0032d78efb852164f4cf|0x4b8aa711b4b44a9cf969b777c76796227bae65984beff14c91582c5a78bd4c2b|0xaa1153a9b1224e8496cb0ef929258c2acebb635a85affc2d1b7625ea21f87fa1|0x242a95d3261445ae49eecf8e1206e24b6d151d523a55ef6f898a66c2ec74b23d|0x9748c3e53315dd1925186ff3f255a045c7a90f31f9ac0eaa2767b8795beea8e9|0x4711af6eb9ad0c2ff8da1503e86701b0289b7c1f906bde747ddfbcb7e99bb312|0xea35fa0cfef147a97653f013694568931f737fb3dbd92af4da136fd3811a988d|0x269b166c0af32fea1e62260cf1f21a6f51fcdc345c017eb55bf4c54f0122c877|0xeb1b76a27fa9de2ac42b8abe0c564ea0766cf47b95c5d522bc760e4a50e11ef6|0xf72aa26303e883d64bfbb2db08e1b4717d21a0aeca14c65201bad101ea0f1829|0xa72b575f99e4e6fe42aa121881c1d2acabda234b0c1cf1a1477840d5955a5fef|0x842c58a3a652f953f72ae54c9a375137b612521eae55690a0f1cc1cb892e02d0|0xb072a1582d166aafa84aa702f85b71fa83f0e11959420384f2ade075f95cf292|0xf821f19d5306ab2dbb325a58def7c7d9ddab34d2c34f49ce6dcab8ab13ed6c1f|0x5827c5375b0aa8db432d3d5696b9a6b40ae7adeba2f02aa5ee83b628e24a0269|0x3bae734291ce3ff479f09731696f3adcab27c4bc81858fef99c6183bc2efcd44|0x1da6f8af39c46f73183ef4ebced8cfffa181b1a0699dc7e5039082038f5b2e01|0x19acef3bc576d96f9a59d9c6cafa76fc33a031bed7ead2a107e7846c3e215ef3|0x48eec993c9f0f26654f95c9459e63e68eb75aa1d4c5f7f278807e10e52b282aa|0xbd917a2f3a3edb6c1a1166b5aece23d21333db148b81402f6ad724f74d4adb02|0xb1d616bfe4f20839f7455fc96d9c58f2f867f6d619f7368bd7533b7b6bc6dd19|0x8eb7da780a22ba84901551936753fce5f0082ea774efc0e19bcf93c88e6f47a8|0xa3b34189512b1d1a34f4158f178738860f683d2d9490017429ad82e24c7c7f94|0x1ddefd397bf6ba4afaf5fedbfb22041d7b0a42393880b243f8a5652b698aac48|0x154a7f7da3c6fdd1af89fb4a2f60c8243107158e9b77ddddfec061ad8b18a69e|0xa4330e0b9eefc38851c2e077c3dfbfd94efc5c8dc97a21e1f63c112458a628d6|0x64826cfd304847af21314353cc08a684337b366b639598cf492eb172533884ad|0x902e22d654fa7f8669e3d2c655f8ccf1d182c973a33704f1b1b273adaae53b5a|0xa39d803072ed500c3d994b7a0e34c2a08dedcf3e1e2523827fb3d8d61eb37dbb|0xd42bf8fa3f2761875058a79d4f5ae883e2ddefefb04956c02af49871299c51c0|0xb8286c0f0427e35ebd256a959ef9be90a5cffd4fcec3f9c26bcd307c51df8d43|0xa3293b1eb8dca46953cd7af613616b88b9c226f8a97f1f46e1f02bc008b16cf0|0x670fa089a0c7f55b1be346c85fa1bbb3f876899bcd98e7770c2a8b02bf7f5f1d|0x8100a2b1c285f4e567a7db182384f5040ea8a072f88897e8d79c525d66f23dac,"If U.S. President Donald Trump visits the listed state between January 1 and December 31, 2026, 11:59 PM ET, this market will resolve to ""Yes"". Otherwise, this market will resolve to ""No"". For the purpose of this market, a ""visit"" is defined as Trump physically entering the terrestrial territory of ",https://polymarket.com/event/which-states-will-donald-trump-visit-in-2026
will-cducsuspd-german-federal-coalition-break-before-2027,Will CDU/CSU–SPD German federal coalition break before 2027?,politics,politics|germany|world,2026-12-31T00:00:00Z,224,2025-12-03T17:26:27.757325Z,1,1,1067.68,61647.82,20553.71,24636.92,0.896,3,will-cducsuspd-german-federal-coalition-break-before-2027,0xe9507a620bd277e230da3b945af4dbd7278748c73c73b2704777cea088fbe568,"This market will resolve to “Yes” if the governing coalition consisting of CDU/CSU and SPD breaks by December 31, 2026, 11:59 PM CET. Otherwise, this market will resolve to “No.” For the purposes of this market, the coalition is considered broken if either CDU/CSU or SPD ceases to be a coalition par",https://polymarket.com/event/will-cducsuspd-german-federal-coalition-break-before-2027
pedro-snchez-out-as-pm-of-spain-by,Pedro Sánchez out as PM of Spain by...?,politics,geopolitics|politics,2026-12-31T00:00:00Z,224,2025-12-03T00:18:58.720191Z,2,2,1706.23,301820.56,22412.75,58188.52,0.934,49,pedro-snchez-out-as-pm-of-spain-by-june-30-2026|pedro-snchez-out-as-pm-of-spain-by-december-31-2026,0x56f429da08529abec24c531b7accf689d84e68096c4983d375ff37f316f46dae|0x890f9b8de730479549e95027f26aad5ce89ecc4a42a6fd6316d0b0aec9a5aad1,"This market will resolve to ""Yes"" if Spain's Prime Minister, Pedro Sánchez, is removed from power for any length of time between December 2, 2025 and the listed date, ET. Otherwise, this market will resolve to ""No"". Prime Minister Pedro Sánchez will be considered removed from power if he announces h",https://polymarket.com/event/pedro-snchez-out-as-pm-of-spain-by
eu-dissolves-before-2027,EU dissolves before 2027?,politics,politics|world|geopolitics,2026-12-31T00:00:00Z,224,2025-12-07T23:23:08.149217Z,1,1,115.51,168204.65,31052.47,14164.31,0.821,10,eu-dissolves-before-2027,0x0a706801ddd761794258687cb07c6697e4a38dfc34aa96032e928740119f1905,"This market will resolve to “Yes” if the European Union (EU) dissolves by December 31, 2026, 11:59 PM ET. Otherwise, this market will resolve to “No”. The European Union will be considered to be dissolved if any of the following conditions are met: 1) More than half of the EU member states (as of ma",https://polymarket.com/event/eu-dissolves-before-2027
any-country-withdraws-from-eu-before-2027,Any country withdraws from EU before 2027?,politics,politics|geopolitics|world,2026-12-31T00:00:00Z,224,2025-12-08T00:12:34.910994Z,1,1,27.28,138890.99,15963.59,26234.34,0.835,15,any-country-withdraws-from-eu-before-2027,0xffb0723660bcaa860192fe58e950e3a54157093c84083180e77893499f405d18,"This market will resolve to “Yes” if any European Union (EU) member state withdraws from the EU by December 31, 2026, 11:59 PM ET. Otherwise, this market will resolve to “No”. An EU member state will be considered to have withdrawn once they officially initiate their withdrawal and/or formally notif",https://polymarket.com/event/any-country-withdraws-from-eu-before-2027
nguesso-out-as-president-of-the-republic-of-the-congo-by-end-of-2026,"Nguesso out as President of the Republic of the Congo by December 31, 2026?",politics,politics|world|geopolitics,2026-12-31T00:00:00Z,224,2025-12-12T21:36:18.013053Z,1,1,0.00,11799.02,11524.76,2617.56,0.882,1,nguesso-out-as-president-of-the-republic-of-the-congo-by-end-of-2026,0xebe7b01546ccd6b7fd1e446708aa29c6052aa600ff6ce2693a3916ae3f048c0d,"This market will resolve to “Yes” if Denis Sassou Nguesso ceases to be President of the Republic of the Congo for any period of time between market creation and the specified date (ET). Otherwise, this market will resolve to “No”. An announcement of Denis Sassou Nguesso's resignation/removal before ",https://polymarket.com/event/nguesso-out-as-president-of-the-republic-of-the-congo-by-end-of-2026
tshisekedi-out-as-president-of-the-drc-by-end-of-2026,"Tshisekedi out as President of the DRC by December 31, 2026?",politics,politics|world|geopolitics,2026-12-31T00:00:00Z,224,2025-12-12T21:36:18.18795Z,1,1,104.34,9726.21,11803.23,2069.54,0.853,0,tshisekedi-out-as-president-of-the-drc-by-end-of-2026,0xdfef104292a20af8ca34d3da06c74596ecfca8a0a3efb4deb25bc319d34f1937,"This market will resolve to “Yes” if Félix Tshisekedi ceases to be President of the Democratic Republic of the Congo for any period of time between market creation and the specified date (ET). Otherwise, this market will resolve to “No”. An announcement of Félix Tshisekedi's resignation/removal befo",https://polymarket.com/event/tshisekedi-out-as-president-of-the-drc-by-end-of-2026
supreme-court-vacancy-in-2026,Supreme Court vacancy in 2026?,politics,scotus|courts|politics|2026-predictions,2026-12-31T00:00:00Z,224,2025-12-16T00:37:19.939496Z,1,1,7.96,4529.98,1651.96,2657.51,0.970,3,supreme-court-vacancy-in-2026,0x4bfb8b7fd515c8a4371ef6fc48289bae5b2736252aa6b710e6edaeeb26d96e3b,"This market will resolve to ""Yes"" if at least one seat on the United States Supreme Court becomes vacant between January 1 and December 31, 2026, 11:59 PM ET. Otherwise, this market will resolve to ""No"". The primary resolution source for this market will be official announcements from the U.S. Gover",https://polymarket.com/event/supreme-court-vacancy-in-2026
trump-putin-and-zelensky-seen-together-before-2027,"Trump, Putin, and Zelensky seen together before 2027?",politics,trump|trump-putin|world|ukraine|russia|politics|geopolitics,2026-12-31T00:00:00Z,224,2025-12-16T19:46:33.836396Z,1,1,0.00,9105.84,10547.04,4108.62,0.882,0,trump-putin-and-zelensky-seen-together-before-2027,0xa04dcb7b7f5a313d09e7728ca39835be4096da877ca5fbae5e3a36af239433c3,"This market will resolve to ""Yes"" if Donald Trump, Vladimir Putin, and Volodymyr Zelensky are photographed or videotaped together, in the same frame, between this market's creation and December 31, 2026, 11:59 PM ET. Otherwise, this market will resolve to ""No"". For this market to resolve to ""Yes,"" t",https://polymarket.com/event/trump-putin-and-zelensky-seen-together-before-2027
trump-putin-and-zelensky-meet-together-before-2027,"Trump, Putin, and Zelensky meet together before 2027?",politics,politics|russia|ukraine|world|trump|geopolitics,2026-12-31T00:00:00Z,224,2025-12-16T19:46:33.904248Z,1,1,25.03,18675.17,13676.20,7950.40,0.910,0,trump-putin-and-zelensky-meet-together-before-2027,0xe96fd18679de58fa286f10b49d93f46829243cd105d74ce5d18eae0dd973b204,"This market will resolve to ""Yes"" if Vladimir Putin, Volodymyr Zelenskyy, and Donald Trump all meet together between this market's creation and December 31, 2026, 11:59 PM ET. Otherwise, this market will resolve to ""No"". A meeting is defined as any encounter where Putin, Zelenskyy, and Trump are pre",https://polymarket.com/event/trump-putin-and-zelensky-meet-together-before-2027
trump-fully-suspends-entry-to-the-us-for-more-countries-by,Trump suspends U.S. entry for more countries by...?,politics,politics|immigration|immigration-border|trump|trump-presidency,2026-12-31T00:00:00Z,224,2025-12-18T22:12:10.666405Z,2,2,6.39,7299.08,78.47,117.30,0.657,1,trump-fully-suspends-entry-to-the-us-for-more-countries-by-june-30-2026|trump-fully-suspends-entry-to-the-us-for-more-countries-by-december-31-2026,0xeabc30243adc43df3a0608ca3c2a073686f0d76e810f13e5604d34610e43c234|0x5cd420bc92ac455342c51c1c78f07d8e3de7eeed4ca2ade2759e5eae763f3d5f,"On December 16, 2025, President Donald Trump issued a proclamation titled “Restricting and Limiting the Entry of Foreign Nationals to Protect the Security of the United States”, which updated and expanded partial and full suspensions of entry into the U.S. for nationals of various countries (see: ht",https://polymarket.com/event/trump-fully-suspends-entry-to-the-us-for-more-countries-by
ai-data-center-moratorium-passed-before-2027,AI data center moratorium passed before 2027?,politics,culture|tech|politics|ai|bernie-sanders|artificial-intelligence,2026-12-31T00:00:00Z,224,2025-12-17T23:24:37.902479Z,1,1,165.51,50955.90,9301.33,10149.76,0.841,40,ai-data-center-moratorium-passed-before-2027,0x03675b6b673bfbf7716b35051d95cb6fcdc927096ca198221f5de4220af566c7,"This market will resolve to “Yes” if a bill erecting a qualifying moratorium that prohibits or suspends approvals for new AI data center construction or major expansions anywhere in the United States is passed into law by December 31, 2026, 11:59 PM ET. Otherwise, this market will resolve to ""No"". A",https://polymarket.com/event/ai-data-center-moratorium-passed-before-2027
will-trump-endorse-jd-vance-for-president-before-2027,Will Trump endorse JD Vance for president before 2027?,politics,vance|trump|elections|politics,2026-12-31T00:00:00Z,224,2025-12-22T19:01:59.854645Z,1,1,35.71,55519.62,8759.16,10040.96,0.907,2,will-trump-endorse-jd-vance-for-president-before-2027,0x9c414cb64000dc7645b2bba8d7586746f3ddb1cfd1b564769188b81cd63ad667,"This market will resolve to ""Yes"" if Donald Trump publicly endorses, or announces that he will vote for, JD Vance for the 2028 United States presidential election or the Republican primary for that election, by December 31, 2026, 11:59 PM ET. Otherwise this market will resolve to ""No"". If Donald Tru",https://polymarket.com/event/will-trump-endorse-jd-vance-for-president-before-2027
will-trump-endorse-any-candidate-for-president-before-2027,Will Trump endorse any candidate for President before 2027?,politics,politics|elections|trump,2026-12-31T00:00:00Z,224,2025-12-22T19:13:10.179126Z,1,1,0.00,26149.01,9419.59,5911.73,0.874,8,will-trump-endorse-any-candidate-for-president-before-2027,0xd1194053d0ffb0eef77e3e0f5af3797f213455629f02951494c91fe60d44b224,"This market will resolve to ""Yes"" if Donald Trump publicly endorses, or announces that he will vote for, any candidate for the 2028 United States presidential election or the Republican primary for that election by December 31, 2026, 11:59 PM ET. Otherwise this market will resolve to ""No"". The resol",https://polymarket.com/event/will-trump-endorse-any-candidate-for-president-before-2027
will-trump-acquire-greenland-before-2027,Will Trump acquire Greenland before 2027?,politics,denmark|foreign-policy|greenland|politics|trump|davos|parent-for-derivative,2026-12-31T00:00:00Z,224,2025-12-23T01:07:54.235662Z,1,1,13054.91,33187879.35,147145.15,3147818.94,0.842,0,will-trump-acquire-greenland-before-2027,0xd595eb9b81885ff018738300c79047e3ec89e87294424f57a29a7fa9162bf116,"This market will resolve to ""Yes"" if the United States officially announces that Greenland will come under US sovereignty by December 31, 2026, 11:59 PM ET. Otherwise this market will resolve to ""No"". Sovereignty is defined as the transfer of the majority of the territory of Greenland from its curre",https://polymarket.com/event/will-trump-acquire-greenland-before-2027
will-trump-recognize-somaliland-before-2027,Will Trump recognize Somaliland before 2027?,politics,trump|foreign-policy|world|politics,2026-12-31T00:00:00Z,224,2025-12-26T19:44:22.775427Z,1,1,67.59,154186.62,10134.12,36202.17,0.869,18,will-trump-recognize-somaliland-before-2027,0x48b6208c56c2bac5c29f4c91e951c2c17d706b38168d0487860e449a0bffb01a,"This market will resolve to ""Yes"" if the United States formally recognizes the Republic of Somaliland as a sovereign state by December 31, 2026, 11:59 PM ET. Otherwise, this market will resolve to ""No"". Only formal recognition of Somaliland will qualify. Statements/actions which acknowledge the Repu",https://polymarket.com/event/will-trump-recognize-somaliland-before-2027
ukraine-calls-a-referendum-on-peace-deal-with-russia-by-january-31,Ukraine peace referendum scheduled by...?,politics,trump|zelensky|ukraine|geopolitics|putin|politics|russia|ukraine-peace-deal,2026-12-31T00:00:00Z,224,2025-12-26T23:54:27.311943Z,5,3,275.21,436225.70,23312.73,29976.35,0.925,7,ukraine-calls-a-referendum-on-peace-deal-with-russia-by-january-31|ukraine-peace-referendum-scheduled-by-march-31|ukraine-peace-referendum-scheduled-by-june-30|ukraine-peace-referendum-scheduled-by-september-30|ukraine-peace-referendum-scheduled-by-december-31,0x0dcb82c1f435a34fd6f80b0ed6ac98e96125e347d50c258426e5c9600e085661|0xa56434f3ea8fffc460fc1d7cb9cb6b65edabadb490593c795e22d90fe57d17f0|0xf019dab83a6175caa9fbba00969cb975f507361946f6c525e06f8309511895a5|0xca06bab63e1d7685c70eea1ea6e97083fdb7850f20ea14e391d25a08c863aaba|0x3cdc91c3ffa136e945ab651f1df07c570741d50b5cb6e057d997ea82c238005d,"This market will resolve to “Yes” if a peace referendum on the Russo-Ukrainian war is officially scheduled in Ukraine by January 31, 2026, 11:59 PM ET. Otherwise, this market will resolve to “No”. A peace referendum for the Russo-Ukrainian war refers to any nationwide vote relating to peace in the R",https://polymarket.com/event/ukraine-calls-a-referendum-on-peace-deal-with-russia-by-january-31
eunato-country-announces-peacekeeping-force-in-ukraine-before-2027,EU/NATO country announces peacekeeping force in Ukraine by...?,politics,world|trump|politics|zelenskyy|eu|ukraine|putin|nato|geopolitics|ukraine-peace-deal,2026-12-31T00:00:00Z,224,2025-12-28T23:12:53.84253Z,2,2,207.00,399556.41,23831.05,18255.88,0.915,0,eunato-country-announces-peacekeeping-force-in-ukraine-by-december-31|eunato-country-announces-peacekeeping-force-in-ukraine-before-2027,0x17bfc4455ae7c4a8bafa37d5581c21307bb9b1ef298798d81ffc10009fa79c91|0x1fa4c5e080e59674d14625faa0360cc7716c92fc063cfdb8506af2dd5af469ab,"This market will resolve to ""Yes"" if any NATO or EU member country officially announces that they will be sending troops to Ukraine as part of a peacekeeping force by June 30, 2026, 11:59 PM ET. Otherwise this market will resolve to “No”. A qualifying announcement must be part of a formal agreement ",https://polymarket.com/event/eunato-country-announces-peacekeeping-force-in-ukraine-before-2027
ukraine-peace-referendum-passed-by-december-31-2026,Ukraine peace referendum passed before 2027?,politics,ukraine-peace-deal|politics|geopolitics|ukraine|trump-zelenskyy|russia|zelensky|putin|trump,2026-12-31T00:00:00Z,224,2025-12-29T21:55:07.999847Z,1,1,14.00,14744.62,17879.42,5685.65,0.885,0,ukraine-peace-referendum-passed-by-december-31-2026,0xaea40d8fdffd33ead8f696f6b9dc0eb33d5c3ed0d31b57751e255bc7466a5c1d,"This market will resolve to “Yes” if a peace referendum on the Russo-Ukrainian war is officially passed in Ukraine by December 31, 2026, 11:59 PM ET. Otherwise, this market will resolve to “No”. A peace referendum for the Russo-Ukrainian war refers to any nationwide vote relating to peace in the Rus",https://polymarket.com/event/ukraine-peace-referendum-passed-by-december-31-2026
is-jeffrey-epstein-alive-498,Jeffrey Epstein confirmed to be alive before 2027?,politics,politics|epstein|trump,2026-12-31T00:00:00Z,224,2025-12-29T21:55:08.021771Z,1,1,5119.16,2247826.78,184842.29,375306.28,0.828,1,is-jeffrey-epstein-alive-498,0x1bb95f67ff6d971d43a112464e65b2a5e94e6ae61c72a111ad53340ba7d8cab3,"This market will resolve to ""Yes"" if incontrovertible proof is publicly revealed that Jeff Epstein, the New York financier, is still alive between market creation and December 31, 2026, 11:59 PM ET. Otherwise, this market will resolve to ""No"". The primary resolution source for this market will be a ",https://polymarket.com/event/is-jeffrey-epstein-alive-498
nothing-ever-happens-2026,Nothing Ever Happens: 2026,politics,geopolitics|parlays|politics|world,2026-12-31T00:00:00Z,224,2026-01-06T22:49:59.524076Z,1,1,206.67,569140.44,8208.53,100699.47,0.987,0,nothing-ever-happens-2026,0xa090ae1a88ca96bcae7523a65a96425ed53616709be75cb69a0df144f718931e,"This market will resolve to “No” if any of the following conditions are met between market creation and December 31, 2026, 11:59 ET: - Trump out as President - China invades Taiwan - Xi Jinping out - U.S. invades Iran - Iranian regime falls - Bitcoin hits ‘↑ 1M’ or ‘↓ 10k’ - Jeffrey Epstein alive - ",https://polymarket.com/event/nothing-ever-happens-2026
xi-jinping-divorce-before-2027,Xi Jinping divorce before 2027?,politics,china|trump|politics|world|hfc,2026-12-31T00:00:00Z,224,2025-12-30T18:39:16.21303Z,1,1,597.07,98144.47,15056.85,15294.42,0.809,17,xi-jinping-divorce-before-2027,0xc4eef02c621d3e8e506400736f327f0e71f0fafa4bc48e72c7b712b0982d1949,"This market will resolve to ""Yes"" if Xi Jinping and/or Peng Liyuan announce their intention to divorce between the date of market creation and December 31, 2026, 11:59 PM ET. Otherwise, this market will resolve to ""No"". An announcement by the specified date of their intention to divorce will be suff",https://polymarket.com/event/xi-jinping-divorce-before-2027
will-venezuela-become-51st-state,Will Venezuela become 51st state?,politics,geopolitics|world|politics|venezuela,2026-12-31T00:00:00Z,224,2026-01-04T00:23:43.321714Z,1,1,597.65,205543.19,68668.31,40008.39,0.827,22,will-venezuela-become-51st-state,0x8ded2408388980c032a4e9e3429730747c25a6499e50579abc67a3af5395e174,"This market will resolve to ""Yes"" any portion of Venezuela is formally annexed into the United States of America and becomes the 51st state between January 3, 2026, and December 31, 2026, 11:59 PM ET. Otherwise, this market will resolve to ""No"". An official agreement that is announced will suffice t",https://polymarket.com/event/will-venezuela-become-51st-state
venezuela-leader-end-of-2026,Venezuela leader end of 2026?,politics,trump-machado|venezuela|trump|politics|geopolitics|maduro|rewards-20-4-5-50,2026-12-31T00:00:00Z,224,2026-01-04T18:25:33.58473Z,57,57,103749.41,88505315.93,1477465.30,633422.76,0.971,339,will-mara-corina-machado-be-the-leader-of-venezuela-end-of-2026|will-diosdado-cabello-rondn-be-the-leader-of-venezuela-end-of-2026|will-dinorah-figuera-be-the-leader-of-venezuela-end-of-2026|will-vladimir-padrino-lpez-be-the-leader-of-venezuela-end-of-2026|will-jorge-rodrguez-be-the-leader-of-venezuela-end-of-2026|will-evan-pettus-be-the-leader-of-venezuela-end-of-2026|will-dan-caine-be-the-leader-of-venezuela-end-of-2026|will-there-be-no-head-of-state-of-venezuela-end-of-2026|will-leader-2-be-the-leader-of-venezuela-end-of-2026|will-leader-4-be-the-leader-of-venezuela-end-of-2026|will-leader-6-be-the-leader-of-venezuela-end-of-2026|will-leader-8-be-the-leader-of-venezuela-end-of-2026|will-leader-10-be-the-leader-of-venezuela-end-of-2026|will-leader-12-be-the-leader-of-venezuela-end-of-2026|will-leader-14-be-the-leader-of-venezuela-end-of-2026|will-leader-16-be-the-leader-of-venezuela-end-of-2026|will-leader-18-be-the-leader-of-venezuela-end-of-2026|will-leader-20-be-the-leader-of-venezuela-end-of-2026|will-leader-22-be-the-leader-of-venezuela-end-of-2026|will-leader-24-be-the-leader-of-venezuela-end-of-2026|will-leader-26-be-the-leader-of-venezuela-end-of-2026|will-leader-28-be-the-leader-of-venezuela-end-of-2026|will-leader-30-be-the-leader-of-venezuela-end-of-2026|will-leader-32-be-the-leader-of-venezuela-end-of-2026|will-leader-34-be-the-leader-of-venezuela-end-of-2026|will-leader-36-be-the-leader-of-venezuela-end-of-2026|will-leader-38-be-the-leader-of-venezuela-end-of-2026|will-leader-40-be-the-leader-of-venezuela-end-of-2026|will-edmundo-gonzlez-be-the-leader-of-venezuela-end-of-2026|will-delcy-rodrguez-be-the-leader-of-venezuela-end-of-2026|will-nicols-maduro-be-the-leader-of-venezuela-end-of-2026|will-donald-trump-be-the-leader-of-venezuela-end-of-2026|will-marco-rubio-be-the-leader-of-venezuela-end-of-2026|will-pete-hegseth-be-the-leader-of-venezuela-end-of-2026|will-frank-donovan-be-the-leader-of-venezuela-end-of-2026|will-richard-grenell-be-the-leader-of-venezuela-end-of-2026|will-leader-1-be-the-leader-of-venezuela-end-of-2026|will-leader-3-be-the-leader-of-venezuela-end-of-2026|will-leader-5-be-the-leader-of-venezuela-end-of-2026|will-leader-7-be-the-leader-of-venezuela-end-of-2026|will-leader-9-be-the-leader-of-venezuela-end-of-2026|will-leader-11-be-the-leader-of-venezuela-end-of-2026|will-leader-13-be-the-leader-of-venezuela-end-of-2026|will-leader-15-be-the-leader-of-venezuela-end-of-2026|will-leader-17-be-the-leader-of-venezuela-end-of-2026|will-leader-19-be-the-leader-of-venezuela-end-of-2026|will-leader-21-be-the-leader-of-venezuela-end-of-2026|will-leader-23-be-the-leader-of-venezuela-end-of-2026|will-leader-25-be-the-leader-of-venezuela-end-of-2026|will-leader-27-be-the-leader-of-venezuela-end-of-2026|will-leader-29-be-the-leader-of-venezuela-end-of-2026|will-leader-31-be-the-leader-of-venezuela-end-of-2026|will-leader-33-be-the-leader-of-venezuela-end-of-2026|will-leader-35-be-the-leader-of-venezuela-end-of-2026|will-leader-37-be-the-leader-of-venezuela-end-of-2026|will-leader-39-be-the-leader-of-venezuela-end-of-2026|will-other-be-the-leader-of-venezuela-end-of-2026,0x70187b4770796788b9d1f3fc6652c596870a9a837b96c832441652588f26029d|0xd46931250308613b38c1fdad5cfeaeaae05818bc445668ad4629f12e92aac690|0x86a2f168603fae962d925c91b23fba47c0c7436a240056785de25e998bc30811|0xbe63107b6f2952cab6bff292332b1574d5f70323a5a830bdc7e6129ab3c3960d|0xcef0ea92825ef2e046a97ef9b628709d0071614832d3bfc9c6c8dc119a472618|0x1dd7704a6d05cca078564bc0bac541261425bc9252acc5634639f5161daf45f9|0x1198bf982483cc6f0a3d3de63d7703117ed19c5b5a9474541a2a3b6b0b5e51f3|0xf752269473fe416c87c8da63dd21c74581cbe3f3920cc904b0d59cbdfa173ef7|0xa6d2f289d12be5340965d28982338653bad1734581cd624bb360b49bfb3349d0|0x6fc101fdba282d0a0a4fc89d13bad67f24a3fe0e5e68a2c97abcb6b027768b92|0x72f733c90124d952c6072ca7daf2409c650f0438ccc3598022ae6dc86469a684|0xdac672c80aae340c95a25ac7fea267170c1855c07a893aa59bb60275a5c33424|0xa74da539f1d2ed139de8a34ca3d59157b7650ee6b9e47fc7b563db1332b24625|0x394f0f59c2c5331df723c80a039d80b3fd02aae78de05e39b59682bd57b8a9b5|0x08cec7c012279a2ee05a8fa6aaa7e7c24d6c0f941fe6ae41d3c3e2d96aec3ba9|0xc3b4e3b781e7f91369b1feb524eeab2bd7e611b8a71cb42f3a9c321d57c9106b|0x6d15f40b7b5a5f4c41fd2fbabd44e6fd093486dcd9d99c3a0890f6f0609d6c15|0x555faceea6ca8c7ac8c6fbe964fe22a1754519be7758382e5017227da7373628|0xf42f17afcaadebf3b33076808dabcd6d20b3e4f020e2fe0b50df310fb0ea5ca9|0xc1096073b7c46879169e8839294012e5dc5d1a1d6542a08e568d537c2397752d|0x248294d03634d5b1d24c64e08225af801b14ec01b7c66bfb1b6d6f0039a4a906|0xce2f735ac9d118f126083422d54d9490e99e9be96987b80d3094223aa13a2785|0xc7526115e087f45885ace5c118255879242c437db8f92a9eff364141c445c558|0x24618df33e16d9f8fc15e5fde73df0eb706a4e9fca2e820fb525dd8f9bf3a7eb|0x889fe5be49c618844591baf0b0038db57490dcb23efb5cf98dfacecc5b05698e|0x666634c6cf259b71c7bf5b4c66a328ec42ed5e4d50a9d065e9b0d6201a891d39|0x4ff64467c3aa6cfff5101d61158b1c250b1fdfdaa1e2d815f31bc7498eb91799|0xbc1921bc45901489e0e107a5896d419f9d7720803e9b6ab97d364e079a5287d8|0xb122b2a17c8dea01d5e8ffe04316bbe011f9bf80c989bb82afde2f39a3fd4441|0xa01d48a973e40770719dab42faf1aeae5da4376d9eca46e77265c7551d1be0f7|0x67f3f8d0a0ecdfc008c99650284a4674388a8c3029b0eb7ca0abd65dde8d996f|0x746481a9f7ac20a4959a11ea5d535522040b0dfd7c21b920d5fe134a93c2c26c|0x4c04cc7094bf35bd682eb4f0e492836b97392c213087a2b891d0b5d897a81eb2|0x4197bf7e572f1dd731669d33d05532c6d3b8cba71fb83dc69d789110e39c41b4|0x8063a2c9fa21c4a1470b33fee132d6d61fb5b7dcd667dcac3bb82ae15ad70c0d|0x831493dce463d9adcad78c492f2cbec6ecdac31f4e8c5a894fdac68c130549d4|0x8343a156f48f7e91ad5965affa0345194753bc450386d8406aa311b89e9aa1fe|0xa7a131e1d919f2d6c23078f697fb815d3a8b7a403615b7478949ebd01e7512bb|0xaf8efc053aaaafa946ee683a30889b23fb52df51e186aad33c27c52f4a66f696|0x478aec45a3f341d9f23e48f80735eddd0a54b6e10a9a66489600300113b04ca7|0x7bec84bf7f02cce87c43861b2ae5ef98626c527776d2ea6e29475f022511dae7|0x9fc475961f85d6006d47baf4a38fe0fbb25d65bc7be39df7f7100ba4010c48f0|0x69953db242d0c7f68f67ac90fce7e40fdd03ebd50245068ff8f55298d84c6b2f|0x39c5fa8f4e39c529a74c2447d52ed95d619c3e093a581354b52b98d8112fd2d5|0xf399a38828047c400254e847f50d1eabe5230023d3356011861fdbface55f0ec|0x5fab989519c5132d9921111160c18c86e78e83edc9ccbccaffa285d0826e975f|0x7856f1297be26a1f9b190e290cd83f5b625af99c1fd26e68a83aa0a8734f68a3|0x170781e1ce92c729717a93959468c613365de8d6467ea8094b6a21d574bf0f1a|0xcf38d79fc0f5e4219d1d5f60ffc8596539377110a67675bc7123ed8829802d32|0x3cdea4de83923b2eab78008397f697056e53d53475e11be76ec8fc8289e939df|0x6532c1308774ccd57839fc0e7d20b19415cbf902d658150ddd69178b7404ed16|0x69c10c058081b6d5bef01e991fc0a083e9d22b67b9efe631808b47de81878b22|0xf49e2c1d1be3df7e1b3607760e77a62d2dbd6c2a41753317f1ddb5d8fe90a6f5|0x9c028135b628e1fbe9cf6ac40ab0bcc55e4b8e3d2f637f42d97bb8f148957a5c|0xda41ceaa628ae4992c8b31da8d9ddd9e72892bb0dd61910870bb5160b6c7d809|0x9d291b64022892fca912089a6e407ec813d4c44fc9ebdb9e88626bf80d541ae5|0x2f1f52b04a3236ea934da6648e405d6792ac7820a1742f98a614ead978212937,"This market will resolve to the individual who officially holds the position of the head of state of Venezuela on Dec 31, 2026 at 12 PM ET. For the purposes of this market, ""officially holds"" refers to the individual that was formally appointed, confirmed (if confirmation is required), and sworn in ",https://polymarket.com/event/venezuela-leader-end-of-2026
us-strike-on-mexico-by,US strike on Mexico by...?,politics,politics|trump|venezuela|geopolitics|foreign-policy|mexico-cartel-war|mencho,2026-12-31T00:00:00Z,224,2026-01-04T19:58:13.932286Z,3,1,305.83,3357670.45,19050.02,121602.68,0.904,164,us-strike-on-mexico-by-december-31|us-strike-on-mexico-by-january-31|us-strike-on-mexico-by-march-31,0xb23e6d6ba72e76bbce9799daf527e3598a939a602ff5e069cf27a0b25bab50a7|0x386c1da56d757c6920fc73535aba510300e9cd666c0312d11b4cc03f097fb487|0x53e409b11e90081ba2cb0834a391e1208dd4c87ac817e4c76a5125cd2b647a9f,"This market will resolve to ""Yes"" if a US-initiated drone, missile, or air strike on the soil of Mexico is announced or credibly reported to have occurred by the listed date ET. Otherwise, this market will resolve to ""No"". For the purposes of this market, a qualifying ""strike"" is defined as the use ",https://polymarket.com/event/us-strike-on-mexico-by
will-the-us-invade-cuba-in-2026,Will the U.S. invade Cuba in 2026?,politics,politics|venezuela|geopolitics|cuba,2026-12-31T00:00:00Z,224,2026-01-04T20:26:00.115962Z,1,1,41892.78,2134753.06,83601.57,355230.59,0.939,56,will-the-us-invade-cuba-in-2026,0x80ebf0a88a44bf737d4047b3accd7108285c69b84257e5c684bdc4c715c81139,"This market will resolve to ""Yes"" if the United States commences a military offensive intended to establish control over any portion of Cuban land territory by December 31, 2026, 11:59 PM ET. Otherwise, this market will resolve to ""No"". For the purposes of this market, land de facto controlled by Cu",https://polymarket.com/event/will-the-us-invade-cuba-in-2026
will-the-us-invade-a-latin-american-country-in-2026,Will the U.S. invade a Latin American country in 2026?,politics,politics|trump|venezuela|geopolitics|macro-geopolitics,2026-12-31T00:00:00Z,224,2026-01-04T21:05:47.04193Z,1,1,108.13,221253.13,12310.01,23167.81,0.932,16,will-the-us-invade-a-latin-american-country-in-2026,0x984ee41a6ca3a79a425befa1dc635ff8204cd29550190b8363ae6a1250c1677d,"This market will resolve to ""Yes"" if the United States commences a military offensive intended to establish control over any portion of the land territory of Latin American country by December 31, 2026, 11:59 PM ET. Otherwise, this market will resolve to ""No"". For the purposes of this market, land d",https://polymarket.com/event/will-the-us-invade-a-latin-american-country-in-2026
delcy-rodrguez-out-as-leader-of-venezuela-by,Delcy Rodríguez out as leader of Venezuela by...?,politics,politics|world|geopolitics|maduro|venezuela,2026-12-31T00:00:00Z,224,2026-01-05T17:27:34.150829Z,3,1,0.00,609102.04,15560.30,31313.58,0.874,10,delcy-rodrguez-out-as-leader-of-venezuela-by-march-31-2026-227|delcy-rodrguez-out-as-leader-of-venezuela-by-december-31-2026-148-853|delcy-rodrguez-out-as-leader-of-venezuela-by-january-31-2026-633,0xba67c6e6a050bf8a5b6dd209abb77e6945de58e3af8246f843cce915f5503cd3|0x4cba9bf990370fac4f6ec2b3513d7dbbc5c569a88d01180ccda081cccc57eed7|0xcbe30240b93abedbe902e432dd78392a9be1a0c6cd16561f20e6e5820e1406d1,"This market will resolve to “Yes” if Delcy Rodríguez ceases to be Acting President/leader of Venezuela for any period of time between market creation and the specified date (ET). Otherwise, this market will resolve to “No”. An announcement of Delcy Rodríguez's resignation/removal before this market'",https://polymarket.com/event/delcy-rodrguez-out-as-leader-of-venezuela-by
us-recognizes-reza-pahlavi-as-leader-of-iran-in2026,US recognizes Reza Pahlavi as leader of Iran in 2026?,politics,geopolitics|world|iran|politics|middle-east|trump|reza-pahlavi|iran-regime,2026-12-31T00:00:00Z,224,2026-01-05T20:34:55.233402Z,1,1,687.96,581581.81,35374.09,139617.28,0.853,25,us-recognizes-reza-pahlavi-as-leader-of-iran-in2026,0x0ac2141f45ac7ecb8477c64207db37f8f8efce800cbf705366771902e796e92a,"This market will resolve to ""Yes"" if the Trump administration announces that the United States officially recognizes Reza Pahlavi as the ""leader of Iran"" by December 31, 2026, 11:59 ET. Otherwise, this market will resolve to ""No"". Roles that could qualify for ""leader of Iran"" status include, but are",https://polymarket.com/event/us-recognizes-reza-pahlavi-as-leader-of-iran-in2026
will-the-us-invade-greenland-in-2026,Will the U.S. invade Greenland in 2026?,politics,politics|greenland|denmark|geopolitics|trump|davos,2026-12-31T00:00:00Z,224,2026-01-05T19:19:22.930966Z,1,1,241.43,1367533.53,78922.36,172203.36,0.841,40,will-the-us-invade-greenland-in-2026,0xe723e5e63c14e387c03cb37b11d79fa88f46a302503175b56cd9f68ecbc00a20,"This market will resolve to ""Yes"" if the United States commences a military offensive intended to establish control over any portion of the land territory of Greenland by December 31, 2026, 11:59 PM ET. Otherwise, this market will resolve to ""No"". For the purposes of this market, the land territory ",https://polymarket.com/event/will-the-us-invade-greenland-in-2026
will-the-us-capture-another-world-leader-in-2026,Will the US capture another world leader in 2026?,politics,geopolitics|politics|venezuela|trump,2026-12-31T00:00:00Z,224,2026-01-05T19:19:16.496641Z,1,1,12.50,50966.14,11807.88,13585.60,0.847,2,will-the-us-capture-another-world-leader-in-2026,0x173e1e71d57e728e99544c38da074e38e079e1f2865b332c10ad5ae7f84385b8,"This market will resolve to ""Yes"" if U.S. government personnel (including U.S. military, CIA, or any U.S. federal law enforcement agency) directly participate on the ground in an operation that results in the capture of a qualifying head of state by December 31, 2026, 11:59 PM ET. Otherwise, this ma",https://polymarket.com/event/will-the-us-capture-another-world-leader-in-2026
jerome-powell-out-from-fed-board-by,Jerome Powell out of Fed Board by…?,politics,fed|trump|jerome-powell|economic-policy|fed-rates|politics|fed-chair,2026-12-31T00:00:00Z,224,2026-01-05T21:13:34.920176Z,2,2,390.72,327428.40,24821.17,69314.03,1.000,14,jerome-powell-out-from-fed-board-by-may-30|jerome-powell-out-from-fed-board-by-december-31,0x55c601357c17cb034462d959de0bb84a558b3fe6f6730411ac58a06092eef385|0xbb1e75fe2a97b994a0f1b20b8107330f575a752893b3c525439466d64f898463,"This market will resolve to “Yes” if Jerome Powell ceases to hold a position on the Federal Reserve Board of Governors for any period of time between this market's creation and the listed date, 11:59 PM ET. Otherwise, this market will resolve to “No”. This market is not limited to Jerome Powell’s cu",https://polymarket.com/event/jerome-powell-out-from-fed-board-by
will-trump-endorse-mara-corina-machado-for-venezuela-president-in-2026-314,Will Trump endorse María Corina Machado for Venezuela president in 2026?,politics,trump-machado|trump|world|venezuela|geopolitics|politics,2026-12-31T00:00:00Z,224,2026-01-05T20:27:20.674814Z,1,1,261.74,87266.70,13185.55,21365.58,0.902,14,will-trump-endorse-mara-corina-machado-for-venezuela-president-in-2026-314,0x7b5c576ee07b4e95934b114634af0b8c7002cdced133e4d03db8fdb5dad7efc9,"This market will resolve to ""Yes"" if Donald Trump publicly endorses or suggests María Corina Machado as Venezuelan state leader or president by December 31, 2026, 11:59 PM ET. Otherwise, this market will resolve to ""No"". If Donald Trump announces that he would prefer or endorses another individual, ",https://polymarket.com/event/will-trump-endorse-mara-corina-machado-for-venezuela-president-in-2026-314
will-the-us-invade-colombia-in-2026,Will the U.S. invade Colombia in 2026?,politics,politics|venezuela|geopolitics|colombia|trump,2026-12-31T00:00:00Z,224,2026-01-05T22:25:16.70009Z,1,1,0.00,26310.44,17186.70,6897.95,0.841,4,will-the-us-invade-colombia-in-2026,0x12d1f08c93c4272c0447b5aebfabc3b4901588615128d6d91d0e04a1e7031d3a,"This market will resolve to ""Yes"" if the United States commences a military offensive intended to establish control over any portion of Colombian land territory by December 31, 2026, 11:59 PM ET. Otherwise, this market will resolve to ""No"". For the purposes of this market, land de facto controlled b",https://polymarket.com/event/will-the-us-invade-colombia-in-2026
will-the-us-invade-mexico-in-2026,Will the U.S. invade Mexico in 2026?,politics,geopolitics|venezuela|politics|trump|mexico-cartel-war,2026-12-31T00:00:00Z,224,2026-01-05T22:25:16.722606Z,1,1,23682.73,130025.64,43848.28,17509.04,0.835,9,will-the-us-invade-mexico-in-2026,0x1015d806e33eebde7edb0762f1197051575f6286b5f06261d8e4ff4d34c90697,"This market will resolve to ""Yes"" if the United States commences a military offensive intended to establish control over any portion of Mexican land territory by December 31, 2026, 11:59 PM ET. Otherwise, this market will resolve to ""No"". For the purposes of this market, land de facto controlled by ",https://polymarket.com/event/will-the-us-invade-mexico-in-2026
insurrection-act-invoked-by,Insurrection Act invoked by...?,politics,minnesota-unrest|trump|politics,2026-12-31T00:00:00Z,224,2026-01-06T15:24:07.31866Z,5,2,58.54,1087033.84,13925.95,36149.89,0.939,72,insurrection-act-invoked-by-june-30-851-924|insurrection-act-invoked-by-march-31-346|insurrection-act-invoked-by-december-31-184-556|insurrection-act-invoked-by-january-31-674|insurrection-act-invoked-by-april-30,0xf2982d808c8b0c88ed7d1fd22fb55993b0d1a0f738d202b0a8c2d6805b7125d3|0x7c62564713db2e9518ab636a7a8a1b9d4ee0df62a26979efcd20b52ce0fe8dd3|0xf59fe744e8f73124ccd8b351b101c51cd29bb449dab73b83ed74d05603b0dfb2|0x2a1c40ee32bf02632225708b6a0598a4c5bad7be2d9740739620616592cf2c3f|0xc5e94a0858be89692f77d6e5152eaea8b4a64dd77583621c98beefd66965fd4b,"This market will resolve to ""Yes"" if Donald Trump officially invokes the Insurrection Act of 1807 by the listed date, 11:59 PM ET. Otherwise, it will resolve to ""No"". For the purposes of this market, ""invoke"" means that the President formally announces the use of the Insurrection Act as legal author",https://polymarket.com/event/insurrection-act-invoked-by
will-us-annex-any-territory-in-2026,Will US annex any territory in 2026?,politics,venezuela|politics|geopolitics|world|trump,2026-12-31T00:00:00Z,224,2026-01-06T19:06:23.747417Z,1,1,6.71,22968.46,11027.04,5509.22,0.871,7,will-us-annex-any-territory-in-2026,0x7b0ed36d5d86756b0f854dd2d5a721c951c2e2c6273c63b00c837b1842bb62e4,"This market will resolve to ""Yes"" if the United States officially annexes any territory by December 31, 2026, 11:59 PM ET. Otherwise, this market will resolve to ""No."" Annexation is defined as an official declaration or legal act by the US government claiming sovereignty over territory they were not",https://polymarket.com/event/will-us-annex-any-territory-in-2026
will-trump-visit-greenland-by-march-31,Will Trump visit Greenland by...?,politics,foreign-policy|politics|trump|geopolitics|greenland,2026-12-31T00:00:00Z,224,2026-01-06T19:39:39.783596Z,2,1,0.00,238217.53,6479.85,2692.82,0.902,2,will-trump-visit-greenland-by-march-31|will-trump-visit-greenland-by-december-31,0x20c70f96a5ec9a478a24029fe768b2efbf6ba7cab39b000411b23cbf88495760|0x840fe2606472a13ee62e3009a360af8be2576cd1d9dbcda8749e89eed5d02a98,"If U.S. President Donald Trump visits the autonomous territory of Greenland by March 31, 2026 11:59 PM ET, this market will resolve to ""Yes"". Otherwise, this market will resolve to ""No"". For the purpose of this market, a ""visit"" is defined as Trump physically entering the terrestrial or maritime ter",https://polymarket.com/event/will-trump-visit-greenland-by-march-31
nato-dissolves-before-2027,NATO dissolves before 2027?,politics,greenland|geopolitics|nato|politics|trump|north-atlantic-treaty,2026-12-31T00:00:00Z,224,2026-01-08T18:11:08.34581Z,1,1,534.88,106742.95,19795.43,20040.61,0.828,13,nato-dissolves-before-2027,0xf3fe597da58af1ccd31a976c1a7d5a4ab27b7fc6dea99a1f66e223db3f681de8,"This market will resolve to “Yes” if the North Atlantic Treaty Organization (NATO) dissolves by December 31, 2026, 11:59 PM ET. Otherwise, this market will resolve to “No”. NATO will be considered to be dissolved if any of the following conditions are met: 1) More than half of the NATO member states",https://polymarket.com/event/nato-dissolves-before-2027
any-brazil-stf-justice-removed-by-impeachment-before-2027,Any Brazil STF Justice removed by impeachment before 2027?,politics,brazil|courts|politics|stf,2026-12-31T00:00:00Z,224,2026-01-08T18:18:59.669689Z,1,1,237.10,71604.91,11556.52,20491.57,0.851,25,any-brazil-stf-justice-removed-by-impeachment-before-2027,0xcdeccd802e7a68c301931daa551181d7d7bb1b1df92b02e7e4c5c42e728aa026,"This market will resolve to “Yes” if any justice of the Brazil Supreme Federal Court (STF) is permanently removed from the court as a result of impeachment or a trial for a crime of responsibility by December 31, 2026, 11:59 PM ET. Otherwise, this market will resolve to “No”. Justices leaving the co",https://polymarket.com/event/any-brazil-stf-justice-removed-by-impeachment-before-2027
will-the-us-acquire-any-part-of-greenland-in-2026,Will the US acquire part of Greenland in 2026?,politics,politics|greenland|trump|geopolitics|davos,2026-12-31T00:00:00Z,224,2026-01-07T04:38:57.508562Z,1,1,3247.89,10027469.35,83877.14,1175482.05,0.882,268,will-the-us-acquire-any-part-of-greenland-in-2026,0x890fc3ba40458db0b67560691aa1597344c2a0560d18e80f586a4b35f510b4ce,"This market will resolve to “Yes” if the United States acquires control of any land territory that is part of Greenland by December 31, 2026, 11:59 PM ET. Otherwise, this market will resolve to “No”. Only the transfer of sovereignty, or the acquisition of primary or exclusive jurisdiction or control",https://polymarket.com/event/will-the-us-acquire-any-part-of-greenland-in-2026
eu-debt-downgrade-before-2027,EU debt downgrade before 2027?,politics,world|economy|politics,2026-12-31T00:00:00Z,224,2026-01-07T23:04:48.332453Z,1,1,0.00,1372.01,2413.02,325.67,0.888,2,eu-debt-downgrade-before-2027,0x5a9d912131826ecce7076d83cf6e5f674fa0e1cfafbe73ec9ae3b2a84a54c0b9,"This market will resolve to ""Yes"" if the European Union's long-term sovereign credit letter rating is downgraded by any of the three major credit rating agencies (S&P, Moody's, Fitch) at any point between market creation and December 31, 2026 11:59pm ET. Otherwise, this market will resolve to ""No"". ",https://polymarket.com/event/eu-debt-downgrade-before-2027
will-elon-musk-rejoin-the-trump-administration-in-2026,Will Elon Musk rejoin the Trump Administration in 2026?,politics,elon-musk|tech|politics|trump,2026-12-31T00:00:00Z,224,2026-01-07T21:03:15.321494Z,1,1,0.00,8039.97,2578.53,2468.32,0.888,0,will-elon-musk-rejoin-the-trump-administration-in-2026,0xfd6001f536ca5a03ef2c8e191fbd8ba8a80fa2ed563fce118d2d30227f9957ec,"This market will resolve to ""Yes"" if Donald Trump officially nominates or appoints Elon Musk to his administration between market creation and December 31, 2026, 11:59 PM ET. Otherwise, this market will resolve to ""No"". The Trump administration includes individuals formally appointed or nominated by",https://polymarket.com/event/will-elon-musk-rejoin-the-trump-administration-in-2026
lai-ching-te-out-as-president-of-taiwan-in-2026,"Lai Ching-te out as President of Taiwan by December 31, 2026?",politics,politics|taiwan|china|geopolitics,2026-12-31T00:00:00Z,224,2026-01-07T21:03:15.551047Z,1,1,7.69,31279.45,11630.57,6463.53,0.859,5,lai-ching-te-out-as-president-of-taiwan-in-2026,0x68e47e45601b8e7fff925490f419191126c0f87cdf978717881fd2efa18cfb5b,"This market will resolve to “Yes” if Lai Ching-te ceases to be President of Taiwan for any period of time between market creation and the specified date (ET). Otherwise, this market will resolve to “No”. An announcement of Lai Ching-te's resignation/removal before this market's end date will immedia",https://polymarket.com/event/lai-ching-te-out-as-president-of-taiwan-in-2026
will-brics-add-a-new-member-in-2026,Will BRICS add a new member in 2026?,politics,world|geopolitics|politics,2026-12-31T00:00:00Z,224,2026-01-07T22:11:21.269638Z,1,1,0.00,35378.59,3104.74,2418.32,0.986,0,will-brics-add-a-new-member-in-2026,0x0915a4e670a3465fc5ae4e781ac5499c353c9a83330583f2554933b6e5ff6012,"This market will resolve to ""Yes"" if a new country accepts an invitation to join BRICS between market creation and December 31, 2026, 11:59 PM ET. Otherwise, this market will resolve to ""No"". Only new member states, not new partner states, will be considered toward this market's resolution. The prim",https://polymarket.com/event/will-brics-add-a-new-member-in-2026
will-a-country-leave-brics-in-2026,Will a country leave BRICS in 2026?,politics,politics|geopolitics|world,2026-12-31T00:00:00Z,224,2026-01-07T22:12:57.681254Z,1,1,0.00,5777.85,3974.38,2141.83,0.894,0,will-a-country-leave-brics-in-2026,0x5c1026484212715ce3d50f044d4241a30e1db42e0cbd0c6d29874f35e7e96a1d,"This market will resolve to ""Yes"" if any member state formally withdraws from BRICS or provides an official notice of denunciation to BRICS between market creation and December 31, 2026, 11:59 PM ET. Otherwise, this market will resolve to ""No"". A notice of denunciation refers to the submission of a ",https://polymarket.com/event/will-a-country-leave-brics-in-2026
masoud-pezeshkian-out-by,Masoud Pezeshkian out by...?,politics,geopolitics|world|middle-east|iran|politics,2026-12-31T00:00:00Z,224,2026-01-08T23:57:12.023795Z,4,2,464.94,596437.12,18318.23,53979.89,0.941,29,masoud-pezeshkian-out-by-december-31-793-289|masoud-pezeshkian-out-by-march-31|masoud-pezeshkian-out-by-june-30-242-112|masoud-pezeshkian-out-by-april-30-427,0x3e80f6cc475d7940ce26db5ee997b28ee80c50170ce7aa8af2d104c947c8e5e3|0xd01e1b540e6472789ddb1e4883b566b7964546521fb0d2908d095fa7bc4d37b4|0x3ed92a5a51371e8ba5882ae743ccf90460c8860fdd862a9389e249d0a2b9f055|0x8fb6936ae7f5ee15170825aad109c9939f89bcd9922aa16cb1fb73e034259881,"This market will resolve to “Yes” if Masoud Pezeshkian ceases to be President of Iran for any period of time between market creation and the specified date (ET). Otherwise, this market will resolve to “No”. An announcement of Masoud Pezeshkian's resignation/removal before this market's end date will",https://polymarket.com/event/masoud-pezeshkian-out-by
jerome-powell-in-jail-before-2027,Jerome Powell in jail before 2027?,politics,fed-rates|economic-policy|economy|trump|fed|politics|jerome-powell|fed-chair,2026-12-31T00:00:00Z,224,2026-01-12T16:44:59.526117Z,1,1,0.00,3749.90,5156.05,1197.29,0.818,1,jerome-powell-in-jail-before-2027,0x16dc4d5f7cc8088cfa333af21de0f0401a965f35bae8c4f273a1ecde0627bf9f,"This market will resolve to ""Yes"" if Jerome Powell serves any time in a federal, state, or local U.S. jail or prison between market creation and December 31, 2026, 11:59 PM ET. Otherwise, this market will resolve to ""No"". The primary resolution source for this market will be official information fro",https://polymarket.com/event/jerome-powell-in-jail-before-2027
will-the-us-officially-declare-war-on-iran-by,Will the US officially declare war on Iran by...?,politics,trump-presidency|us-iran|iran|israel|middle-east|world|geopolitics|politics,2026-12-31T00:00:00Z,224,2026-01-12T20:51:14.735884Z,3,1,557.58,7525432.85,55546.18,174166.94,0.841,0,will-the-us-officially-declare-war-on-iran-by-december-31-2026-746|will-the-us-officially-declare-war-on-iran-by-march-31-2026|will-the-us-officially-declare-war-on-iran-by-april-30-2026,0x3285179b99df57b0390e480f8e69d340e5fa38496b263225df90ef389e2958f4|0x5d0010816af97d97145a0b2f90b10687e0280ee4d90a5e6615e606bab7b45465|0xe00f84278d7ec49668b4f9f6c6d0a437663cdcf0e330fdb3789c649f8a29fdc8,"This market will resolve to ""Yes"" if the United States formally declares war on Iran through an act of Congress between market creation and the specified date, 11:59 PM ET. Otherwise, this market will resolve to ""No."" To qualify, Congress must pass a formal declaration of war, consistent with its co",https://polymarket.com/event/will-the-us-officially-declare-war-on-iran-by
will-greenland-vote-for-independence-in-2026,Will Greenland vote for independence in 2026?,politics,politics|trump|geopolitics|greenland,2026-12-31T00:00:00Z,224,2026-01-12T22:58:51.558501Z,1,1,10.58,23939.80,12315.62,5041.32,0.828,8,will-greenland-vote-for-independence-in-2026,0xa6ef52567677573f60cc0dd4450d9c5bc0bc67fac27b6f5b5d6d90bfb89ec790,"This market will resolve to “Yes” if Greenland holds an independence referendum and a majority of voters in the referendum vote for independence by December 31, 2026, 11:59 PM ET. Otherwise, this market will resolve to “No”. A referendum to join a country other than Denmark will be considered to be ",https://polymarket.com/event/will-greenland-vote-for-independence-in-2026
taiwanese-premier-cho-jung-tai-out-by,Taiwanese Premier Cho Jung-tai out by...?,politics,china|world|geopolitics|politics|taiwan,2026-12-31T00:00:00Z,224,2026-01-13T19:24:44.989287Z,2,2,170.00,124752.02,21572.80,3824.86,0.902,0,taiwanese-premier-cho-jung-tai-out-by-june-30-2026|taiwanese-premier-cho-jung-tai-out-by-december-31-2026,0x0a41fdad163a6627011670f3825b0a7ba6846898edd967bf99e35edaf8e01c39|0x36fcfb6677c31da3b4d778113f9c73621aa1a393f7f91c595077a7a3e5813a08,"This market will resolve to “Yes” if Cho Jung-tai ceases to be Premier of Taiwan for any period of time between market creation and the specified date (ET). Otherwise, this market will resolve to “No”. An announcement of Cho Jung-tai's resignation/removal before this market's end date will immediate",https://polymarket.com/event/taiwanese-premier-cho-jung-tai-out-by
will-trump-flip-the-bird-again-in-2026,Will Trump flip the bird again in 2026?,politics,flip-off|politics|trump|middle-finger,2026-12-31T00:00:00Z,224,2026-01-14T02:05:31.946793Z,1,1,0.00,47816.57,3540.40,6661.23,0.943,15,will-trump-flip-the-bird-again-in-2026,0x2dad4655ee64f1cc5546e5807055eea9d5d355a914e88386ad92b2b04a1a28e3,Donald Trump showed the middle finger to an individual heckling him at a Minnesota Ford plant on January 13 (see: https://www.cnn.com/2026/01/13/politics/ford-plant-trump-middle-finger-flip). This market will resolve to “Yes” if photo or video evidence shows Donald Trump giving the middle finger to ,https://polymarket.com/event/will-trump-flip-the-bird-again-in-2026
kadyrov-out-as-head-of-the-chechen-republic-by,Kadyrov out as Head of the Chechen Republic by...?,politics,geopolitics|chechnya|russia|ramzan-kadyrov|politics,2026-12-31T00:00:00Z,224,2026-01-14T22:30:10.67564Z,3,2,2.38,260727.62,15132.04,25342.51,0.888,56,kadyrov-out-as-head-of-the-chechen-republic-by-june-30-2026|kadyrov-out-as-head-of-the-chechen-republic-by-december-31-2026|kadyrov-out-as-head-of-the-chechen-republic-by-march-31-2026,0xc1a90cbaa26e8e5e79f2a395362a72302ca065b5c5d32aa83e97f3f5b68e7c45|0x72f0b7ccdf12e2c4dc169edfd853fd67ae25929af6579bc2a52781231a6b1c44|0xa4dc1270dd2d755534f1ecd580b0a82458797797bae793bf2cbaf914e655f6dc,"Ramzan Kadyrov is currently serving as the Head of the Chechen Republic, the highest political office of the Chechen Republic, a Republic of Russia. This market will resolve to ""Yes"" if Ramzan Kadyrov ceases to be Head of the Chechen Republic for any length of time by the specified date, 11:59 PM ET",https://polymarket.com/event/kadyrov-out-as-head-of-the-chechen-republic-by
will-elon-musk-win-his-case-against-sam-altman,Will Elon Musk win his case against Sam Altman?,politics,openai|politics|musk-v-altman|xai|courts|ai|elon-musk|musk-v-altman|tech,2026-12-31T00:00:00Z,224,2026-01-14T19:15:03.663527Z,1,1,90440.36,848617.64,29453.34,239321.67,0.804,63,will-elon-musk-win-his-case-against-sam-altman,0xfbb9e922b7dbbb4aa5253d98203d5593a93b59599447aff02354ecafbe19b916,"This market will resolve to “Yes” if the U.S. District Court in the Northern District of California sides with Elon Musk in Elon Musk v. Sam Altman et al by December 31, 2026, 11:59 PM ET. Otherwise, this market will resolve to “No”. If the case reaches a determination without settlement, the court ",https://polymarket.com/event/will-elon-musk-win-his-case-against-sam-altman
kristi-noem-impeached-in-2026,Kristi Noem impeached in 2026?,politics,kristi-noem|minnesota-unrest|dhs|politics|congress,2026-12-31T00:00:00Z,224,2026-01-19T20:35:40.792764Z,1,1,0.00,17631.53,13212.20,2371.15,0.865,9,kristi-noem-impeached-in-2026,0x7dd540b69c704d0ae2defeae33dce2e67fea98beb34e999e677cde77d0fce9ff,"This market will resolve to “Yes“ if the US House of Representatives, by simple majority vote, approves or passes one or more articles of impeachment of United States Secretary of Homeland Security Kristi Noem, between market creation and December 31, 2026, 11:59 PM ET. Otherwise, this market will r",https://polymarket.com/event/kristi-noem-impeached-in-2026
will-the-2026-midterm-elections-happen-as-scheduled,Will the 2026 Midterm Elections happen as scheduled?,politics,politics|trump|elections,2026-12-31T00:00:00Z,224,2026-01-15T19:15:26.633878Z,1,1,119.80,167105.89,40834.71,79969.03,0.853,19,will-the-2026-midterm-elections-happen-as-scheduled,0xd93366079fab7bcb8a03705969822056b76226a48fd5bb7b1475a5b186cf6f07,"This market will resolve to ""Yes"" if the 2026 US Midterm Elections happen on November 3, 2026. Otherwise, this market will resolve to ""No"". The primary resolution source for this market will be official information from the US government, however a consensus of credible reporting will also be used.",https://polymarket.com/event/will-the-2026-midterm-elections-happen-as-scheduled
will-russia-invade-another-country-in-2026,Will Russia invade another country in 2026?,politics,putin|russia|geopolitics|politics|military-actions|armenia,2026-12-31T00:00:00Z,224,2026-01-19T20:35:38.184127Z,1,1,2155.88,176083.45,39287.95,119453.09,0.877,10,will-russia-invade-another-country-in-2026,0x8011cff605bac25673a202332b678e823cd7d82abad9e9770db01ea625808229,"This market will resolve to ""Yes"" if Russia commences a military offensive intended to establish control over any portion of any UN member state's territory, other than Ukraine's, by December 31, 2026, 11:59 PM ET. Otherwise, this market will resolve to ""No"". For the purposes of this market, land de",https://polymarket.com/event/will-russia-invade-another-country-in-2026
von-der-leyen-out-as-european-commission-president-in-2026,Von der Leyen out as European Commission President in 2026?,politics,europe|european-union|geopolitics|politics|eu,2026-12-31T00:00:00Z,224,2026-01-16T17:41:10.671902Z,1,1,44.76,18124.50,8546.72,4239.46,0.899,5,von-der-leyen-out-as-european-commission-president-in-2026,0xff7af0d4001a984e5bdb2ced851ca82babf800344071ed5f8aee2df7b55797a8,"This market will resolve to “Yes” if Ursula von der Leyen ceases to be the President of the European Commission for any period of time between market creation and December 31, 2026, 11:59 PM ET. Otherwise, this market will resolve to “No”. An announcement of von der Leyen's resignation/removal befor",https://polymarket.com/event/von-der-leyen-out-as-european-commission-president-in-2026
anthony-albanese-out-as-prime-minister-of-australia-by,Anthony Albanese out as Prime Minister of Australia by...? ,politics,politics|australia|geopolitics,2026-12-31T00:00:00Z,224,2026-01-19T20:21:41.158103Z,2,2,56.35,12580.43,14619.00,3765.10,0.864,1,anthony-albanese-out-as-prime-minister-of-australia-by-december-31-2026|anthony-albanese-out-as-prime-minister-of-australia-by-june-30-2026,0xa91ddfc41b279099da4d4ab260fdc50ed43c09f2b761d78e25c9ed0ffb0402d2|0x75137fe0065f3b940c4659c16fb52e260b1af9dc7a18984f644585dbf572c1ae,"This market will resolve to “Yes” if Anthony Albanese ceases to be the Prime Minister of Australia for any period of time between market creation and December 31, 2026, 11:59 PM ET. Otherwise, this market will resolve to “No”. An announcement of Anthony Albanese's resignation/removal before this mar",https://polymarket.com/event/anthony-albanese-out-as-prime-minister-of-australia-by
scotus-lets-trump-fire-ftc-commissioners-in-trump-v-slaughter,SCOTUS lets Trump fire FTC commissioners in Trump v. Slaughter?,politics,scotus|ftc|politics|trump|courts|supreme-court|humphreys|humphrey-s-executor,2026-12-31T00:00:00Z,224,2026-01-20T16:01:44.531327Z,1,1,66.75,21502.52,9564.33,1562.33,0.832,1,scotus-lets-trump-fire-ftc-commissioners-in-trump-v-slaughter,0x082116a4d4d6e84fabe4539106f6d026d0e9a974ad4bca81768fdbbe3fea158e,"This market will resolve to “Yes” if the Supreme Court, in Trump v. Slaughter, rules to overturn Humphrey's Executor v. United States by December 31, 2026, 11:59 PM ET. Otherwise, this market will resolve to “No”. The Supreme Court will be considered to overturn Humphrey's Executor v. United States ",https://polymarket.com/event/scotus-lets-trump-fire-ftc-commissioners-in-trump-v-slaughter
trump-x-greenland-deal-signed-by-december-31,Trump x Greenland deal signed by December 31?,politics,politics|world|denmark|geopolitics|nato|greenland|trump,2026-12-31T00:00:00Z,224,2026-01-21T23:01:29.168727Z,1,1,149.69,68274.36,28328.43,26313.55,0.987,0,trump-x-greenland-deal-signed-by-december-31,0x6a7aed00fae37de19e0b789a6b50a7475ff1afa898c50b9da11ca733a23199fa,"This market will resolve to “Yes” if both Denmark and the United States sign a deal, treaty, or similar international agreement of any kind relating to Greenland by December 31, 2026, 11:59 PM ET. Otherwise, this market will resolve to “No”. Any U.S.–Danish agreement relating to Greenland will quali",https://polymarket.com/event/trump-x-greenland-deal-signed-by-december-31
us-grants-license-for-new-nuclear-reactor-in-2026,US grants license for new nuclear reactor in 2026?,politics,nuke|tech|politics|trump,2026-12-31T00:00:00Z,224,2026-01-26T21:52:05.012753Z,1,1,0.00,22849.38,1366.19,1135.38,0.943,2,us-grants-license-for-new-nuclear-reactor-in-2026,0xd29d33516240ad8d483df35e1e960553ad50ef5a5b8b20a51630c9b976d41069,"This market will resolve to ""Yes"" if the U.S. Nuclear Regulatory Commission (NRC) issues a new combined license (COL) for the construction and operation of a nuclear power plant by December 31, 2026, 11:59 PM ET. Otherwise, this market will resolve to ""No."" A combined license must be clearly identif",https://polymarket.com/event/us-grants-license-for-new-nuclear-reactor-in-2026
dutch-house-of-representatives-dissolved-in-2026,Dutch House of Representatives dissolved in 2026?,politics,politics|netherlands|world|europe|holland,2026-12-31T00:00:00Z,224,2026-01-28T00:21:45.316226Z,1,1,0.00,11668.65,8852.07,5088.81,0.880,8,dutch-house-of-representatives-dissolved-in-2026,0x91e33c9060d6b19bc54f0ea3dcf0bd20bf73893f13026682833622c5f5a377bb,"This market will resolve to ""Yes"" if the sitting Dutch House of Representatives (Tweede Kamer der Staten-Generaal), as of January 27, 2026, is dissolved by December 31, 2026, 11:59 PM ET. Otherwise, this market will resolve to ""No"". The primary resolution source for this market is official informati",https://polymarket.com/event/dutch-house-of-representatives-dissolved-in-2026
zhang-youxia-sentenced-to-prison-before-2027,Zhang Youxia sentenced to prison before 2027?,politics,politics|geopolitics|xi|xi-jinping|world|china|hfc,2026-12-31T00:00:00Z,224,2026-01-29T03:27:07.277794Z,1,1,393.58,130259.03,13715.55,29261.84,0.859,4,zhang-youxia-sentenced-to-prison-before-2027,0x1b9746edf079c953617f77a5287a0a46e1e6798b72262c6d959d401a79fc63e2,"This market will resolve to ""Yes"" if Chinese General Zhang Youxia is sentenced to any time in jail/prison for any charges by December 31, 2026, 11:59 PM. Otherwise, this market will resolve to ""No"". This market will remain open through December 31, 2026 or until Zhang Youxia is sentenced to time in ",https://polymarket.com/event/zhang-youxia-sentenced-to-prison-before-2027
who-will-xi-jinping-purge-in-2026,Who will Xi Jinping purge in 2026?,politics,world|politics|xi|china|geopolitics|oust|hfc,2026-12-31T00:00:00Z,224,2026-01-29T20:42:04.835803Z,9,9,371.80,158603.85,87614.23,30580.69,0.856,15,will-xi-jinping-purge-cai-qi-in-2026|will-xi-jinping-purge-wang-huning-in-2026|will-xi-jinping-purge-ding-xuexiang-in-2026|will-xi-jinping-purge-zhang-shengmin-in-2026|will-xi-jinping-purge-wang-yi-in-2026|will-xi-jinping-purge-li-qiang-in-2026|will-xi-jinping-purge-zhao-leji-in-2026|will-xi-jinping-purge-li-xi-in-2026|will-xi-jinping-purge-dong-jun-in-2026,0xb3f709495e9ac8a2ee7d563278bb452694969c6370d5dffd80fc520d8d9f54a1|0x030d920e78575d28eb4c90032b4b784134fc1527b237e2275498c2d9d562dc2c|0xd4e49b3f60c6702b7a1ebaa2aa0ba8ef953296f46f4d3cafb01e04b9c9999a8c|0x18598938f75c9a0ba7c7585eba6a41c157a87408404ca2d3e2a3a97ea0497a01|0x16a2b3df1bf89e800eaf6951e6eed12234aa3d0e77b299523612773d34af1db2|0x09d19209ca723f7f0e5a03c43e732f95ff38b4c6bb5a53a6d63721d4923f5f5e|0x70b871e140dc7cc83f32afae2b0b79c05b5d18841b4644160f506baa66dc3962|0x122e768333fee2f23acb222836de2c7d7ea95ea3c206954eaa9868a30a70207e|0x9491ede41573b5c58be84b8ea4940616fe78566ea403f979bb455342700149f8,"This market will resolve to “Yes” if either of the following conditions are met by December 31, 2026, 11:59 PM ET. Otherwise, this market will resolve to “No”. 1) The listed individual is removed or resigns from their primary political post or from their position, if any, on the Chinese Politburo or",https://polymarket.com/event/who-will-xi-jinping-purge-in-2026
luigi-mangione-out-of-custody-before-2027,Luigi Mangione out of custody before 2027?,politics,courts|culture|mangione|luigi-mangione|politics,2026-12-31T00:00:00Z,224,2026-01-29T21:07:19.169385Z,1,1,0.00,15822.21,6687.54,3698.11,0.828,7,luigi-mangione-out-of-custody-before-2027,0xdfd77792b61741d393fa8696696fb6588636b2f25ecc4796faa97440fbb5f312,"This market will resolve to ""Yes"" if Luigi Mangione is released from custody by December 31, 2026, 11:59 PM ET. Otherwise, this market will resolve to ""No"". If Mangione is released but remains under house arrest, the market will still resolve to ""Yes"". If Mangione is released on parole, bond, or any",https://polymarket.com/event/luigi-mangione-out-of-custody-before-2027
us-recognizes-machado-as-leader-of-venezuela-by-december-31,U.S. recognizes Machado as leader of Venezuela by December 31?,politics,venezuela|trump-machado|maria-machado|maria-corina-machado|trump|politics|geopolitics,2026-12-31T00:00:00Z,224,2026-01-31T00:25:14.04392Z,1,1,6.25,3887.97,17432.43,2171.37,0.862,0,us-recognizes-machado-as-leader-of-venezuela-by-december-31,0x23740503b6cbf73007c39facab4399ac7fafaebbdf5ab4092bf5671b1de5b3a0,"This market will resolve to ""Yes"" if the Trump administration announces that the United States officially recognizes Maria Corina Machado as the leader of Venezuela by December 31, 2026, 11:59 PM ET. Otherwise, this market will resolve to ""No"". Roles that could qualify for leader of Venezuela status",https://polymarket.com/event/us-recognizes-machado-as-leader-of-venezuela-by-december-31
will-alberta-vote-for-independence-in-2026,Will Alberta vote for independence in 2026?,politics,world|canada|trump|politics,2026-12-31T00:00:00Z,224,2026-01-30T23:32:16.107111Z,1,1,5429.80,83090.22,26974.27,49241.70,0.857,7,will-alberta-vote-for-independence-in-2026,0xfa036bb861dd01304a9ad13649947e8c4834a3accd3af872531bac6e0ada2129,"This market will resolve to ""Yes"" if a referendum on Alberta's independence from Canada is passed by December 31, 2026, 11:59 PM. Otherwise, this market will resolve to ""No"". Any referendum that establishes Alberta's desire for independence, sets a framework for independence, or establishes independ",https://polymarket.com/event/will-alberta-vote-for-independence-in-2026
will-anyone-be-jailed-over-epstein-disclosures,Will anyone be jailed over Epstein disclosures? ,politics,epstein|politics|kash-patel|pam-bondi|trump,2026-12-31T00:00:00Z,224,2026-02-02T03:43:44.299079Z,1,1,232.50,292962.56,23961.64,64601.76,0.859,45,will-anyone-be-jailed-over-epstein-disclosures,0xaad0c8484cc9f91162f667120780d75fd822f399ee9060591a065602b1d1efbb,"This market will resolve to “Yes” if, by December 31, 2026, 11:59 PM ET, any individual serves any time in a federal, state, or local U.S. jail or prison, and the cause of that incarceration is attributed to information contained in files related to Jeffrey Epstein released by the federal government",https://polymarket.com/event/will-anyone-be-jailed-over-epstein-disclosures
will-anyone-be-charged-over-epstein-disclosures,Will anyone be charged over Epstein disclosures?,politics,trump|courts|epstein|files|politics|epstein-files,2026-12-31T00:00:00Z,224,2026-02-02T20:11:25.065887Z,1,1,68.36,129673.12,13671.82,26198.54,0.899,30,will-anyone-be-charged-over-epstein-disclosures,0xd65525f918d9957f6d72f34fe19b0819ca011207e4913d8a8f3855ab2b10ffd7,"This market will resolve to “Yes” if, by December 31, 2026, 11:59 PM ET, any Federal or State jurisdiction of the United States formally charges or otherwise announces a criminal indictment of any individual, and the cause of that charge or indictment is attributed to information contained in files ",https://polymarket.com/event/will-anyone-be-charged-over-epstein-disclosures
will-trump-repeal-presidential-term-limits-in-2026,Will Trump repeal Presidential term limits in 2026?,politics,politics|trump,2026-12-31T00:00:00Z,224,2026-02-02T22:21:41.831929Z,1,1,67.01,9599.14,16410.12,4976.48,0.839,1,will-trump-repeal-presidential-term-limits-in-2026,0x1f4c8d786934a7c44d2a130b47401cdec5d94559335eec4d9e9372556adfdbbf,"This market will resolve to ""Yes"" if Donald Trump signs any bill into law that aims to repeal or alter presidential term limits as defined by the 22nd Amendment to the U.S. Constitution, such a bill is otherwise passed into law, or if the U.S. Supreme Court rules in a way that would permit a preside",https://polymarket.com/event/will-trump-repeal-presidential-term-limits-in-2026
which-companies-will-the-us-take-a-stake-in,Which companies will the US take a stake in?,politics,politics|economy|trump|tech|big-tech,2026-12-31T00:00:00Z,224,2026-02-03T15:43:22.808331Z,18,18,17.69,83432.95,23152.25,5532.32,0.970,2,will-the-us-federal-government-take-a-stake-in-the-boeing-company|will-the-us-federal-government-take-a-stake-in-openai|will-the-us-federal-government-take-a-stake-in-nvidia-corporation|will-the-us-federal-government-take-a-stake-in-lockheed-martin-corporation|will-the-us-federal-government-take-a-stake-in-freeport-mcmoran-inc|will-the-us-federal-government-take-a-stake-in-micron-technology-inc|will-the-us-federal-government-take-a-stake-in-anthropic-pbc|will-the-us-federal-government-take-a-stake-in-eli-lilly-and-company|will-the-us-federal-government-take-a-stake-in-samsung-electronics-co-ltd|will-the-us-federal-government-take-a-stake-in-anduril-industries-inc|will-the-us-federal-government-take-a-stake-in-taiwan-semiconductor-manufacturing-company-limited|will-the-us-federal-government-take-a-stake-in-palantir-technologies-inc|will-the-us-federal-government-take-a-stake-in-globalfoundries-inc|will-the-us-federal-government-take-a-stake-in-tiktok-usds-joint-venture-llc-or-bytedance|will-the-us-federal-government-take-a-stake-in-ionq-inc|will-the-us-federal-government-take-a-stake-in-d-wave-quantum-inc|will-the-us-federal-government-take-a-stake-in-rigetti-computing-inc|will-the-us-federal-government-take-a-stake-in-pfizer-inc,0x6e2c5a9e54e6eead88dca03bd6de7a357c154856724b9d4a27d8dc9a2628d27c|0x1166beee8722f02d9c79f60252c6eba339e32c699414cbd363c0973d55fc261b|0xf86df821bd41f20c0b67674bfc03a7db9408bc336103ffdf9675cb8e313797f1|0x063bcc769a02477cbaa9bafd576934fb9dddced3bb671b0b7bbf8f691d627969|0xfafdaf9f3f99130049785151e16e60f11bbd890359e0dcf6f6f9fab85dfc6a0a|0xec8dc021aeb7c770c0f551da37b9f1aee4e7b97834ab12f51b524ed269c8487a|0x3445836e43dca8145d09435480dde2d09348b6a585e26c42cc227b7dae7555b1|0xe5ea729b91b19f0930ecd4b892ad33a571e5f739355c09334bdb31f322a7abcb|0xbabf4d97e342229baf65bfb0d7127c09a5bec0d76a7beb49bc47b1d9cf5c4091|0x11c846106277b0b0eccd71a5c7297073c646bf5a19a8ef92b2f9305e97e2be38|0xf0cfdff5567f3b71dca486d4be95501fc515e402f0c6e098a118c9d52f931d00|0x1adad084557cf5ab0fc502e9ea0a44964a8c88e90d72953bd22417f49a5341a5|0x29de69eea09afcb0cde8301eca3e6fcabf826dcb8a8dafacc0d20f3404a735ff|0xe61206a9db350886fbc62f56da9b6f7343a931b9e609038c486e9048aac1246c|0x3e318837fa58267e33e8af09dea56455c74ccb948627cfd0ae3bb6e69fa54788|0xb8aa75c192ef213dd9c9c3762feacfd84d6f331f0b8893c45c8fb5ec6f1ebf59|0xf179f57bcd9d754aee6245c7816d523f3dabcd476e6f26c4b9f6cd8108e72a9f|0x1e4ae24fb0a3f204679a8d860d34b0935381d35a6c7bc0713ee9e56451cf1d3c,"This market will resolve to “Yes” if the U.S. federal government takes a stake in the listed company by December 31, 2026, 11:59 PM ET. Otherwise, this market will resolve to “No”. Takes a stake refers to the U.S. federal government acquiring direct equity ownership, voting shares, convertible right",https://polymarket.com/event/which-companies-will-the-us-take-a-stake-in
save-act-signed-into-law-in-2026,H.R. 22 (SAVE Act) signed into law in 2026?,politics,politics|congress|immigration,2026-12-31T00:00:00Z,224,2026-02-03T23:23:52.116892Z,1,1,22.00,166005.00,23829.48,55840.87,0.847,20,save-act-signed-into-law-in-2026,0xf2a1d529e46480e1e1c5df6c344b7ee1e7c751c3f519cdf64cd7756d7570d93a,"This market will resolve to ""Yes"" if the Save Act (H.R.22) is passed by both chambers of the U.S. Congress and signed into law by December 31, 2026, 11:59 PM ET. Otherwise, this market will resolve to ""No"". The primary resolution sources for this market will be Congress.gov’s legislation tracker (ht",https://polymarket.com/event/save-act-signed-into-law-in-2026
will-trump-nationalize-elections,Will Trump nationalize elections?,politics,politics|federalize|us-election|trump,2026-12-31T00:00:00Z,224,2026-02-04T22:33:49.156072Z,1,1,0.00,15490.63,10611.86,3179.98,0.868,5,will-trump-nationalize-elections,0xe6522d64f35a6843ebdbccab2e3d4a1385350be6d40a3de766330e207b71a8ba,This market will resolve to “Yes” if Donald Trump signs any federal legislation into law or performs any executive action that creates new legal authority for the federal government to exercise direct administrative control over the previously-localized administration of federal elections by Decembe,https://polymarket.com/event/will-trump-nationalize-elections
next-uk-prime-minister-in-2026-122,Next UK Prime Minister in 2026?,politics,politics|england|uk|world|pm|starmer,2026-12-31T00:00:00Z,224,2026-02-05T22:57:27.385717Z,61,61,88924.17,7798207.65,1179016.87,246159.31,0.999,95,will-lucy-powell-be-the-next-prime-minister-of-the-united-kingdom-in-2026-663|will-wes-streeting-be-the-next-prime-minister-of-the-united-kingdom-in-2026-137|will-angela-rayner-be-the-next-prime-minister-of-the-united-kingdom-in-2026-737|will-nigel-farage-be-the-next-prime-minister-of-the-united-kingdom-in-2026-356|will-andy-burnham-be-the-next-prime-minister-of-the-united-kingdom-in-2026-882|will-kemi-badenoch-be-the-next-prime-minister-of-the-united-kingdom-in-2026-828|will-yvette-cooper-be-the-next-prime-minister-of-the-united-kingdom-in-2026-875|will-shabana-mahmood-be-the-next-prime-minister-of-the-united-kingdom-in-2026-129|will-ed-miliband-be-the-next-prime-minister-of-the-united-kingdom-in-2026-745|will-boris-johnson-be-the-next-prime-minister-of-the-united-kingdom-in-2026-495|will-ed-davey-be-the-next-prime-minister-of-the-united-kingdom-in-2026-255|will-bridget-phillipson-be-the-next-prime-minister-of-the-united-kingdom-in-2026-539|will-rupert-lowe-be-the-next-prime-minister-of-the-united-kingdom-in-2026-515|will-rachel-reeves-be-the-next-prime-minister-of-the-united-kingdom-in-2026-919|will-robert-jenrick-be-the-next-prime-minister-of-the-united-kingdom-in-2026-325|will-david-lammy-be-the-next-prime-minister-of-the-united-kingdom-in-2026-654|will-james-cleverly-be-the-next-prime-minister-of-the-united-kingdom-in-2026-292|will-darren-jones-be-the-next-prime-minister-of-the-united-kingdom-in-2026-455|will-al-carns-be-the-next-prime-minister-of-the-united-kingdom-in-2026-126|will-john-healey-be-the-next-prime-minister-of-the-united-kingdom-in-2026|will-person-b-be-the-next-prime-minister-of-the-united-kingdom-in-2026|will-person-c-be-the-next-prime-minister-of-the-united-kingdom-in-2026|will-person-d-be-the-next-prime-minister-of-the-united-kingdom-in-2026|will-person-e-be-the-next-prime-minister-of-the-united-kingdom-in-2026|will-person-f-be-the-next-prime-minister-of-the-united-kingdom-in-2026|will-person-g-be-the-next-prime-minister-of-the-united-kingdom-in-2026|will-person-h-be-the-next-prime-minister-of-the-united-kingdom-in-2026|will-person-i-be-the-next-prime-minister-of-the-united-kingdom-in-2026|will-person-j-be-the-next-prime-minister-of-the-united-kingdom-in-2026|will-person-k-be-the-next-prime-minister-of-the-united-kingdom-in-2026-679|will-person-l-be-the-next-prime-minister-of-the-united-kingdom-in-2026|will-person-m-be-the-next-prime-minister-of-the-united-kingdom-in-2026|will-person-n-be-the-next-prime-minister-of-the-united-kingdom-in-2026|will-person-o-be-the-next-prime-minister-of-the-united-kingdom-in-2026|will-person-p-be-the-next-prime-minister-of-the-united-kingdom-in-2026|will-person-q-be-the-next-prime-minister-of-the-united-kingdom-in-2026|will-person-r-be-the-next-prime-minister-of-the-united-kingdom-in-2026|will-person-s-be-the-next-prime-minister-of-the-united-kingdom-in-2026|will-person-t-be-the-next-prime-minister-of-the-united-kingdom-in-2026|will-person-u-be-the-next-prime-minister-of-the-united-kingdom-in-2026|will-person-v-be-the-next-prime-minister-of-the-united-kingdom-in-2026|will-person-w-be-the-next-prime-minister-of-the-united-kingdom-in-2026|will-person-x-be-the-next-prime-minister-of-the-united-kingdom-in-2026|will-person-y-be-the-next-prime-minister-of-the-united-kingdom-in-2026|will-person-z-be-the-next-prime-minister-of-the-united-kingdom-in-2026|will-person-aa-be-the-next-prime-minister-of-the-united-kingdom-in-2026|will-person-ab-be-the-next-prime-minister-of-the-united-kingdom-in-2026|will-person-ac-be-the-next-prime-minister-of-the-united-kingdom-in-2026|will-person-ad-be-the-next-prime-minister-of-the-united-kingdom-in-2026|will-person-ae-be-the-next-prime-minister-of-the-united-kingdom-in-2026|will-person-af-be-the-next-prime-minister-of-the-united-kingdom-in-2026|will-person-ag-be-the-next-prime-minister-of-the-united-kingdom-in-2026|will-person-ah-be-the-next-prime-minister-of-the-united-kingdom-in-2026|will-person-ai-be-the-next-prime-minister-of-the-united-kingdom-in-2026|will-person-aj-be-the-next-prime-minister-of-the-united-kingdom-in-2026|will-person-ak-be-the-next-prime-minister-of-the-united-kingdom-in-2026|will-person-al-be-the-next-prime-minister-of-the-united-kingdom-in-2026|will-person-am-be-the-next-prime-minister-of-the-united-kingdom-in-2026|will-person-an-be-the-next-prime-minister-of-the-united-kingdom-in-2026|will-another-person-be-the-next-prime-minister-of-the-united-kingdom-in-2026|will-no-next-prime-minister-of-the-united-kingdom-be-appointed-in-2026,0x74e5ba38a2cb8332c748ef8c74cadc36dc91f406a1a48870aca409c6449b03f5|0x0de4c5e098c5101f7cce39d11dd3294873381b78c2794b6c6aea3142117f03a1|0xe955eda79ad9ac1e9c055edc23fb5134eb2ace68508645d261c4de8db921f8fa|0x7ca95f6c38e50e158279df39b2f30dbd005edc94ee64c6e4f50912e40bd16b5c|0x763a7f1e440693b54c56da02d338c2092053567dd865174387d06ee5612fdc9e|0xf187c96c1972bff33fb19e543ae44c80f0e158db9d6e6e7d48242b1b83b6d1ae|0xb3fbac28ca420448a4c4b18a1cb6ef4db17d099e5674f5461fe848397d669382|0xc11e997578fa83b91b9a0838d90379960628d4834d887c6c5c427576834bc675|0x9e329c0e729c96b40014938bc0cb63c1637995c571c7ba39bab72028e92525da|0x8025fb16d3cd32c728c42d84999842b6fda4e68a8c838628c4652ad71546bcbf|0x8e19827705b34f87e142d1112efbdbf8b66e07fcf523aef5deb08af99be057b1|0xbdee97fd2062a991a5c0e223519c56f0a13948fa5da6e23765d01b914db2aab9|0xf365e4c2d0ed67ffb8263cac97570e02664099fd25d1a8bd201e53dc883d86f1|0x3c9119a8f3be868a667b922c13f2370bb14cd61944a6b96388df41aa59238213|0x6b4b89bb3bfeadcacfd1c256e75dc01e41589c4427387c7114ae6508fbc0e02b|0xe8320226abf954b7f252d4de969ddacf933a694ade8988834a457e8ce5649e5a|0xcead388a140c4356ff21d8571bc84ce0f940b3173e248a3d3aa25814aeb354b1|0xa61700026c9208cdfaf356fce8de01f1108855d45b27b0d79c0516562d23ee77|0xb77f3959b1474d4a086199807c476947461ade64a1b19ce30646c91a78449891|0xf42f7a11284f0a20a27680a4812c1f1ad774cc60b211f992fac7f497e8c753b3|0xe655affd888469ac415e79bb6107af9bd43928d71720143ff6c713e4d7fdf23f|0x40b7e0d38371c08ef5ae107dc8980ad2c238e63f98f05d5b4301167904d4f718|0xa3ffaabefdb1f04bbdcc490dcbe81c683797c078a3ec761202548e67fe7838ce|0x05730da6878cb5d619e7e2493f1ca746b0138dd98ed4141e3484fd9358f7d795|0xed7e606f70b086d4969277ae3b2cf6c7c782e2de934f090c94c01ec7f13deea2|0x81333cc060dd5b33cd4260b85542bc8f61a07b05358ad68db25584564254c9bf|0x6a0bca40e5bad463fcee0bbf1c294fd5040159cbce7227a94f52bf14703fb11b|0x9dc91364fcfad08fcaca2ec2a0a242153e4dfc0718f3871155016d53fe7d74aa|0xcb03bf1f0754c2c2e5a1655f471ca39aa707d66130633aeea2961523a0ce82b4|0x14eb55fed62e98797fa217beef907ae51bc8366473051694f75b8b0b1526e6f4|0x36187bad4803248b5beee49347de0b9c103a694ff926912c7b75620ed08f3de5|0x14008a5e3a03edb628d6a56c887b2282c84473ad8c5437c5858da21a4398441f|0x6c44273b413cf5a99ef75035dadd0bec3642f68deb5dcb82136fd26499f4f9cb|0xb0322d910eef70eb159a3db34a1365c6c04c8531d40a4aa98bcf358bb15b63d6|0x82901080bb8ad375ea800aa005edda9c8e6048cf14d88eb281208f434d3b7098|0x4321b12e4c7cdfa4a71d160e2f47a7acc790d8d11436412b3c1630429fed4fa6|0xc658f55ac35c4a5dd96cbc4980aa4cdc8078d2f18235ee3f20fecbdcf47c5860|0x3b2b393ddf0b232fa3b6068fd0eb43ba01fa13e1e68d5b70a3bb86b68d67273e|0xb2b9233521aa9509fc1fa1d6441e9e8d4c2427f49989eef1fac8647e5b32dd33|0x3d9ac8ac832b72aeebf710d5fc863c86c0e537621eed23efe34c245e011c4cf3|0xd1324c03cca4a2ac798697aed67f7a61486fc5d5c0fa182e9b9b6785813dc7aa|0xb33da9714225fb0db2ea821c0ec28c455ac9aaac5c3c2960f35e27945186b77c|0xcbadf4278a03aa16a992636a8dec55442ebbc9aa89f6b6bb789f510855e4d7eb|0xad68fb3d6f1fb3adf500072c9d82b8bcf447db728ffdd7442535b688b258ac55|0x5a517b4b15283d52d54081fe90fc35d7bab8a7385cad45fce180bf19a039b262|0x8be699b67ca907481cc1b15f0b4ecaac07b37618cd16ae1639fc717e91511c69|0x39b91159e5191f5e1d6e06aa372c99b9bdb3e442cab044284db7bd9e7457814e|0xe08d9d5769c654e33debe7d7d5ba015f5e3fb832c5b41459d10ab0e9ab46e86a|0xc77dfdbd41c9771d0429e6ccfff20b646d390386a17ef328c9517d013140bffd|0x27d06e75178dbaa4c85793fbf4d44997f940e18071d9cfd99bf0cb59a1f1d91f|0x316c82991d854d3b99c7dba275a4ad4a84c84e97b915a2440fe83a203c47a166|0x9b98eecd4398bad2f83bb10451176ce85a835f0a6c1fbe807a0d09d62a8c8eff|0xf5962e912d95175875e19ec02da317214c2131e37a0f46e511d94e208a69d14e|0x22252ef919975e609f0975f357130fc6dbece4a65c06deb5417dc57384e5ac94|0xbe872811e7be067189879cad8a7b643fcacea03cedca4c9a480951c303d8d90b|0xeb1dd10cb1a40304f911264bbb6ed35c856f55ff43d9e8c34fb9b105d660b46d|0xbead3897193db954eae24157fe84cfcf5e0ac48752aefd3c20837b55f6aee870|0x5c5d9440ffca289115a1c3d7ea00787eed95a33c1a359fd2c682014934c464b9|0xa39bf1fb9f8f242432de2ccac1e3b192e67f35b0eaf8f05a9f7e63f8a0f755b0|0x806cc1dc9c7a83dac3026a7cd2e7b78512f98cbd0e8565851b6ea42811705e19|0x360229ef7e200995eeedfab6fd63514c8a43fcee803e8ac6dbe17065bd024d60,"This market will resolve to the next individual who is officially appointed as Prime Minister of the United Kingdom by December 31, 2026, 11:59 PM ET. To count for resolution, the individual must be officially appointed by the United Kingdom Monarch. Any interim or caretaker Prime Minister will not ",https://polymarket.com/event/next-uk-prime-minister-in-2026-122
will-alberta-join-the-us,Will Alberta join the US? ,politics,greenland|politics|trump|canada|world|annex|acquire|geopolitics,2026-12-31T00:00:00Z,224,2026-02-06T22:41:20.357584Z,1,1,30432.11,113899.38,45816.12,5546.80,0.825,6,will-alberta-join-the-us,0xf8e1b655885e0b49fc934c10672c13c68a3c19c895496326215d5f63293428a5,"This market will resolve to ""Yes"" if it is officially announced that Alberta will come under US sovereignty, or if Alberta officially comes under US sovereignty, by December 31, 2026, 11:59 PM ET. Otherwise this market will resolve to ""No"". Sovereignty is defined as the transfer of the majority of t",https://polymarket.com/event/will-alberta-join-the-us
will-trump-try-to-acquire-part-of-alberta,Will Trump try to acquire part of Alberta?,politics,trump|join|politics|geopolitics|annex|canada,2026-12-31T00:00:00Z,224,2026-02-06T23:02:24.048087Z,1,1,0.00,3214.85,8122.71,553.96,0.894,2,will-trump-try-to-acquire-part-of-alberta,0x88d12e229d9dc5da382e1a699f9a837e730ab261ac1c166da655e624e2a46334,"This market will resolve to ""Yes"" if Donald Trump or the US federal government publicly announces that Trump or the United States is seeking to take sovereignty or control over any portion of the territory of Alberta by December 31, 2026, 11:59 PM ET. Otherwise, this market will resolve to “No”. Sov",https://polymarket.com/event/will-trump-try-to-acquire-part-of-alberta
epstein-confirmed-to-be-satoshi-by-december-31,Epstein confirmed to be Satoshi by December 31?,politics,politics|crypto|culture|epstein,2026-12-31T00:00:00Z,224,2026-02-09T23:57:41.322352Z,1,1,467.21,31634.80,17660.58,7620.53,0.818,14,epstein-confirmed-to-be-satoshi-by-december-31,0xe209cfa20bc41c85353a0b55dac5513a719f24ff0005627bdd02b34af93beecd,"This market will resolve to ""Yes"" if definitive evidence confirming that Jeffrey Epstein is Satoshi Nakamoto, the pseudonymous creator of Bitcoin, is made public by December 31, 2026, 11:59 PM ET. Otherwise, this market will resolve to ""No"". Qualifying evidence includes, but is not limited to, verif",https://polymarket.com/event/epstein-confirmed-to-be-satoshi-by-december-31
will-trump-wear-a-yarmulke-in-2026,Will Trump wear a Yarmulke in 2026?,politics,politics|trump|kippah|yamaka,2026-12-31T00:00:00Z,224,2026-02-10T23:49:51.220579Z,1,1,110.40,9518.23,5860.42,3409.52,0.989,6,will-trump-wear-a-yarmulke-in-2026,0x206dd42ac46c6ecf5bae1c36e07a29c76fd2472051fa9c0b9c1b4c820ab6bb1d,"This market will resolve to “Yes” if Donald Trump is photographed or videotaped wearing a Yarmulke/Kippah at any point between market creation and December 31, 2026, 11:59 PM ET. Otherwise, this market will resolve to “No”. The resolution source will be a consensus of credible reporting, including p",https://polymarket.com/event/will-trump-wear-a-yarmulke-in-2026
nothing-ever-happens-obama,Nothing Ever Happens: Obama,politics,politics|parlays,2026-12-31T00:00:00Z,224,2026-02-11T20:15:49.063259Z,1,1,0.00,10479.46,2753.81,2699.93,0.874,1,nothing-ever-happens-obama,0x7301c676b80d44f01b486ef0a0b27696ada172c7293f4dd3226932071a8086e0,"This market will resolve to “Something” if any of the following conditions are met between market creation and December 31, 2026, 11:59 PM ET: - Obama federally charged - Obama arrested - Obama divorce Otherwise, this market will resolve to “Nothing”. The full rules for this market can be found here",https://polymarket.com/event/nothing-ever-happens-obama
lisa-murkowski-leaves-the-republican-party-in-2026,Lisa Murkowski leaves the Republican Party in 2026?,politics,politics|democrat|change|switch|trump|parties|republican,2026-12-31T00:00:00Z,224,2026-02-12T22:33:21.232206Z,1,1,0.00,4773.46,2945.17,1625.93,0.899,0,lisa-murkowski-leaves-the-republican-party-in-2026,0x304d0fa4874853ab011215531cdd12d05f05a4e4ffe7fc3da40076b742dc358f,"This market will resolve to “Yes” if Lisa Murkowski leaves, or announces that she is leaving, the Republican Party by December 31, 2026, 11:59 PM ET. Otherwise, this market will resolve to “No”. An official announcement from Murkowski that she will leave the Republican Party, join a separate party, ",https://polymarket.com/event/lisa-murkowski-leaves-the-republican-party-in-2026
i-beat-bush-epstein-email-sender-confirmed-as-in-2026,"""I beat Bush"" Epstein Email Sender confirmed as ___ ?",politics,politics|rubio|clinton|epstein|trump,2026-12-31T00:00:00Z,224,2026-02-13T21:55:36.513199Z,33,33,27.18,13447.83,14194.03,1762.80,0.912,5,will-ted-cruz-be-confirmed-to-be-the-sender-of-the-i-beat-bush-email-to-epstein-in-2026|will-marco-rubio-be-confirmed-to-be-the-sender-of-the-i-beat-bush-email-to-epstein-in-2026|will-rand-paul-be-confirmed-to-be-the-sender-of-the-i-beat-bush-email-to-epstein-in-2026|will-gwendolyn-beck-be-confirmed-to-be-the-sender-of-the-i-beat-bush-email-to-epstein-in-2026|will-placeholder-g-be-confirmed-to-be-the-sender-of-the-i-beat-bush-email-to-epstein-in-2026|will-placeholder-i-be-confirmed-to-be-the-sender-of-the-i-beat-bush-email-to-epstein-in-2026|will-placeholder-n-be-confirmed-to-be-the-sender-of-the-i-beat-bush-email-to-epstein-in-2026|will-donald-trump-be-confirmed-to-be-the-sender-of-the-i-beat-bush-email-to-epstein-in-2026|will-the-sender-of-the-i-beat-bush-email-to-epstein-not-be-revealed-in-2026|will-placeholder-b-be-confirmed-to-be-the-sender-of-the-i-beat-bush-email-to-epstein-in-2026|will-placeholder-c-be-confirmed-to-be-the-sender-of-the-i-beat-bush-email-to-epstein-in-2026|will-placeholder-e-be-confirmed-to-be-the-sender-of-the-i-beat-bush-email-to-epstein-in-2026|will-placeholder-h-be-confirmed-to-be-the-sender-of-the-i-beat-bush-email-to-epstein-in-2026|will-placeholder-l-be-confirmed-to-be-the-sender-of-the-i-beat-bush-email-to-epstein-in-2026|will-placeholder-o-be-confirmed-to-be-the-sender-of-the-i-beat-bush-email-to-epstein-in-2026|will-placeholder-w-be-confirmed-to-be-the-sender-of-the-i-beat-bush-email-to-epstein-in-2026|will-ben-carson-be-confirmed-to-be-the-sender-of-the-i-beat-bush-email-to-epstein-in-2026|will-placeholder-f-be-confirmed-to-be-the-sender-of-the-i-beat-bush-email-to-epstein-in-2026|will-placeholder-j-be-confirmed-to-be-the-sender-of-the-i-beat-bush-email-to-epstein-in-2026|will-placeholder-m-be-confirmed-to-be-the-sender-of-the-i-beat-bush-email-to-epstein-in-2026|will-placeholder-p-be-confirmed-to-be-the-sender-of-the-i-beat-bush-email-to-epstein-in-2026|will-placeholder-r-be-confirmed-to-be-the-sender-of-the-i-beat-bush-email-to-epstein-in-2026|will-placeholder-t-be-confirmed-to-be-the-sender-of-the-i-beat-bush-email-to-epstein-in-2026|will-placeholder-x-be-confirmed-to-be-the-sender-of-the-i-beat-bush-email-to-epstein-in-2026|will-placeholder-z-be-confirmed-to-be-the-sender-of-the-i-beat-bush-email-to-epstein-in-2026|will-another-individual-not-listed-above-be-confirmed-to-be-the-sender-of-the-i-beat-bush-email-to-epstein-in-2026|will-placeholder-d-be-confirmed-to-be-the-sender-of-the-i-beat-bush-email-to-epstein-in-2026|will-placeholder-k-be-confirmed-to-be-the-sender-of-the-i-beat-bush-email-to-epstein-in-2026|will-placeholder-q-be-confirmed-to-be-the-sender-of-the-i-beat-bush-email-to-epstein-in-2026|will-placeholder-s-be-confirmed-to-be-the-sender-of-the-i-beat-bush-email-to-epstein-in-2026|will-placeholder-u-be-confirmed-to-be-the-sender-of-the-i-beat-bush-email-to-epstein-in-2026|will-placeholder-v-be-confirmed-to-be-the-sender-of-the-i-beat-bush-email-to-epstein-in-2026|will-placeholder-y-be-confirmed-to-be-the-sender-of-the-i-beat-bush-email-to-epstein-in-2026,0x715b8f64d8699481108970c545b80adf6d57b4024a730dccd64efbc0c6f5c402|0x3e93b8828be79216c3625d5134eaa221625c77ccfb5d5f737bdb85e79752940b|0x2b482dad4a133d79ec30e65ce6d6600614e54ddbeb758c65480eea9d1a00ece3|0x6e521b502b22eba8dc3122030e81540ae9df562c5c9dd82903bb01a9c8c6bd39|0xac509d38b0cfee93188da83ac24766e343af22c35db16e270e35a79b2bb380cf|0x288447ded1193e1c756f55d80cf784db12614382849191ef7b5a1ee854bffaf3|0x6ec0be82312ee2f4c5a786365b01eebc9c699f5da669561b6242e14e3086b2b0|0xd6e6de0394044cc6bbe1c1f9a65b776eb3a17a18858289ff486732222a838408|0xa0a027ecbe061e6af1ce25bb891ba17b5792fb867a5331492463f2efe943bf90|0xd6d0d332e9348fc794d3d46cd9d68223261bce0512a26e13540ad230a1e0839c|0xc085704a47e22ca85adebb0b051f1dd83f9a18e244927697f9a78f75ac4445ec|0x34a523302f6c8cbbaa34f195658f69e169e60f1f7cc3cb6716d6f39498adeff9|0xac4ce35329981eccbcc9059748efacd53ed0f3939f26b3130a0210cd537f99c4|0xe42a99b5e2e1c1ad7a312749ecb4c23159620c710ce2ee3ee9ac41d6848ef5dc|0x49a9c85d662d6231b4ef23f3e43b8b1951a4fe3f42dec255e84513910f549a8d|0xacf4db4724178c6a0222124200973c65e6c9a762c724c7a88e45b5c21c14bded|0x8c961f9f1e5d9bff58c98f75a72d3e1912f6f2c94f1d77ef04dca3b9657fa7c0|0xda11d7b1d7edbd9e4cba3fd6c5eaf7e35428239ef30594043129d70bf80ad8f2|0xc54702f9e01843d2fa8d4b4ed628cba49603582e2c61d06cb371f796bf866c35|0x55d4d38382467c7ad299f5382cc025a53dedaeb23977de989149f503a86d38da|0x99ee03b80ff91b3785140e1d517389bfe5542003f1e871287ab646b037971c6a|0xd7cb254c7bcbbf761d5b1b8d4ae34b8a1e3a1d1b3b66f4adbdb4eb4414e2ed73|0x408077700a19da572d046b3ad1f87f8ff6f590c3c5e088ec938356220eea53d2|0x6dc86cdb03d88f2b9d98e30bd48cd5b49510595042503ec09a6b3272bbd123d1|0xf087703e20be3eb59c9e6d2bdefe6e518490e79553f54bdd6e8024d1f8a21e8c|0xf66824bb2e910d8abae35edc076b148fe3645f351f6ea61b700bd80244005515|0xeb957af675e557a762f36bd9816519fb97cba0a10ca3d0e90322c13365914c36|0x9929602abad0458a305a3bf610802f2fa4f51fd5f05716f50f3fbd74bfadc3a4|0xb71359c6d5235fb32026e83048c93ab128c3142033a58402784b100feefc5e88|0x80e0e4d373001bd7543e3159d155dbe5421322918778c120d9e4366579afa193|0xe990603e1d7e422d3d171cfcfe85f5de7f6bee6471b0178b561e06431952dc55|0x79b83665c8ebbe124933571a3f6df3ed8bb219730787f7b3a70fe0b9fd5f7dcf|0x4fea63e39618701c62a11d25dacfd87d144cecc78c8b99f6c788a19d624e4e26,"On February 12, 2026, Rep. Ro Khanna posted a document on X that displays an email with the subject line ""I beat Bush"" addressed to Jeffrey Epstein, calling for the sender’s identity to be unredacted. You can read more about that here: https://x.com/reprokhanna/status/2022046192478327156 This market",https://polymarket.com/event/i-beat-bush-epstein-email-sender-confirmed-as-in-2026
will-xi-jinping-visit-us-before-2027,Will Xi Jinping visit US before 2027?,politics,china|trump|geopolitics|politics,2026-12-31T00:00:00Z,224,2026-02-13T21:47:28.109053Z,1,1,3279.82,239907.38,42600.62,78284.76,0.868,32,will-xi-jinping-visit-us-before-2027,0xd7e906eaec2c7f66697447785aa1d4fdaa82f536ca533a2bc0d3535b04e832ec,"If Xi Jinping visits the United States between market creation and December 31, 2026, 11:59 PM ET, this market will resolve to ""Yes"". Otherwise, this market will resolve to ""No"". For the purpose of this market, a ""visit"" is defined as Xi Jinping physically entering the terrestrial or maritime territ",https://polymarket.com/event/will-xi-jinping-visit-us-before-2027
will-seattle-seahawks-visit-the-white-house-in-2026, Will Seattle Seahawks visit the White House in 2026?,politics,celebrities|culture|politics|sports|trump,2026-12-31T00:00:00Z,224,2026-02-16T20:25:17.096932Z,1,1,0.00,52513.51,3516.63,6886.20,0.996,10,will-seattle-seahawks-visit-the-white-house-in-2026,0xa846b7f3dc58aad969893ed9ba339e2b8c71d98081c3ddb36ee7e3b25eb613eb,"This market will resolve to ""Yes"" if one or more members representing the Seattle Seahawks as the winning team of the 2026 Pro Football Championship physically visit the White House complex in Washington, D.C., for any official reception, ceremony, or meeting with the President by December 31, 2026,",https://polymarket.com/event/will-seattle-seahawks-visit-the-white-house-in-2026
will-samuel-alito-announce-his-retirement-by,Will Samuel Alito announce his retirement by...?,politics,supreme-court|courts|politics|alito,2026-12-31T00:00:00Z,224,2026-02-17T16:27:31.224723Z,3,1,0.00,61422.39,1921.50,4536.60,0.969,1,will-samuel-alito-announce-his-retirement-by-february-28-2026|will-samuel-alito-announce-his-retirement-by-march-31-2026|will-samuel-alito-announce-his-retirement-by-december-31-2026,0x5aeab09fc3a662300d77de0b3803f84eea0ec5417355aa5e0a0da05b5f954540|0x7409587af591e57f26cc32dd19c9673e6a01743697cc3cca4d866e0570a5ad89|0xa222013f2baf3e9eb0613b7dc45d2fd8a3e63177c21bd282d9bb5133d6a44986,"This market will resolve to ""Yes"" if Samuel Alito announces that he will retire from his position as Associate Justice of the Supreme Court of the United States by the specified date at 11:59 PM ET. Otherwise, this market will resolve to ""No"". The announced timing of his retirement may be immediate,",https://polymarket.com/event/will-samuel-alito-announce-his-retirement-by
will-russia-capture-all-of-kostyantynivka-by,Will Russia capture all of Kostyantynivka by...?,politics,ukraine|politics|ukraine-map|geopolitics,2026-12-31T00:00:00Z,224,2026-02-19T20:45:36.108007Z,2,2,918.81,324509.45,21894.97,135274.19,0.970,4,will-russia-capture-all-of-kostyantynivka-by-june-30-2026|will-russia-capture-all-of-kostyantynivka-by-december-31-2026,0x445895d68e167bf457e645ceab3b3e45661ea5d90d5453ede6d107e651377e4b|0x627ed310dc3977b2d71d96a4f2fccd6050553f6f165efd6c29578f5678f3f863,"This market will resolve to “Yes” if, according to the ISW map, Russia captures the entirety of Kostyantynivka, Donetsk Oblast, (48.528896° N, 37.702514° E) by the specified date, 11:59 PM ET. Kostyantynivka will be considered captured if the entirety of the municipality is shaded red on the ISW map",https://polymarket.com/event/will-russia-capture-all-of-kostyantynivka-by
will-russia-capture-all-of-lyman-by,Will Russia capture all of Lyman by...?,politics,ukraine|ukraine-map|geopolitics|politics,2026-12-31T00:00:00Z,224,2026-02-19T20:45:38.381504Z,2,2,66.91,195993.94,11038.47,58846.53,0.941,7,will-russia-capture-all-of-lyman-by-june-30-2026|will-russia-capture-all-of-lyman-by-december-31-2026,0x72e3f72e2a21d601b73d188674f5fe6b2baf3d8c709f5d77c9835f124a71f96e|0xb4aea2573ecac699851b042d39a99b26e43aed7a6b024a4bc827ba220f9fbb78,"This market will resolve to “Yes” if, according to the ISW map, Russia captures the entirety of Lyman, Donetsk Oblast, (48.990595° N, 37.805666° E) by the specified date, 11:59 PM ET. Lyman will be considered captured if the entirety of the municipality is shaded red on the ISW map (https://storymap",https://polymarket.com/event/will-russia-capture-all-of-lyman-by
prince-andrew-sentenced-to-prison,Prince Andrew sentenced to prison?,politics,epstein|politics|uk|prince-andrew,2026-12-31T00:00:00Z,224,2026-02-19T16:25:30.609884Z,1,1,54.47,210325.92,10932.63,40402.20,0.844,35,prince-andrew-sentenced-to-prison,0xa7bad2ec849732f9c52bb1234c79d4672bf8c7cd8428854763f6175654f10dc6,"This market will resolve to ""Yes"" if Prince Andrew is sentenced to any time in jail/prison for any charges, by December 31, 2026, 11:59 PM ET. Otherwise, this market will resolve to ""No"". This market will remain open through December 31, 2026 or until Prince Andrew is sentenced to time in jail/priso",https://polymarket.com/event/prince-andrew-sentenced-to-prison
romanian-pm-bolojan-out-by,Romanian PM Bolojan out by...?,politics,romania|world|politics,2026-12-31T00:00:00Z,224,2026-02-20T21:19:29.917219Z,3,3,4026.49,416950.29,72429.99,112644.32,0.875,124,romanian-pm-bolojan-out-by-december-31-832-595|romanian-pm-bolojan-out-by-june-30|romanian-pm-bolojan-out-by-may-31,0xf3c9f34c4c01a62b56d4273ed22cc42580586feaa41271778787aacfd4a8d0b8|0xd492cb60df4fb9f44ef36e840720c392f68ae7ba7cbbb671a27221c5a3ecdf08|0x5532406291ecc97d5211ebdb1724140f6efeb8faa7d38a82b9284471429e4477,"This market will resolve to “Yes” if Ilie Bolojan ceases to be Prime Minister of Romania for any period of time between market creation and the specified date (ET). Otherwise, this market will resolve to “No”. An announcement of Ilie Bolojan's resignation/removal before this market's end date will i",https://polymarket.com/event/romanian-pm-bolojan-out-by
eileen-gu-citizenship-revoked, Eileen Gu citizenship revoked ?,politics,trump|2026-winter-games|politics|sports|skiing|china,2026-12-31T00:00:00Z,224,2026-02-21T00:40:29.050603Z,1,1,41.66,42825.23,16320.35,9116.02,0.828,14,eileen-gu-citizenship-revoked,0x34a75f8a404a963f358755dd89874096325ea97c455886216ba711385a19eeb2,"This market will resolve to ""Yes"" if freestyle skier Eileen Gu's U.S. citizenship is officially rescinded by December 31, 2026, 11:59 PM ET. Otherwise, this market will resolve to ""No"". The primary resolution sources will be information from the government of the United States, however a consensus o",https://polymarket.com/event/eileen-gu-citizenship-revoked
christine-lagarde-out-as-ecb-president-in-2026,Christine Lagarde out as ECB president in 2026?,politics,politics|europe|ecb|global-rates|economy|european-central-bank,2026-12-31T00:00:00Z,224,2026-02-24T01:27:59.555542Z,1,1,0.00,13074.34,2791.08,2615.78,0.912,3,christine-lagarde-out-as-ecb-president-in-2026,0x47a99f8df527cbf1e19395681e761d3b8e720402eeb103037be35f78b4141517,"This market will resolve to “Yes” if Christine Lagarde ceases to be the President of the European Central Bank for any period of time between market creation and December 31, 2026, 11:59 PM ET. Otherwise, this market will resolve to “No”. An announcement of Lagarde's resignation/removal before this ",https://polymarket.com/event/christine-lagarde-out-as-ecb-president-in-2026
will-a-us-court-rule-that-the-2020-election-was-fradulent,Will a US court rule that the 2020 election was fradulent?,politics,biden|voter-fraud|politics|trump,2026-12-31T00:00:00Z,224,2026-02-24T01:31:31.631019Z,1,1,0.00,21493.96,2881.29,2824.67,0.925,0,will-a-us-court-rule-that-the-2020-election-was-fradulent,0xda3ef046c470321eab987fcd92c61a1b50c75f899ccbeabf4c7e08bff111014f,"This market will resolve to “Yes” if any court in the United States issues a ruling that widespread fraud, fraudulent conduct, or illegal manipulation of votes occurred in at least one US state during the 2020 United States Presidential election by December 31, 2026, 11:59 PM ET. Otherwise, this mar",https://polymarket.com/event/will-a-us-court-rule-that-the-2020-election-was-fradulent
sbf-released-from-custody-in-2026,SBF released from custody in 2026?,politics,ftx|sam-bankman-fried|trump|politics|crypto|culture,2026-12-31T00:00:00Z,224,2026-02-24T01:31:23.519843Z,1,1,205.15,357599.63,5906.08,52537.91,0.844,1,sbf-released-from-custody-in-2026,0x5f18a2399d214215045b9e9e9ae2b565c00dd6313a2b853999aaad2dc9fbf85e,"This market will resolve to ""Yes"" if Sam Bankman-Fried is released from custody by December 31, 2026, 11:59 PM ET. Otherwise, this market will resolve to ""No"". If Sam Bankman-Fried is released but remains under house arrest, the market will still resolve to ""Yes"". If Sam Bankman-Fried is released on",https://polymarket.com/event/sbf-released-from-custody-in-2026
which-bills-will-become-law-in-2026,Which bills will become law in 2026?,politics,congress|trump|politics,2026-12-31T00:00:00Z,224,2026-02-24T20:17:45.484809Z,14,14,486.64,101177.60,21888.00,29930.14,0.983,0,will-the-defiance-act-become-law-this-year|will-the-housing-for-the-21st-century-act-become-law-this-year|will-the-self-drive-act-become-law-this-year|will-filmtv-production-expensing-become-law-this-year|will-export-control-chip-security-become-law-this-year|will-data-center-utility-cost-protection-become-law-this-year|will-trump-airport-become-law-this-year|will-2pt50-coin-become-law-this-year|will-fisa-section-702-reauthorization-become-law-this-year|will-the-critical-minerals-stockpile-become-law-this-year|will-the-smithsonian-womens-history-museum-become-law-this-year|will-credit-card-routing-competition-become-law-this-year|will-ai-chip-export-licensing-become-law-this-year|will-the-shower-act-become-law-this-year,0x8d7b8e6341406de4021802ba1bd445b62bafb226130c38c5f08f2346e4815883|0x28d6d12eac68223138afb976332da144b44a3ebcf71960b8a0efe4f21f4521c2|0x58d735c94571661e7819362dc457b44062b6623e8cb018bb5ca5a52bffe5f897|0x66bb726a78761329326fa100fb541af99eb423b1325b8824199251a6c77024fa|0xbd264d3ca85be3e899ba8cf8f5599369c673378b0574c83fc5dc96cc1c231f40|0xbcf92dd69e289a4bce83a086363bc7deeae3f8d3f0370e8f4b02cffdc7ac8b7e|0x9e9d668a4febba154c8e92c425d989505f1655d7dde199ebb1449e182114c627|0xe73ed5d9cc758f69483433d2a3b063626c23bb2647dacedcd6a2dc04fad2e2a6|0x612126703db7fb7eaa44906b2c7de42300a6cb6e0615c1e360e96e328b6433e5|0x2d729343311bbfbb60b3acfc0baada58fc09a2a77b8ce0cabc9b3b7f4407e23b|0x463787e54a3b7801c5717b2b2bddb3db59b1dc7f6f3f6edf4c0c2b4064d7f07c|0x053bf7376cedbf4dc0b58dfcc164c7242e9f55b0b55072845f6a8bdd27c00a51|0xc2a2b9fb879765ecec9e738cb07ce913c379449d6b046e50bce4f9625ddd2e30|0x5bdd688a6645c562468861a20ce1e56d4a04903665af8647691b1806679b7b82,"This market will resolve to ""Yes"" if X is passed by both chambers of the U.S. Congress and signed into law by December 31, 2026, 11:59 PM ET. Otherwise, this market will resolve to ""No"". Qualifying legislation includes Qualifying legislation may include joint resolutions and must pass both the House",https://polymarket.com/event/which-bills-will-become-law-in-2026
epstein-storage-units-raided-in-2026,Epstein storage units raided in 2026?,politics,trump|epstein|search|box|politics,2026-12-31T00:00:00Z,224,2026-02-26T00:36:03.485474Z,1,1,5.00,7109.15,11284.69,2099.26,0.920,4,epstein-storage-units-raided-in-2026,0x3d5635f53b64e4e5be8dd69d16dade2c787d41dd8d8032ba7dad6f232fde2db5,"Recent reports show that Jeffrey Epstein previously used multiple storage units to hide files, computers, and other belongings (see: https://www.telegraph.co.uk/world-news/2026/02/22/jeffrey-epstein-secret-files-storage-units-united-states/?ICID=continue_without_subscribing_reg_first). This market w",https://polymarket.com/event/epstein-storage-units-raided-in-2026
trump-declares-election-interference-national-emergency,Trump declares election interference national emergency? ,politics,politics|trump,2026-12-31T00:00:00Z,224,2026-02-26T21:33:14.461834Z,1,1,8.31,156514.50,3955.26,31930.65,0.954,11,trump-declares-election-interference-national-emergency,0x50378a9069427b82e68dd334fcf40bae1e077c0658214926c3635ff64c539bbc,"This market will resolve to “Yes” if President Donald Trump formally declares a national emergency, pursuant to the National Emergencies Act, explicitly relating to interference in U.S. elections or election processes, by December 31, 2026, 11:59 PM ET. Otherwise, this market will resolve to “No.” A",https://polymarket.com/event/trump-declares-election-interference-national-emergency
iran-leader-end-of-2026,Iran leader end of 2026?,politics,middle-east|iran|world|geopolitics|politics|iran-regime|rewards-50-4-5-100,2026-12-31T00:00:00Z,224,2026-03-01T00:28:20.72049Z,123,121,76612.12,9330615.41,1671233.62,618101.22,0.965,113,will-there-be-no-head-of-state-in-iran-end-of-2026|will-muhammad-mirbaqiri-be-head-of-state-in-iran-end-of-2026|will-sadegh-larijani-be-head-of-state-in-iran-end-of-2026|will-mojtaba-khamenei-be-head-of-state-in-iran-end-of-2026|will-hassan-khomeini-be-head-of-state-in-iran-end-of-2026|will-reza-pahlavi-be-head-of-state-in-iran-end-of-2026|will-hassan-shariatmadari-be-head-of-state-in-iran-end-of-2026|will-maryam-rajavi-be-head-of-state-in-iran-end-of-2026|will-massoud-rajavi-be-head-of-state-in-iran-end-of-2026|will-seyed-hossein-mousavian-be-head-of-state-in-iran-end-of-2026|will-reza-pirzadeh-be-head-of-state-in-iran-end-of-2026|will-navid-shomali-be-head-of-state-in-iran-end-of-2026|will-mustafa-hijri-be-head-of-state-in-iran-end-of-2026|will-ali-motahari-be-head-of-state-in-iran-end-of-2026|will-gholam-ali-haddad-adel-be-head-of-state-in-iran-end-of-2026|will-mostafa-pourmohammadi-be-head-of-state-in-iran-end-of-2026|will-sadegh-mahsouli-be-head-of-state-in-iran-end-of-2026|will-masoud-pezeshkian-be-head-of-state-in-iran-end-of-2026|will-saeed-jalili-be-head-of-state-in-iran-end-of-2026|will-hassan-rouhani-be-head-of-state-in-iran-end-of-2026|will-mahmoud-ahmadinejad-be-head-of-state-in-iran-end-of-2026|will-mohammad-khatami-be-head-of-state-in-iran-end-of-2026|will-other-be-head-of-state-in-iran-end-of-2026-477|will-mohammad-pakpour-be-head-of-state-in-iran-end-of-2026-144|will-alireza-arafi-be-head-of-state-in-iran-end-of-2026|will-ali-larijani-be-head-of-state-in-iran-end-of-2026|will-abbas-araghchi-be-head-of-state-in-iran-end-of-2026|will-ahmad-vahidi-be-head-of-state-in-iran-end-of-2026|will-mohsen-araki-be-head-of-state-in-iran-end-of-2026|will-nasir-hosseini-be-head-of-state-in-iran-end-of-2026|will-ahmad-hosseini-khorasani-be-head-of-state-in-iran-end-of-2026|will-ali-asghar-hejazi-be-head-of-state-in-iran-end-of-2026|will-mohammad-bagher-ghalibaf-be-head-of-state-in-iran-end-of-2026|will-o-be-head-of-state-in-iran-end-of-2026|will-p-be-head-of-state-in-iran-end-of-2026|will-q-be-head-of-state-in-iran-end-of-2026|will-r-be-head-of-state-in-iran-end-of-2026|will-s-be-head-of-state-in-iran-end-of-2026|will-t-be-head-of-state-in-iran-end-of-2026|will-u-be-head-of-state-in-iran-end-of-2026|will-v-be-head-of-state-in-iran-end-of-2026|will-w-be-head-of-state-in-iran-end-of-2026|will-x-be-head-of-state-in-iran-end-of-2026|will-y-be-head-of-state-in-iran-end-of-2026|will-z-be-head-of-state-in-iran-end-of-2026|will-aa-be-head-of-state-in-iran-end-of-2026|will-ab-be-head-of-state-in-iran-end-of-2026|will-ac-be-head-of-state-in-iran-end-of-2026|will-ad-be-head-of-state-in-iran-end-of-2026|will-ae-be-head-of-state-in-iran-end-of-2026|will-af-be-head-of-state-in-iran-end-of-2026|will-ag-be-head-of-state-in-iran-end-of-2026|will-ah-be-head-of-state-in-iran-end-of-2026|will-ai-be-head-of-state-in-iran-end-of-2026|will-aj-be-head-of-state-in-iran-end-of-2026|will-ak-be-head-of-state-in-iran-end-of-2026|will-al-be-head-of-state-in-iran-end-of-2026|will-am-be-head-of-state-in-iran-end-of-2026|will-an-be-head-of-state-in-iran-end-of-2026|will-ao-be-head-of-state-in-iran-end-of-2026|will-ap-be-head-of-state-in-iran-end-of-2026|will-aq-be-head-of-state-in-iran-end-of-2026|will-ar-be-head-of-state-in-iran-end-of-2026|will-as-be-head-of-state-in-iran-end-of-2026|will-at-be-head-of-state-in-iran-end-of-2026|will-au-be-head-of-state-in-iran-end-of-2026|will-av-be-head-of-state-in-iran-end-of-2026|will-aw-be-head-of-state-in-iran-end-of-2026|will-ax-be-head-of-state-in-iran-end-of-2026|will-ay-be-head-of-state-in-iran-end-of-2026|will-az-be-head-of-state-in-iran-end-of-2026|will-ba-be-head-of-state-in-iran-end-of-2026|will-bb-be-head-of-state-in-iran-end-of-2026|will-bc-be-head-of-state-in-iran-end-of-2026|will-bd-be-head-of-state-in-iran-end-of-2026|will-be-be-head-of-state-in-iran-end-of-2026|will-bf-be-head-of-state-in-iran-end-of-2026|will-bg-be-head-of-state-in-iran-end-of-2026|will-bh-be-head-of-state-in-iran-end-of-2026|will-bi-be-head-of-state-in-iran-end-of-2026|will-bj-be-head-of-state-in-iran-end-of-2026|will-bk-be-head-of-state-in-iran-end-of-2026|will-bl-be-head-of-state-in-iran-end-of-2026|will-bm-be-head-of-state-in-iran-end-of-2026|will-bn-be-head-of-state-in-iran-end-of-2026|will-bo-be-head-of-state-in-iran-end-of-2026|will-bp-be-head-of-state-in-iran-end-of-2026|will-bq-be-head-of-state-in-iran-end-of-2026|will-br-be-head-of-state-in-iran-end-of-2026|will-bs-be-head-of-state-in-iran-end-of-2026|will-bt-be-head-of-state-in-iran-end-of-2026|will-bu-be-head-of-state-in-iran-end-of-2026|will-bv-be-head-of-state-in-iran-end-of-2026|will-bw-be-head-of-state-in-iran-end-of-2026|will-bx-be-head-of-state-in-iran-end-of-2026|will-by-be-head-of-state-in-iran-end-of-2026|will-bz-be-head-of-state-in-iran-end-of-2026|will-ca-be-head-of-state-in-iran-end-of-2026|will-cb-be-head-of-state-in-iran-end-of-2026|will-cc-be-head-of-state-in-iran-end-of-2026|will-cd-be-head-of-state-in-iran-end-of-2026|will-ce-be-head-of-state-in-iran-end-of-2026|will-cf-be-head-of-state-in-iran-end-of-2026|will-cg-be-head-of-state-in-iran-end-of-2026|will-ch-be-head-of-state-in-iran-end-of-2026|will-ci-be-head-of-state-in-iran-end-of-2026|will-cj-be-head-of-state-in-iran-end-of-2026|will-ck-be-head-of-state-in-iran-end-of-2026|will-cl-be-head-of-state-in-iran-end-of-2026|will-cm-be-head-of-state-in-iran-end-of-2026|will-cn-be-head-of-state-in-iran-end-of-2026|will-co-be-head-of-state-in-iran-end-of-2026|will-cp-be-head-of-state-in-iran-end-of-2026|will-cq-be-head-of-state-in-iran-end-of-2026|will-cr-be-head-of-state-in-iran-end-of-2026|will-cs-be-head-of-state-in-iran-end-of-2026|will-ct-be-head-of-state-in-iran-end-of-2026|will-cu-be-head-of-state-in-iran-end-of-2026|will-cv-be-head-of-state-in-iran-end-of-2026|will-cw-be-head-of-state-in-iran-end-of-2026|will-cx-be-head-of-state-in-iran-end-of-2026|will-cy-be-head-of-state-in-iran-end-of-2026|will-cz-be-head-of-state-in-iran-end-of-2026,0x6397f084bcee3390e92b0a4f8d0f1fa23ddabad1668c4a6783f5643564f646d6|0xae6d228c3a89c04f5d48b130c86416b146ee3fdc19c6f201603d9c9682dca3ea|0x1c3443745a19b5da3775711dae0bc72056c9a816ccb1c8f6748e304608bd9762|0x25fb28382075f418a944a781a9f8840e2f541152eea0d9798d1cabfa1466adbb|0xe19caac25967e1c4b09254ebe6f152dde51fe9468cf1def1deb3c22089083adf|0xe6eb21883f57c3047cf7be1d7cff4554fbb82067e374bd07c53242170f57851f|0x7d9928e23aefb2209696048829b614f49e387d5a77327aa887d0724952fd1156|0x370c146544d0fb7db1d77767473c8a6fbdf08b9914c827712d49449b0eb7f4aa|0x17a0a4c8d29c95bf6f3e3576fc603faf29ae681a0924719cf27a89ec46efa185|0x821f357da390a32347e4df0c3fb0aa4a8eadf4af72730c8dc7a7f1ab58798a02|0x68617ef6b6488a6a4753c9d57604764831a9448fb8aa7dee205bb2311e3b949d|0xb937d98fe645987a6ccd495928ffbf753537b6c8ef4214bbbf4ee4dd32cec96f|0x2883a5f83ea4b394d1b0acae4179f4ed4cb35111c9b996bb5099927bb846e2ea|0x73d9b98f619d738cca001cfde25654d409a132f0eb565ae98972b62b123a4da0|0xb74991507f427043b7ee95a235b6920f1cf698e32333d98b7b4602787ef981a3|0xaa53ce562be767321e2f0cba9f7b3207fde7d2204dbb7f9b5d804996eba7de7c|0xce9edcb8be64fadb0c83a6be6bc4efec26eaab5a9e05bcfca5c70c700c7b0942|0xb10aa376c96281d85f8d93e69107bb37aedb1bc2b953e24718836aee1bb64f3f|0x6ab0ce92e138eec9776d055e052140ff284f885fb8a54c74a944316e4a2e4d80|0xa62f1bf829a121000d61acafed2689cdaa1488253e420214112103dcffab2fde|0xb174c3e769e52b51681b154172468f89c685b9fe24c4b0ef3ef5f8c3b511c3a0|0x4266ab921148974f104cbadd099e13bca989441bf58acfd2a08fc6cc7440e1a1|0x27a3400808c45bdd8f6782d393987a2fbf00b8ccddf627b1f542d8244d4137a5|0x6cd58ce2bd63ed6773d2989bc5f8ae760ad1b2f7dfbafc6b5dc5b1f8551c49ae|0xa1b6ebba4e86fe9bfb2c206dba71be111d2e1047d7b74125eb223c1b3da7ebd6|0xa6093b047455f139b9aead883060929fb780f09eb904b09eeff01bb48d568222|0x504088e48d1e39815d24709930eda874ad3b69a1ed2b1cd2e3f480981410f71c|0x9bc5b4e8a866be23195ae675ec7c3ca2e4fece72c80fffe82a7d69726f9dfc61|0xf6270788587ee0a37c2e56635bdeb7df06d54e32b5e0b0c932369ed6f2e948b0|0xba797b6b0de81c3be8abf2492bde5fd033c179063447681ecfefe80b1956db18|0xfa0834c8af9d40d1b13db4f616a624d64cf499c2903f9e884c25e651eedb1820|0x01110879441e6376a69dc318c4c8f9cbb4f6eef394d3563b6925ce17db809404|0x0df7e873042bebb09fbe24562069f28670c6b9366cab653fe15e030173cbc18c|0xe9334ee83c564a7e7f5b8b7b2ac1a7479341579645de2bccb1b1595a2036431c|0xbdfcdb229b8c4040e088047f754dfdec8dd6786dde9e0b5df8f5ad060672aea5|0xfee5baed3c9d136ad1620e76da21c410f5564aca71bb3af385c4771a0e85eafb|0x9cee469e97766b9786606ba243cddc11945906403fa2220c9b786c7996e21383|0x508614b2a7f7183352cfdce88dfb75ad4bbec38d92809dee373d05370518d905|0x6b414079ef6759489a1a75071444e6123b3f29e1cbab59e2ca45f5ef0e33484d|0x4e1832a396c250d4cc722d1f9ade5dd54969a3aab64cd7e98bfe0d19626aab47|0x958617729d6d92d5e6124bb95a3645fff33ecc6026837ab33cae29ee69b5cdef|0x591cf68e1e72d87c4cc552888db380f125fea73d459bc599503b7e3aeeca7a11|0x5fe34bddeb72f2b38b1a19f17a5cce9de0fa3f11733330133f7a8781ef05bfa3|0xd0a250fc6fb9df77b0e0a9be356aa3d4edde2bd05b6d356e61d11696e56361c3|0xf1c07637c870bf0aaacc5f86f0c9bbbe9d96e9c18cda13ee0f1f36cf986d741a|0x9016379467de08e9bb5e176d49b11a0ca1862139798477cc76bf1182005942cc|0x9ca7dcd5b31a4bc4cd321d3ed4616637f60d5d03b5f80def7db27145b45e0540|0x1d7beac61c636067a69e0bfea652d3614e9b607e5990ab7dbb6ebd30b8e5383d|0xbf7184608f4f7d234f841f373f06130b1f4e5e127cef8784d5e70edaaa3f4fcc|0x2bd1e55ffc26eb834c0e619030072fbdafb697bbe1e4cad210e183ab53059f10|0x33ea08a686f98d0028dbf825963b42cad22637ebd796db4ff369e660106c9545|0x49424f808d5c76ce04f012f6bac6d7ce939cf5a72aaede992d3ed13d151ec44d|0x904786bc0fda77ded6c5cf57b2ab0b6b287552e2a9a9987a57181e5ef00c40cf|0x0203641d0e59a018000f1eebb23d97b0b505583abb2f5c7febe2a7a082bdeead|0x4796effc0ed313a0745012042d71cafdb592b489becc7e561634622aa78d31e8|0x8926dcac6d05defcaeb794c4dbc6b70b8a94276b7f546a7f1902bcb8a4b12c2b|0x3f7b5873bf9ee73213d161c0235878997e0de296684109d04dd01a2855ea693e|0x30c17706c8aa482165c58fb0fe8db8ebce6133ddc80338922ab5ea455b618b89|0xeb05be39d9e1d59b675ea8ed33d062a61f1d4b1d8fa2aa6941da5df5d3a04f06|0x6746ddbd9406322d2ecee311cc3c80151430f67f8a280ffacdb520e2fc8e1530|0x06ade8ddc3ca46782710edfaf725112d54a8d3358415738533482d78d1681039|0xdaa68dfc9ac0ba41931bb257d989a7872aecfee2e2395718723f200e5edb8007|0x3af19cb34c634e94e6c598f2ea549efa25a9d72e7f1bb7ff12aa9168161a8b31|0x49210bef5403eb50e38bbbf9490f3ac950773b6dc5fa03f8f92802c7fac73cd5|0x242c2b7c3c2de7166b744f664917bf628e75d1519ff667cb38d431abe743dd1d|0xd3fd7983c79720d7910e06566493b782354714eb5cde6b00b11686d02be50a7c|0x147dc44c71e06fd1b5622d30392e5ce270298ffb5e8000a6a5433c2d9f3e7fc7|0x70f04e4bbd3963b0fd64d7dc470394d377bc5c50ef85670c9f51a3f2aff0e829|0xcc9316e88d5534aeca123770b50f5534b26fa3e6b92541da205cdd4ddf0deeca|0xec09492a4bb5e7e628974fd5d786371a26e07b2fea5c86059b7f2b2acebeb415|0xfb74fed549e2fb8ff68a13500c6d7942ead6363b55d16fb49976cc26da8c9f45|0xd5db37348ae4a209402600dd9e4a734cd2628e80715e067b2ee2b7eb2b9d84ae|0x73e02fa4c90e2f4537851be1075dcbf9534d62ff90fd68994bd9f97e7847bb5f|0x8f61a7593f721bb503efbc2d1210c0de925c3ee3743d53a9b2eed9ee484a8097|0x04992e6c955883523141f23539951a86aa6f4f19b53ed1c1cb5e3d5fcde41337|0x348e2df85a28d37a9939c5b87b76e6e4b0b77c54e84f9f2fb80a75e6ba3afffd|0x28f914e27200fe2390f4ee549326435140ffd79472bfeaa748a8f58ba4b08f51|0x76a06b069ab7e6a48e354f07cd4886b867241d6a761631a0fc664c9453a7801a|0x8e7242d655c593cb10fa289a7ce129060cb05a872504eaa3234ca42a8e96345d|0x88069c42776adeb18849261fc03bcf5c8e4e33afaf0d577b3466f8aecd5224e3|0x72e4e30e323098143717595102a593ce3ca00ee1b8c6894e581966be0c5f27c0|0xbe457d2527e6b787a95f7094416ff866af9df503fe48b03d3f91890ebb5cfe03|0xf7dfc27a7b4593d63b48791e32dc842d42f37199f95e648730240e6d468fd7a7|0x01a6a3760dc38eb1af75edd77aef40a2aa58dafb566cb98045baf33b8da2f1a6|0x2f1a0248e011a9a755e75733964d8fa28ffcfc1f72098a1e113a715e32ceac93|0x82c358b079311b75405a449b2fa7cb73890784a9ec4784ebf4386b65b7114929|0x5bda46e5e4a0d9ae294d5556fd9bae0e8d80d66d64a14a1675c953a7f2f55337|0x0543cf9f5a3f4788793a549e579d6137633089b0382d553bc690399299c59fb6|0xc213259721400e6b26e1d454ac7bcc28d424ab197ad52f8b5139f1e77b45cb6b|0x9ad6083fd40ad189c0f478a1ae285e0907040733cc701bb747de3b87c7c893f0|0xac64cfb9a17c261ca3e4501a09288d22b23cfcaacfeac3681a1d6d133605fe07|0x1e383c179d5040db9153d743b16ea0c743f6f57a07d1cbd6f11465e2e7eb63ff|0x74f487e4526cd2e1e3d55c9ee172645fd3d98b9ce1ccfdd7acfed5b855598a0c|0x5f668426712419f71073858cc6aa1e56718dd364ed0a5dc06b41e93b2a88e898|0x85d87df4b0fd4b60a04a07f54239072feb2f2b5b4b48dbc9ac197a2319f97e42|0x27e1e86413bfa2a9575f4371a8469f4810f8022a0c82a42469fae4bf9a68379a|0x18673c6633811954e15ef7126547c543523d79c7e453e2e66a6f66f1bc078184|0x3b961c605d6ee96bef67e9110b596849bd80ed3e4aa3981102281453adbb4c2d|0x9bc1ceadf96e2083e9b1c427dd06e616c121c48bf0815e299a2857ad8c41ccc4|0x5054312850d380482daba60d67a51140b35fd171c15837c295b58d0639751663|0x8c0be056b448581b72b7687656c38c6452ba980a2b080ac424dcdb92a766ae95|0xa8d1b41bf7de01293b40d0acdd5ce07d4cc28e2a5c0163b95b853bf416c903d3|0x8bd8d9a45fdc3566b922f5ccd1f560ce34ff3181cf8c457b82a944c4f7e9085d|0x02690d90ddcd2733985c6ae272c8dcb24acd3edafc390ed8c050f3f3c5e0dc0e|0xc6e07f9cc2e4c7849de4c0b742d155050b4ff12225a295ff55654c254169f25b|0xc9d2cad2c559d9aa4d0d7cc94eb21f4735541d6b99effe2eb76f9d9f18ce8859|0xbea16c3bce5c01cf466849da4a119b5218cc06f2309b64f5e0e79c78b2408bda|0xaca95639e7367c9581d7e09f141eec03a9681ea38a5d60a6827ce4b9ce845a62|0x3965426aab5e2f61fe8c4ad3d869ff14b053fedda3808ea67c0a57224deb750e|0x21db2e17868d7fa35f51497744235214651ea76efe199ac5e705ab8dfb9f3ac1|0xc70c3f01c1705f811109258c53644868f5064d2bba9ea3027cfad190a3e472e7|0x7efc1bdbc290ae24c86659e6e0e8d12a6e2c4b64d1d3cfb85e447f3b05f6547d|0x6e6f61e9ecea75883d1972bc0774b5beb82200e2da665e935a82c80f33f83c90|0xf4ca1528e5cc9afa1d83e7c9de456f9c4fb58a7e5130c476978f058ad6d41fe9|0x4e9420a7aab1444305720a604a4f9ddf6e22c5e27a778fb23ee7d33081dce164|0xcd0aaa4869a277ec454c78a47cfc59533d1cffff9a9a87793eb1c70545ff9d0a|0x347d938c48f51964e5b06d8775d22221f3d36e9be44757cac8db29b58b39ea69|0xdcb12336acb7dbebccc00c9603d11feb584a69e3d01c361184668c3a724e6931|0x3278ecb5d337207db009046df329b65db055447d7bd2f358c3683adcecb3e1ab|0x253970b8c475ebaf696dec52f01226869e0b244d0ae1f1415faa51d360014787|0x15b1cc5200cc7376253f721edf868fcc08f003e5624fae7664efe19a4f4c2562|0x86129a213367f2e3da1d92fa1556165c59fb8a553143f6fd38e74dc3fa79d31b|0x5b20e098f4afa2757eeb80be45d2a8f88124905174a3f149ddd059788dee6f01,"This market will resolve to the individual who de facto holds and exercises the powers of the head of state of the Islamic Republic of Iran on December 31, 2026 at 12:00 PM ET. For the purposes of this market, “de facto holds” refers to the individual who exercises primary governing authority over t",https://polymarket.com/event/iran-leader-end-of-2026
will-reza-pahlavi-lead-iran-in-2026,Will Reza Pahlavi lead Iran in 2026?,politics,iran|shah|geopolitics|politics|reza-pahlavi|u-s-x-iran|iran-regime,2026-12-31T00:00:00Z,224,2026-03-01T03:43:39.133285Z,1,1,4214.17,3521489.03,98584.28,405734.76,0.844,42,will-reza-pahlavi-lead-iran-in-2026,0xaa5cdb6830cbfa2ca711b7cf93bd42cf4f8e062d44ea188c0b8ec1fb2924c083,"This market will resolve to “Yes” if Reza Pahlavi de facto holds and exercises the powers of the head of state of Iran by December 31, 2026, 11:59 PM ET. Otherwise, this market will resolve to “No.” Reza Pahlavi will be considered to hold power if he exercises primary governing authority over the Ir",https://polymarket.com/event/will-reza-pahlavi-lead-iran-in-2026
will-the-us-reopen-its-embassy-in-iran-in-2026,Will the US reopen its embassy in Iran in 2026?,politics,middle-east|politics|geopolitics|iran|world|u-s-x-iran|iran-regime,2026-12-31T00:00:00Z,224,2026-03-01T20:13:29.670498Z,1,1,51.75,80751.65,10635.48,11861.42,0.874,2,will-the-us-reopen-its-embassy-in-iran-in-2026,0x91467d5c49b5e06a68d101c3ea2e227ffd76215060d93381aca203ee26cf2d06,"This market will resolve to ""Yes"" if the U.S. government announces the reopening/opening of any embassy or consulate in Iran, or if such a reopening/opening is otherwise confirmed, by December 31, 2026, 11:59 PM ET. Otherwise, this market will resolve to ""No"". An official announcement made within th",https://polymarket.com/event/will-the-us-reopen-its-embassy-in-iran-in-2026
edi-rama-out-as-albania-pm-in-2026,Edi Rama out as Albania PM in 2026?,politics,politics|albania|prime-minister|geopolitics,2026-12-31T00:00:00Z,224,2026-03-05T22:04:33.667028Z,1,1,0.00,1161.23,532.72,300.75,0.465,0,edi-rama-out-as-albania-pm-in-2026,0x15e8b539b6e6bed3285dbabb6fa3de5c528e562a089edda1ba7c0dcb5a073657,"This market will resolve to “Yes” if Edi Rama ceases to be the Prime Minister of Albania for any period of time between market creation and December 31, 2026, 11:59 PM ET. Otherwise, this market will resolve to “No”. An announcement of Rama's resignation/removal before this market's end date will im",https://polymarket.com/event/edi-rama-out-as-albania-pm-in-2026
will-israel-reopen-its-embassy-in-iran-in-2026,Will Israel reopen its embassy in Iran in 2026?,politics,geopolitics|israel|iran|middle-east|politics|israel-x-iran,2026-12-31T00:00:00Z,224,2026-03-06T14:49:39.361978Z,1,1,60.00,51859.21,10300.39,13550.39,0.850,1,will-israel-reopen-its-embassy-in-iran-in-2026,0xc298e10d0f16a83e58cb9e7ccce729bdd36f1ea39f1c1336dc71e3b98f5a3258,"This market will resolve to ""Yes"" if the Israeli government announces the reopening/opening of any embassy or consulate in Iran, or if such a reopening/opening is otherwise confirmed, by December 31, 2026, 11:59 PM ET. Otherwise, this market will resolve to ""No"". An official announcement made within",https://polymarket.com/event/will-israel-reopen-its-embassy-in-iran-in-2026
iran-leadership-change-by,Iran leadership change by...?,politics,mojtaba|ayatollah|politics|iran-regime|geopolitics|iran|khamenei|mojtaba-khamenei|khamenei-out|mojtaba-out,2026-12-31T00:00:00Z,224,2026-03-09T02:59:17.336286Z,6,3,206757.71,14132372.67,235762.65,1399846.58,0.967,1056,iran-leadership-change-by-march-31|iran-leadership-change-by-december-31-974-976-658-482-568|iran-leadership-change-by-march-13|iran-leadership-change-by-april-30|iran-leadership-change-by-may-31-593-194-829|iran-leadership-change-by-june-30-689-922,0xcc07920770fdaadcdc4dff75056e88140d0988c9cb1dbfb4a78eda51b2868027|0x377e7fe65cf198a7fc4fdae3f2136b74729279267858daaf96718b23bc2a5607|0x352559d5f5bdcad9f6dabdf84af660639ca144aef053166c923033d2345d884a|0xb412664463bbfe21be44b1963291205ab332afd4f7f6e0d027aec1ba7a9e6793|0x2f6a547524c1d290f8a2bbff80be2b0e8ca1b3b716dd3a0e74bf8ddb3e3fd6b7|0xb196a122933da9aff6cb8b0f3764d0dc5db1859f46c0481c711521eee8524291,"This market will resolve to ""Yes"" if the Supreme Leader of Iran, Mojtaba Khamenei, ceases to be the de facto leader of Iran at any point between market creation and the listed date (ET). Otherwise, this market will resolve to ""No"". Mojtaba Khamenei will be considered to no longer be the de facto lea",https://polymarket.com/event/iran-leadership-change-by
alexandre-de-moraes-out-as-brazil-supreme-court-justice,Alexandre de Moraes out as Brazil Supreme Court Justice?,politics,politics|remove|brazil|impeach|stf,2026-12-31T00:00:00Z,224,2026-03-09T22:25:21.803681Z,1,1,616.10,28246.61,8636.64,9446.68,0.874,19,alexandre-de-moraes-out-as-brazil-supreme-court-justice,0xae515ea2b1b95486007cff8aa4afbd5f677e2760dd8752c1068d9cc55afb6d58,"This market will resolve to “Yes” if Alexandre de Moraes ceases to be a Justice of Brazil’s Supreme Federal Court for any period of time between market creation and December 31, 2026, 11:59 PM ET. Otherwise, this market will resolve to “No”. An announcement of Alexandre de Moraes's resignation/remov",https://polymarket.com/event/alexandre-de-moraes-out-as-brazil-supreme-court-justice
will-jake-paul-announce-a-run-for-public-office-in-2026,Will Jake Paul announce a run for public office in 2026?,politics,politics|boxing|jake-paul|trump,2026-12-31T00:00:00Z,224,2026-03-11T23:37:21.033248Z,1,1,0.00,13380.10,9712.17,5668.94,0.880,7,will-jake-paul-announce-a-run-for-public-office-in-2026,0x20bcdd8a07d8d64a99d4ac5b66d273dfb82728d76e8035c56909382fda38a8d7,"This market will resolve to ""Yes"" if Jake Paul announces that he will run for any public office in the United States by December 31, 2026, 11:59 PM ET. Otherwise, this market will resolve to ""No"". Any public office refers to any elected government office in the United States, including at the federa",https://polymarket.com/event/will-jake-paul-announce-a-run-for-public-office-in-2026
us-military-draft-authorized-in-2026,US military draft authorized in 2026?,politics,politics|trump|iran|u-s-x-iran|geopolitics|conscript|selective-service,2026-12-31T00:00:00Z,224,2026-03-13T17:27:26.397543Z,1,1,2518.62,256906.21,24967.11,63752.02,0.850,10,us-military-draft-authorized-in-2026,0x0734eb61d07f694bde1da2619cfb75d2a052b8f173180fb050894c30d73de98c,"This market will resolve to “Yes” if any legislation is passed by both houses of the United States Congress and signed into law by the president, or otherwise enacted, which authorizes the induction of personnel into the United States Armed Forces through activation of the United States Selective Se",https://polymarket.com/event/us-military-draft-authorized-in-2026
will-iran-legalize-gay-marriage,Will Iran legalize gay marriage?,politics,politics|iran|mojtaba-khamenei|geopolitics,2026-12-31T00:00:00Z,224,2026-03-18T00:50:29.785754Z,1,1,55.27,48417.50,35346.95,9775.28,0.815,24,will-iran-legalize-gay-marriage,0xb0a9e9c70cd5bff7feb2b7038ff7e37412b07a8bcfc2e4aff1568aff77641cc4,"This market will resolve to “Yes” if the government of Iran legally recognizes marriage between two people of the same sex anywhere within Iran by December 31, 2026, 11:59 PM ET. Otherwise, this market will resolve to “No”. Legal recognition refers to any law, constitutional amendment, or binding ju",https://polymarket.com/event/will-iran-legalize-gay-marriage
aliensgov-confirmed-as-immigration-website,Aliens.gov confirmed immigration website?,politics,politics|trump|culture|immigration|ufo|aliens,2026-12-31T00:00:00Z,224,2026-03-19T18:14:24.655542Z,1,1,1469.23,195801.40,11013.30,42794.46,0.987,83,aliensgov-confirmed-as-immigration-website,0xc16c17705f64ffec3e2a4d7aa0fdb3a21162c39878a6b6cbbac14d83501392e1,"On March 18, 2026, rumors emerged that the U.S. federal government had registered the domains “aliens.gov” and ""alien.gov."" This market will resolve to ""Yes"" if the U.S. government officially announces or confirms that “aliens.gov” or ""alien.gov"" is intended for immigration-related purposes, or if t",https://polymarket.com/event/aliensgov-confirmed-as-immigration-website
rfk-jr-out-by-december-31-524,RFK Jr. Out by December 31?,politics,trump|rfk|politics|trump-cabinet,2026-12-31T00:00:00Z,224,2026-03-19T18:06:08.158014Z,1,1,1.42,18825.43,3844.17,5118.22,0.960,0,rfk-jr-out-by-december-31-524,0x6655cdb088b8cbaf6d4d3b8ac04fe4cf8b5ebe4a9f5e3778c4b13f4a7f1693cc,"This market will resolve to “Yes” if Robert F. Kennedy Jr. (RFK Jr.) ceases to be United States Secretary of Health and Human Services (HHS) for any period of time between market creation and the specified date (ET). Otherwise, this market will resolve to “No”. An announcement of Robert F. Kennedy J",https://polymarket.com/event/rfk-jr-out-by-december-31-524
turkish-constitutional-referendum-announced-in-2026-264,Will Turkey Move on a New Constitution in 2026?,politics,politics|erdogan|referenda|turkey|t-rkiye|consitution|referendum|elections,2026-12-31T00:00:00Z,224,2026-04-01T20:06:38.973262Z,1,1,0.00,1827.26,3083.07,1190.24,0.896,2,turkish-constitutional-referendum-announced-in-2026-264,0x492fb7f725ad6bbff8ce10bfbc75119599b958f7459b3e15241af33b809eaa08,"This market will resolve to “Yes” if a referendum to adopt a new constitution in Turkey is officially announced by December 31, 2026, 11:59 PM ET. Otherwise, this market will resolve to “No”. A qualifying referendum refers to any nationwide vote in Turkey to adopt a new constitution. Referenda to ap",https://polymarket.com/event/turkish-constitutional-referendum-announced-in-2026-264
will-france-pass-a-national-budget-by-december-31,Will France pass a national budget by December 31?,politics,france|politics|budget|economy,2026-12-31T00:00:00Z,224,2026-03-27T18:15:50.486665Z,1,1,0.00,6090.40,2099.21,209.79,1.000,2,will-france-pass-a-national-budget-by-december-31,0x68ad245cb933f6f43524215e2c54af2049c7fd6d187d48b0e6880fe81f27064b,"This market will resolve to ""Yes"" if the French parliament passes a 2027 national budget (Loi de Finances pour 2027) and it is published in the Official Journal of France (Journal Officiel) by December 31, 2026, 11:59 PM CET (UTC+01:00). Otherwise, this market will resolve to “No.” A qualifying budg",https://polymarket.com/event/will-france-pass-a-national-budget-by-december-31
iran-agrees-to-surrender-enriched-uranium-stockpile-by,Iran agrees to surrender enriched uranium stockpile by...?,politics,geopolitics|trump|middle-east|iran-ceasefire|politics|u-s-x-iran|iran|nuclear,2026-12-31T00:00:00Z,224,2026-03-27T00:25:52.152041Z,4,3,249325.11,7871525.69,183293.85,1135764.93,0.998,123,iran-agrees-to-surrender-enriched-uranium-stockpile-by-april-30-2026|iran-agrees-to-surrender-enriched-uranium-stockpile-by-december-31-2026|iran-agrees-to-surrender-enriched-uranium-stockpile-by-june-30-2026|iran-agrees-to-surrender-enriched-uranium-stockpile-by-may-31-2026,0x5d37825716832a4a54f89450932e89510f26cf4be59aeec3149d2c49e5fdf44d|0xe846dd72f8a654ef137a3e23a88226400b42cc0ca817ab4390a615860e08cafa|0x6cb3ec9e0fb1c258898f648f8b33422f59ba3e8a71aee551449d7cb147bb8ead|0xd39905267d79b715f078279ef41f311b791c6e2c7361fea38011492b632212ef,"This market will resolve to ""Yes"" if Iran publicly agrees to surrender its enriched uranium stockpile by March 31, 2026, 11:59 PM ET. Otherwise, this market will resolve to “No”. An official pledge by Iran to surrender its enriched uranium stockpile will qualify for a “Yes” resolution whether as a u",https://polymarket.com/event/iran-agrees-to-surrender-enriched-uranium-stockpile-by
doug-ford-out-as-pc-party-leader-by-december-31,Doug Ford out as PC Party Leader by December 31?,politics,politics|canada,2026-12-31T00:00:00Z,224,2026-03-30T22:36:36.372948Z,1,1,5.00,1554.08,11900.86,299.98,0.880,0,doug-ford-out-as-pc-party-leader-by-december-31,0x287d484fd3526634230240be0f1960745018f742e4dae6b4a5bb1bb787d32ad9,"This market will resolve to “Yes” if Doug Ford ceases to be Leader of the Progressive Conservative Party of Ontario for any period of time between market creation and the specified date (ET). Otherwise, this market will resolve to “No”. An announcement of Doug Ford's resignation/removal before this ",https://polymarket.com/event/doug-ford-out-as-pc-party-leader-by-december-31
iran-agrees-to-end-enrichment-of-uranium-by-december-31, Iran agrees to end enrichment of uranium by December 31?,politics,trump|nuclear|middle-east|u-s-x-iran|iran-ceasefire|politics|geopolitics|iran,2026-12-31T00:00:00Z,224,2026-03-31T20:15:49.490184Z,1,1,1105.00,301047.65,40735.51,62695.80,0.999,0,iran-agrees-to-end-enrichment-of-uranium-by-december-31,0xff68b32e6543ae8b44ccb520604b6ea224a1bac071a186fb65f6f40949a758df,"This market will resolve to ""Yes"" if Iran publicly agrees to end all enrichment of uranium by December 31, 2026, 11:59 PM ET. Otherwise, this market will resolve to “No”. An official pledge by Iran to end all enrichment of Uranium will qualify for a “Yes” resolution whether as a unilateral announcem",https://polymarket.com/event/iran-agrees-to-end-enrichment-of-uranium-by-december-31
susie-wiles-out-as-white-house-chief-of-staff-by-december-31,Susie Wiles out as White House Chief of Staff by December 31?,politics,trump|white-house|politics,2026-12-31T00:00:00Z,224,2026-03-31T20:19:57.996058Z,1,1,30.95,1070.69,4147.61,784.88,0.978,0,susie-wiles-out-as-white-house-chief-of-staff-by-december-31,0xec10a736a52480e4cc689cfcdf2a5a5f2bacb86aa84c1dd1163b3809010eb297,"This market will resolve to “Yes” if Susie Wiles ceases to be the White House Chief of Staff for any period of time between market creation and December 31, 2026, 11:59 PM ET. Otherwise, this market will resolve to “No”. An announcement of Wiles' resignation/removal before this market's end date wil",https://polymarket.com/event/susie-wiles-out-as-white-house-chief-of-staff-by-december-31
howard-lutnick-out-as-secretary-of-commerce-by-december-31,Howard Lutnick out as Secretary of Commerce by December 31?,politics,trump|trump-cabinet|politics,2026-12-31T00:00:00Z,224,2026-03-31T20:23:44.539856Z,1,1,0.00,13473.79,5786.58,5687.75,0.998,0,howard-lutnick-out-as-secretary-of-commerce-by-december-31,0x7978663d03b5c053dcea87b39e06fad5bcdd036b0c7febfa4309502c02f70c2c,"This market will resolve to “Yes” if Howard Lutnick ceases to be the US Secretary of Commerce for any period of time between market creation and December 31, 2026, 11:59 PM ET. Otherwise, this market will resolve to “No”. An announcement of Lutnick's resignation/removal before this market's end date",https://polymarket.com/event/howard-lutnick-out-as-secretary-of-commerce-by-december-31
will-any-country-expel-a-us-ambassador-by-december-31,Will any country expel a U.S. ambassador by December 31?,politics,iran|politics|israel|israel-x-iran|iran-ceasefire|middle-east|geopolitics,2026-12-31T00:00:00Z,224,2026-03-31T19:46:29.193346Z,1,1,53.45,15239.40,3672.59,1299.33,0.948,0,will-any-country-expel-a-us-ambassador-by-december-31,0xefc3709f0ae11d758016a1027dc6fffb15cdb528276d6ad7b69d75c9bcf2d207,"This market will resolve to “Yes” if any U.S. ambassador is expelled from their assigned country by the government of that country between market creation and December 31, 2026, 11:59: PM ET. Otherwise, this market will resolve to ""No"". Any expulsion from a country where a U.S. ambassador is assigne",https://polymarket.com/event/will-any-country-expel-a-us-ambassador-by-december-31
x-banned-in-any-european-country-by-december-31,X banned in any European country by December 31?,politics,twitter|politics|elon-musk|culture,2026-12-31T00:00:00Z,224,2026-03-31T19:56:38.021027Z,1,1,17.27,10552.77,2101.35,4355.82,0.983,2,x-banned-in-any-european-country-by-december-31,0x6ccbfc0ac78432d4861b1e840834a97f8c41e89d8d2e472d9365e48fea9e47c7,"This market will resolve to ""Yes"" if the use of X/Twitter is banned within any European country by December 31, 2026, 11:59 PM ET. Otherwise, this market will resolve to ""No"". For the purposes of this market, a “European country” is defined as any of the following sovereign states: Albania, Andorra,",https://polymarket.com/event/x-banned-in-any-european-country-by-december-31
us-obtains-iranian-enriched-uranium-by,US obtains Iranian enriched uranium by...?,politics,trump|iran|u-s-x-iran|geopolitics|iran-ceasefire|politics,2026-12-31T00:00:00Z,224,2026-03-31T21:53:43.811955Z,4,3,505731.46,17097419.33,367731.34,4707606.42,0.948,166,us-obtains-iranian-enriched-uranium-by-may-31-396|us-obtains-iranian-enriched-uranium-by-april-30|us-obtains-iranian-enriched-uranium-by-december-31-725|us-obtains-iranian-enriched-uranium-by-june-30,0xbcacd5a055f5a9ced6f69f122216c073dd6987d08253fc07bbcc168fa5b81d55|0xd87a0ee5367e38072ac013e99035672125fee3a3f4446f0389fe806e42e3e42e|0x58998da8fa20593cf07618032acd580344a79279a8bcc3ed128b668d793c3d6f|0xc112ff35c760ee66738e288067c3de90a2b44a28a9e2f4488989d498be03b292,"This market will resolve to “Yes” if the US government or military officially announces or confirms that it has gained possession of any quantity of enriched uranium previously controlled by Iran by May 31, 2026, 11:59 PM ET. Otherwise, this market will resolve to “No”. “Possession” means that the U",https://polymarket.com/event/us-obtains-iranian-enriched-uranium-by
pete-hegseth-out-as-secretary-of-defense-by-december-31,Pete Hegseth out as Secretary of Defense by December 31?,politics,u-s-x-iran|trump-cabinet|politics|geopolitics|trump|iran|hegseth,2026-12-31T00:00:00Z,224,2026-04-01T19:39:53.840358Z,1,1,188.23,215477.18,25919.11,93000.33,0.960,0,pete-hegseth-out-as-secretary-of-defense-by-december-31,0x0fcfcfc35d71424c0693c717d2e3bc9b8992910835d124d80cd2f01498f1d3dc,"This market will resolve to “Yes” if Pete Hegseth ceases to be U.S. Secretary of Defense for any period of time between market creation and the specified date (ET). Otherwise, this market will resolve to “No”. An announcement of Pete Hegseth's resignation/removal before this market's end date will i",https://polymarket.com/event/pete-hegseth-out-as-secretary-of-defense-by-december-31
alcatraz-reopened-in-2026,Alcatraz reopened in 2026?,politics,prison|politics|trump,2026-12-31T00:00:00Z,224,2026-04-08T22:17:51.685894Z,1,1,0.00,1151.36,8263.13,490.90,0.844,0,alcatraz-reopened-in-2026,0x7e5a2997d5ce061ecf5e6e8f696eabb84edf4ba4a55a72e8d10c640d9df5acad,"This market will resolve to ""Yes"" if at least one inmate is officially held at Alcatraz Federal Penitentiary on Alcatraz Island by December 31, 2026, 11:59 PM ET. Otherwise, this market will resolve to ""No"". The inmate must be detained by the U.S. federal government as part of a formal correctional ",https://polymarket.com/event/alcatraz-reopened-in-2026
us-x-iran-permanent-peace-deal-by,US x Iran permanent peace deal by...?,politics,iran|trump|ceasefire|iran-ceasefire|agreement|10-point|u-s-x-iran|geopolitics|politics,2026-12-31T00:00:00Z,224,2026-04-08T16:23:18.231513Z,13,6,3778968.27,126104666.47,1022854.89,10212327.06,0.999,2381,us-x-iran-permanent-peace-deal-by-april-22-2026|us-x-iran-permanent-peace-deal-by-april-30-2026-925|us-x-iran-permanent-peace-deal-by-may-31-2026-333-871-241-192-799-449|us-x-iran-permanent-peace-deal-by-june-30-2026-837-641-896-877-363-892|us-x-iran-permanent-peace-deal-by-april-24-2026|us-x-iran-permanent-peace-deal-by-may-15-2026-144-885-839|us-x-iran-permanent-peace-deal-by-december-31-2026-961-587-341-574|us-x-iran-permanent-peace-deal-by-may-8-2026|us-x-iran-permanent-peace-deal-by-may-11-2026|us-x-iran-permanent-peace-deal-by-may-13-2026|us-x-iran-permanent-peace-deal-by-july-31-2026|us-x-iran-permanent-peace-deal-by-june-15-2026-734|us-x-iran-permanent-peace-deal-by-may-22-2026,0xbbc6689d0f6d57ea42168836712237c7308b3e0118c8914d31b6126d0f3254c5|0xceb6dfaa2cf5abc9d47ebc867b984a7715104944249274e8a483a2e17473e5f5|0x0e4a0c937b8934c2475613b6322b3f8edc8dedc24762e01e42b0e6f87424a089|0x6114a8a3f9ac214f48a7e20d169f1c7a5c84082cb6f7058ed9fe1137b11fd0e7|0x084a4aac9da433824013ad192196193d7d1bd8293c0fedc9eb7e687909fd1d0f|0x1db02ba50e2312a62b4104de691cc7a76065d8d0da40decf93eb1b914a3217b7|0x9769f78cbc95a5ed11895e6064bac471d8fd8f930b260cf581b68d3f58630d27|0xc5331256bff341491df0656772c4245a99a483c58eeda2faa70fa6bb8b7b0405|0x667c01a18ac1efb8300ce2c4d9fd573275cb633344148675beee8e097db193c4|0x2509daa236d3aea83c910be4e00f50027dd72e6fa0d350536d07cd079f58d7ab|0x20af55ab35186377b81219db6cb8615240cba42cea41731091be9484a5f5b122|0xd86a816093fcd0a0e1ca440bc5ce199bd3c5a8d6139e044b076958164f8c5423|0x53098776eb95dbbd2e899c4fcd787a043ba725f55433948da2fbd00abdfcd3ae,"This market will resolve to “Yes” if Iran and the United states agree to a permanent peace deal by the specified date, 11:59 PM ET. Otherwise, this market will resolve to “No”. A permanent peace deal refers to any agreement which explicitly indicates that military hostilities between the United Stat",https://polymarket.com/event/us-x-iran-permanent-peace-deal-by
satoshis-identity-be-proven-by,Satoshi's identity be proven by...?,politics,culture|crypto|tech|big-tech|politics|bitcoin,2026-12-31T00:00:00Z,224,2026-04-09T13:56:59.696014Z,3,2,10.53,49248.34,13994.41,17064.16,0.838,3,will-satoshis-identity-be-revealed-by-april-30|will-satoshis-identity-be-revealed-by-june-30|will-satoshis-identity-be-revealed-by-december-31,0x4da12ed76b6f28f1f680268a18eb2c79d361f5581143fcb8b6a2a929025fa1a0|0x85bdc6e5461dddf70fcb51151bed1c7668638e604d015e880081fb2d646f2733|0x002800d1a67d94f592d5d3ccfd985065a31f9869a006f1855ca2f544c965733c,"This market will resolve to 'Yes' if the identity of Satoshi Nakamoto, the pseudonymous creator or creators of Bitcoin, is definitively proven between market creation and the listed date, 11:59 PM ET. Otherwise, this market will resolve to 'No'. The resolution source for this market will be definiti",https://polymarket.com/event/satoshis-identity-be-proven-by
adam-back-confirmed-to-be-satoshi-by-december-31,Adam Back confirmed to be Satoshi by December 31?,politics,politics|culture|crypto|bitcoin,2026-12-31T00:00:00Z,224,2026-04-09T13:57:00.562898Z,1,1,0.00,13247.14,5631.71,4448.58,0.836,0,adam-back-confirmed-to-be-satoshi-by-december-31,0xecb137754a477f819979831ed887b0fcbc20325682bb5be399146c0d7f9e5f88,"This market will resolve to ""Yes"" if definitive evidence confirming that Adam Back is Satoshi Nakamoto, the pseudonymous creator of Bitcoin, is made public by December 31, 2026, 11:59 PM ET. Otherwise, this market will resolve to ""No"". Qualifying evidence includes, but is not limited to, verified do",https://polymarket.com/event/adam-back-confirmed-to-be-satoshi-by-december-31
united-x-american-airlines-merger-announced-in-2026,United x American Airlines merger/acquisition announced in 2026?,politics,acquire|politics|acquisitions|economy|finance|united-airlines,2026-12-31T00:00:00Z,224,2026-04-14T21:00:14.443776Z,1,1,0.00,10914.62,2096.23,4856.94,0.845,0,united-x-american-airlines-merger-announced-in-2026,0xaf62da76bbaea9f83a75e4f96ee8df0e8956634f17f3190f3f1e32a9eb81d714,"This market will resolve to ""Yes"" if it is officially announced that American Airlines will be, has been, or is being acquired by or merged with United Airlines, or vice versa, by June 30, 2026, 11:59 PM ET. Otherwise, this market will resolve to ""No"". Mergers or acquisitions involving United Airlin",https://polymarket.com/event/united-x-american-airlines-merger-announced-in-2026
sanae-takaichi-out-as-prime-minister-of-japan-in-2026,Sanae Takaichi out as Prime Minister of Japan in 2026?,politics,politics|pm|japan,2026-12-31T00:00:00Z,224,2026-04-16T14:53:33.731063Z,1,1,287.95,16561.32,15368.96,6159.70,0.888,0,sanae-takaichi-out-as-prime-minister-of-japan-in-2026,0x84475d1a75144bd36f12c58ef721e79154ece1096ae279c9f915c448cb2206c3,"This market will resolve to “Yes” if Sanae Takaichi ceases to be Prime Minister of Japan for any period of time between market creation and December 31, 2026, 11:59 PM ET. Otherwise, this market will resolve to “No”. An announcement of Takaichi's resignation/removal before this market's end date wil",https://polymarket.com/event/sanae-takaichi-out-as-prime-minister-of-japan-in-2026
will-trump-try-to-fire-powell-as-fed-board-member-by,Will Trump try to fire Powell as Fed Board Member by...?,politics,jerome-powell|federal-reserve|politics|fed-chair|fed-rates|fed|trump,2026-12-31T00:00:00Z,224,2026-04-16T17:03:45.477852Z,2,2,0.00,15268.02,6702.20,1898.79,0.910,0,will-trump-try-to-fire-powell-as-fed-board-member-by-june-30-2026|will-trump-try-to-fire-powell-as-fed-board-member-by-december-31-2026-239,0xf46470ab7b1ade5d9f8859f0cebcdd82b7493d32aba3ae083baaa64964b3cf85|0xa834cb93d7da5316c9b770c5f92a7c78f7c65c85e197f497a19f02b94fdf7e90,"This market will resolve to ""Yes"" if Donald Trump publicly and unequivocally announces that he is removing Jerome Powell as a member of the Federal Reserve Board of Governors, or takes formal action toward doing so, such as issuing a directive or formal request, by the listed date, 11:59 PM ET. Othe",https://polymarket.com/event/will-trump-try-to-fire-powell-as-fed-board-member-by
who-will-trump-announce-as-next-secretary-of-labor,Who will Trump announce as next Secretary of Labor?,politics,trump-cabinet|politics|trump|rewards-20-4-5-50,2026-12-31T00:00:00Z,224,2026-04-21T00:27:28.899015Z,35,35,0.00,45189.84,8347.73,2393.94,0.852,1,will-donald-trump-announce-patrick-pizzella-as-the-next-united-states-labor-secretary|will-donald-trump-announce-no-one-as-the-next-united-states-labor-secretary-in-2026|will-donald-trump-announce-person-h-as-the-next-united-states-labor-secretary|will-donald-trump-announce-person-l-as-the-next-united-states-labor-secretary|will-donald-trump-announce-person-p-as-the-next-united-states-labor-secretary|will-donald-trump-announce-person-r-as-the-next-united-states-labor-secretary|will-donald-trump-announce-person-t-as-the-next-united-states-labor-secretary|will-donald-trump-announce-another-individual-as-the-next-united-states-labor-secretary|will-donald-trump-announce-andrew-puzder-as-the-next-united-states-labor-secretary|will-donald-trump-announce-jonathan-berry-as-the-next-united-states-labor-secretary|will-donald-trump-announce-bryan-slater-as-the-next-united-states-labor-secretary|will-donald-trump-announce-vince-micone-as-the-next-united-states-labor-secretary|will-donald-trump-announce-person-i-as-the-next-united-states-labor-secretary|will-donald-trump-announce-person-m-as-the-next-united-states-labor-secretary|will-donald-trump-announce-person-n-as-the-next-united-states-labor-secretary|will-donald-trump-announce-person-q-as-the-next-united-states-labor-secretary|will-donald-trump-announce-person-s-as-the-next-united-states-labor-secretary|will-donald-trump-announce-keith-sonderling-as-the-next-united-states-labor-secretary|will-donald-trump-announce-johnny-c-taylor-jr-as-the-next-united-states-labor-secretary|will-donald-trump-announce-brandon-williams-as-the-next-united-states-labor-secretary|will-donald-trump-announce-glenn-youngkin-as-the-next-united-states-labor-secretary|will-donald-trump-announce-person-e-as-the-next-united-states-labor-secretary|will-donald-trump-announce-person-g-as-the-next-united-states-labor-secretary|will-donald-trump-announce-person-o-as-the-next-united-states-labor-secretary|will-donald-trump-announce-person-v-as-the-next-united-states-labor-secretary|will-donald-trump-announce-person-x-as-the-next-united-states-labor-secretary|will-donald-trump-announce-person-a-as-the-next-united-states-labor-secretary|will-donald-trump-announce-person-d-as-the-next-united-states-labor-secretary|will-donald-trump-announce-person-f-as-the-next-united-states-labor-secretary|will-donald-trump-announce-person-j-as-the-next-united-states-labor-secretary|will-donald-trump-announce-person-k-as-the-next-united-states-labor-secretary|will-donald-trump-announce-person-u-as-the-next-united-states-labor-secretary|will-donald-trump-announce-person-w-as-the-next-united-states-labor-secretary|will-donald-trump-announce-person-y-as-the-next-united-states-labor-secretary|will-donald-trump-announce-person-z-as-the-next-united-states-labor-secretary,0x56f52514f054738842f0f0059e81c01e27a1266af89d64a74f482e8d23d9eb9b|0x8e31fcbdc4c4dd23ebe4c4c4d44d38c4f409b335945a9d735d07315c5497ac7d|0xb92e71e5cecae27dbf1acf0243d6b8a25251b67cb8af0cf50e8a8125e45158da|0xd7a5604e17ff2ca9524e718b469e1ce2b3ff2c365c37a54ce51c015395df9e61|0x402767a6095add8b4ae9529a1815c2fdd75433d2a2f5fa8078d25cce4c33a57b|0xdaa520db852aef0e1855f3a70ecf1c516eafc26bb38766a0b16573743caaeb0a|0xe2f20232c205d44795c84f69107af91fdba841c5a57264443264f357a1e4ff20|0x3a5f1b4988eeb36d850aa9e615128a52701579ed15bfce6c06c63769b96ab2e0|0x08b25cc98d052b9791719e819f93c145dc91d512f020073245bed93090221b94|0x08f8093ea89bb040fb939d4f93367a07fdb097031150ca3da1a75b86dc2e788f|0x08314247ca5dbad3d2e0b7c49eafe4876425b214c1103db65054a39aad773035|0x2d5e511025af27c53f19b96271421be75843f0b2548490af7ee88173787a7dba|0x93515999000bf49406ca52d5b995640afb0e2916036ae6f31f038cd874ed936b|0x34c2fe99ec900b030ea77ec180bdccab09f72bf926338ab17b3e985784bcd422|0x620c76f42f26a4d1823e29017b698a98916f35458424ef1dab9ae3ca91cfa295|0x0b9c6f22842f8b9bd5037f94abb89d5bbd3fe85c33253d4f35d4b38a83c6ddb6|0x00413c064178ed6733834196b2212c2daaf4daf6c8d085457d68bf45c674ebe2|0x93b0c61b22b921a81856e69363b5fbd5f1f01ea307a57c17f5109aa321e56199|0xdb356efe163a47d4435a26d2689032683931d45feb1777787c7e752cc7c3f787|0x00fa0d48c63e0336e5c37024efff156988cbc377544a40aa4e9dd75c73010152|0xa1612e275eb5ceeef0f614a387802a13b2998b5ac08d35fe655b7cbe712912eb|0x31805c02821bfc3003c1c1afa49c8f58ecd50030fe4b04981a698df99d0e152d|0x4624d645d1106f3de78521987efe065f76afcad5031a5ff4e5cb9140c9aa29eb|0x8741734bcaeeffba857c488e6259b02eb49196e378a422281d08d0ea1d6ebefe|0x032ea8c9f3dd8d9c32cf540911bd372d12bc858927559d9d4564a8b04314f43a|0xbe508aa9085e2dfa03d4b4415616273c2f5c738adb68f5c44b8ed2c09f1674f0|0x82a77bec98a60b8f7f597aa6afd83d9990c5e56c72406b04fc15c091a450c5e8|0x34868c06e8e356029552f24b3d876b79b7d275e180212d1a7b56f0bde1496ce6|0x6fe9f07d56752ded286fd30881f21fd40dfe647cbb478f8e326f1cf18bd43a5d|0xb6d13b803cd55dc3a8469eb6303e9a449e037c0555298158c4fdf829a3829384|0x56ac1179741142eee5c02f43f2b9473130d805a230accb07881a2028b9c1c993|0x9ef28736b27d0ba9fc557f104c91e57d76307746419f3d7e66691914ccf1ae95|0xd65f78bbfe660654ca70722e714d5148d1c4b49616d3e6e650b70fd35761f25e|0x5513a2b51345e1e33cf7e1998497aac507ccb7dfdf158b3725860371b095e762|0x0edd1d593c97e40f196face2badc16d4264cb86792be66b8f12c440b47565061,This market will resolve according to the first individual Donald Trump announces as his pick to be United States Secretary of Labor. An announcement from Donald Trump or the Trump administration stating their intent to nominate a specific individual for United States Secretary of Labor will suffice,https://polymarket.com/event/who-will-trump-announce-as-next-secretary-of-labor
how-many-more-people-leave-the-trump-cabinet-this-year,How many more people leave the Trump cabinet this year?,politics,politics|out|trump|trump-cabinet,2026-12-31T00:00:00Z,224,2026-04-21T19:49:26.416514Z,8,8,0.00,2899.91,28127.85,1043.53,0.855,0,will-2-people-leave-the-trump-cabinet-by-december-31-2026|will-4-people-leave-the-trump-cabinet-by-december-31-2026|will-6-people-leave-the-trump-cabinet-by-december-31-2026|will-7-or-more-people-leave-the-trump-cabinet-by-december-31-2026|will-0-people-leave-the-trump-cabinet-by-december-31-2026|will-1-person-leave-the-trump-cabinet-by-december-31-2026|will-3-people-leave-the-trump-cabinet-by-december-31-2026|will-5-people-leave-the-trump-cabinet-by-december-31-2026,0x818e1ab9392cd16406606e80c05bfab903becc2c157cd5ca7182b739458608ff|0x7995262bab9f4ccf47257aafeed9f099557cf9cc8a702696600168999963b535|0x429f3108675910c476dfb895d58e9743fb9c457c79e39bb1154693fb917a8215|0x384cab27e0f54354fac44a08f46c6917b3ea9d3a144e7b8d9a31662157802c16|0x127ed040940dc7d8bbcc3b89d8b3d833325dd4aaa1d8a3d3651bb856ab4c9262|0x42a0273910990b52287c46fdff42f9e69fd10fa2ce96b1d6f0c5cb75683a69d1|0x093d6acccf4b65a115616df710e9e68c4bd9cc823c63bd0d551a99c2c3e678c8|0x0654d68df3087e45626e85f147e4eefdcbde112a310f9fa7fbc60f4e005f20fa,"This market will resolve according to the number of people that leave the Trump Cabinet, between market creation and December 31, 2026, 11:59 PM ET. An announcement of an individual's resignation/removal before this market's end date will count as an instance of someone leaving, regardless of when t",https://polymarket.com/event/how-many-more-people-leave-the-trump-cabinet-this-year
japanese-parliament-dissolved-in-2026,Japanese parliament dissolved in 2026?,politics,politics|japan|snap-election|sanae|takaichi,2026-12-31T00:00:00Z,224,2026-04-23T22:37:22.640314Z,1,1,0.00,1265.09,10421.08,437.78,0.856,0,japanese-parliament-dissolved-in-2026,0xad49c0d1a523e966213f77d1062d8847c84fd2ccff1e98d8036549dab747d22c,"This market will resolve to ""Yes"" if the sitting House of Representatives of Japan is dissolved by December 31, 2026, 11:59 PM ET. Otherwise, this market will resolve to ""No"". The primary resolution source for this market is official information from the government of Japan, however a consensus of c",https://polymarket.com/event/japanese-parliament-dissolved-in-2026
will-xi-meet-with-takaichi-by,Will Xi meet with Takaichi by...?,politics,politics|xi-jinping|japan|sanae|china|sanae-takaichi,2026-12-31T00:00:00Z,224,2026-04-23T22:32:27.875639Z,2,2,1345.11,19412.12,21052.73,9213.25,0.982,5,will-xi-meet-with-takaichi-by-december-31-2026|will-xi-meet-with-takaichi-by-june-30-2026,0x637ff14bf5b7e81ac906d7488d34492dc39586671e00d064ece47cdd845aa722|0x179f2b47849751132bcd6ae56cc715fe881a419ce5259f6f3fa823809fa2ac27,"This market will resolve to ""Yes"" if Sanae Takaichi meets with Xi Jinping between market creation and the listed date, 11:59 PM ET. Otherwise, this market will resolve to ""No"". A meeting is defined as any encounter where both Takaichi and Jinping are present and interact with each other in person. A",https://polymarket.com/event/will-xi-meet-with-takaichi-by
bang-si-hyuk-charged-in-2026,Bang Si-hyuk charged in 2026?,politics,politics|south-korea|culture|music|kpop|bts,2026-12-31T00:00:00Z,224,2026-04-24T22:15:53.489325Z,1,1,0.00,3348.67,1469.98,1100.28,0.662,5,bang-si-hyuk-charged-in-2026,0x49e0660b4b603a7dfb7ba42921c798c35778e8b519012b32e1441c9141c37c87,"This market will resolve to “Yes” if, in any jurisdiction, any law enforcement or legal authority formally charges or otherwise announces a criminal indictment of Bang Si-hyuk, the founder of Hybe, by December 31, 2026, 11:59 PM ET. Otherwise, this market will resolve to “No”. The primary resolution",https://polymarket.com/event/bang-si-hyuk-charged-in-2026
lee-jae-myung-out-as-president-of-south-korea-in-2026,Lee Jae-myung out as president of South Korea in 2026?,politics,politics|south-korea,2026-12-31T00:00:00Z,224,2026-04-24T22:16:02.274975Z,1,1,5.00,44072.54,27454.45,25079.78,0.865,6,lee-jae-myung-out-as-president-of-south-korea-in-2026,0xf4c72ff42c3f1ee9f25e835e62ca52d71a9cafbcc11f93c01af709af8ee5ff09,"This market will resolve to “Yes” if Lee Jae-myung ceases to be the President of South Korea for any period of time between market creation and December 31, 2026, 11:59 PM ET. Otherwise, this market will resolve to “No”. An announcement of Lee Jae-myung's resignation/removal before this market's end",https://polymarket.com/event/lee-jae-myung-out-as-president-of-south-korea-in-2026
uk-announces-transfer-of-falklands-to-argentina-in-2026,UK announces transfer of Falklands to Argentina in 2026?,politics,sovereignty|politics|united-kingdom|argentina|falkland-islands,2026-12-31T00:00:00Z,224,2026-04-27T22:06:46.42979Z,1,1,6.17,2544.26,14870.72,1650.33,0.824,4,uk-announces-transfer-of-falklands-to-argentina-in-2026,0x32ed010ef587b84b343f976ddbae69e370fa2f47c5ddd9c88097f73e0e026708,"This market will resolve to ""Yes"" if the United Kingdom formally announces the transfer of sovereignty over any area of the Falkland Islands to Argentina by December 31, 2026, 11:59 PM ET. Otherwise, this market will resolve to ""No."" An official announcement from the government of the United Kingdom",https://polymarket.com/event/uk-announces-transfer-of-falklands-to-argentina-in-2026
next-leader-out-of-power-before-2027-no-orban,Next leader out of power before 2027? (No Orban),politics,politics|geopolitics|starmer|rewards-20-4-5-50,2026-12-31T00:00:00Z,224,2026-04-27T22:14:23.671966Z,24,24,7648.76,405839.82,231420.33,24343.81,0.994,7,will-emmanuel-macron-be-the-next-leader-out-before-2027-767|will-recep-tayyip-erdoan-be-the-next-leader-out-before-2027-126|will-kim-jong-un-be-the-next-leader-out-before-2027-275|will-xi-jinping-be-the-next-leader-out-before-2027-962|will-benjamin-netanyahu-be-the-next-leader-out-before-2027-423|will-anthony-albanese-be-the-next-leader-out-before-2027-466|will-gavin-newsom-be-the-next-leader-out-before-2027-478|will-javier-milei-be-the-next-leader-out-before-2027-767|will-keir-starmer-be-the-next-leader-out-before-2027-565|will-donald-trump-be-the-next-leader-out-before-2027-191|will-volodymyr-zelenskyy-be-the-next-leader-out-before-2027-397|will-vladimir-putin-be-the-next-leader-out-before-2027-417|will-luiz-incio-lula-da-silva-be-the-next-leader-out-before-2027-695|will-sbastien-lecornu-be-the-next-leader-out-before-2027-482|will-sanae-takaichi-be-the-next-leader-out-before-2027-599|will-mahmoud-abbas-be-the-next-leader-out-before-2027-981|will-friedrich-merz-be-the-next-leader-out-before-2027-375|will-pedro-snchez-be-the-next-leader-out-before-2027-512|will-miguel-daz-canel-be-the-next-leader-out-before-2027-767|will-delcy-rodrguez-be-the-next-leader-out-before-2027-323|will-no-listed-leader-be-out-before-2027-147|will-claudia-sheinbaum-be-the-next-leader-out-before-2027-717|will-gustavo-petro-be-the-next-leader-out-before-2027-576|will-ahmed-al-sharaa-be-the-next-leader-out-before-2027-926,0x2da5c3a8740d8b942d6052a34af61fe521053b348cbedda22821fb11e7fdedad|0x765ef48156d3cf6c52562cc2b59def66c7137fa569cadbe4d8653c6d82319379|0xa8e9566651e959f6b5807a45d8e89f2eb1238be4fe9ee63100f9be29a326d56a|0xd258e86f18ad706cd4d8f9a33b764eddaba8b71b55d83a4ec36e0396c4089578|0x1cd1a66943b214de90027ce888621fc4e53f5c46351809e51dbad0635b7fe9b7|0xe2dd4a3d22deb920bcd4ce558d9bdb5272ac025202d98dca8b4a0bbf9de4154e|0x65f8da252e6c6e3572794e3b583c8c18d6a8e012a137cb641df63cd97dc45cc9|0x2a598263abf5b0818a17d403d38193d11d64cbf08e3af4805ce08c23b3729670|0xc8aaa82e283d68aba57ce829af58ce6ed3d5e94e23e9395b50dd579b2c657708|0x55118d53d1c381e96f9d9c47cd11db5f1987449f9a69aec43eef49ff99276f52|0xa1b9197a70166b28f64766c468da80dbfced6e64efac9b80d87cac9c0e1540aa|0xed2b27cf6f1dc265a4889b2b68be11b8cf85c40de0d755e1b88fd3299cc542a4|0x8c3334704624545380abd862f7199c52a918084cc7037c614d4d543d10d2c9a4|0xa922643c642c7d0a8541a60bbd70f11e97dc16b3dfb4cf98c46217f7bfa3e916|0x53f01b1d1a475a1cd8c1657d97b699dfefe632870b0ef898b5212b64304a7ce3|0xaffa29d449f3b5a46d933bc412f7ae823e9f5216257c8c6e5bd695a9e2c0392b|0x4900c24ab5b8d075cf1cab89436155d98c9e9999327cb769b038528dad705943|0x0aa3336f2f0d980a34b07b6eb39dcf1fe9ba543c01b06eb2150e9aab507ef84a|0x068b8f7779e1f0a778778cd4e4add33b6c5076fc7350c32f11785bae56c4cd7b|0xeca3670f936b53e463f84080e0c579ac3d8d4dccf13ae4a6a72c2bd051584530|0x84a45609bfdb644a15be71d679fbb4f115dea9109d9bac96e1bc049853e002f6|0x2e396a95e62ab942c0ed58ab5c7841c8dc42f4a471f78f66830158670112881b|0x45bdbc00baf989a4b8a51c20ada82148e1e1a43a05ab8767f4fd145eae418d57|0x416c70456b7ab567631cf4d691a48f020f0e0e68c9bbfbce0303ae26c7d7253b,"This market will resolve according to the first listed individual who ceases to occupy their listed office. An announcement of a resignation/removal, or a scheduled departure from office due to the outcome of an election, will not alone qualify. Only permanent removal from office will qualify for re",https://polymarket.com/event/next-leader-out-of-power-before-2027-no-orban
opec-dissolves-in-2026,OPEC dissolves in 2026?,politics,economy|united-arab-emirates|oil|politics|saudi-arabia|uae|geopolitics|opec,2026-12-31T00:00:00Z,224,2026-04-28T18:04:43.361136Z,1,1,2.20,17097.51,14896.20,4665.80,0.859,3,opec-dissolves-in-2026,0x2dc42ef0dcc603cb57cadb208f78e0675ebb0e2385f7e626c6b25439c6e14d84,"This market will resolve to “Yes” if the Organization of the Petroleum Exporting Countries (OPEC) dissolves by December 31, 2026, 11:59 PM ET. Otherwise, this market will resolve to “No”. OPEC will be considered dissolved if any of the following conditions are met: - More than half of the OPEC membe",https://polymarket.com/event/opec-dissolves-in-2026
james-comey-sentenced-to-prison-in-2026,James Comey sentenced to Prison in 2026?,politics,politics|courts|trump|out|virgins|james-comey,2026-12-31T00:00:00Z,224,2026-04-28T19:09:14.455384Z,1,1,31.61,144810.00,30871.70,37712.20,0.841,23,james-comey-sentenced-to-prison-in-2026,0xcc6e10a62115e94c4af40dd61360cb5e7e1f9511bb15ca478ea6b0269667520b,"This market will resolve to ""Yes"" if former FBI director James Comey is sentenced to any time in jail/prison for any charges, by December 31, 2026, 11:59 PM ET. Otherwise, this market will resolve to ""No"". This market will remain open through December 31, 2026 or until Comey is sentenced to time in ",https://polymarket.com/event/james-comey-sentenced-to-prison-in-2026
trump-goes-to-space-in-2026,Trump goes to space in 2026?,politics,politics|nasa|moon|trump,2026-12-31T00:00:00Z,224,2026-04-30T18:33:03.566939Z,1,1,100.02,4402.54,42298.27,2378.45,0.810,5,trump-goes-to-space-in-2026,0x31aadde7e08499bf6a41c713d0c649d836dbc70337bb52fdc6ff80e4be8b1a52,"This market will resolve to “Yes” if Donald Trump is physically aboard any aircraft or spacecraft that reaches or crosses the U.S. space threshold by December 31, 2026, 11:59 PM ET. Otherwise, this market will resolve to “No”. The U.S. space threshold is defined as 50 miles above mean sea level. Whe",https://polymarket.com/event/trump-goes-to-space-in-2026
who-will-trump-talk-to,KRG declares independence from Iraq by December 31?,politics,geopolitics|kurds|regional-spillover|kurdistan|iraq|politics|kurdistan-regional-government|iran,2026-12-31T00:00:00Z,224,2026-05-01T22:17:56.572468Z,1,1,0.00,52821.07,11769.89,2820.07,0.853,3,who-will-trump-talk-to,0x19e4c19193bb06609b83267b5d06fbd4c45d8848ff532a66ace9e8e77e3c991d,"This market will resolve to ""Yes"" if the Kurdistan Regional Government (KRG), or a ruling party, coalition, or executive official of the KRG, formally declares the creation of a new independent state separate from Iraq and asserts governing authority over a specified territory within Iraq by Decembe",https://polymarket.com/event/who-will-trump-talk-to
russia-x-ukraine-diplomatic-meeting-by,Russia x Ukraine diplomatic meeting by...?,politics,politics|putin|zelensky|geopolitics|russia|ukraine,2026-12-31T00:00:00Z,224,2026-05-04T19:18:18.506922Z,3,3,10052.28,166938.57,48926.13,61559.37,0.962,6,russia-x-ukraine-diplomatic-meeting-by-may-31-2026|russia-x-ukraine-diplomatic-meeting-by-december-31-2026|russia-x-ukraine-diplomatic-meeting-by-june-30-2026,0x2c9937efbf3f423350637cef0689a3f65c930738d1817c0bc7eadde76e45446c|0xeb092832271358be7f3c76f96fd176d89a29427121461a4058497e510adb03fe|0xcb334e65ea89ee98ce533a4dde88d013737526c1ab3c9b123dd023e19aa07dd1,"This market will resolve to ""Yes"" if there is a diplomatic meeting between representatives of Russia and Ukraine by the listed date, 11:59 PM ET. Otherwise, this market will resolve to “No”. A diplomatic meeting refers to a deliberate meeting between representatives of the listed countries who are a",https://polymarket.com/event/russia-x-ukraine-diplomatic-meeting-by
venezuela-de-facto-leader-end-of-2026,Venezuela de facto leader end of 2026?,politics,venezuela|trump|politics|head-of-state|maduro|rewards-20-4-5-50,2026-12-31T00:00:00Z,224,2026-05-04T19:58:20.972774Z,43,43,445.92,19510.68,506324.37,2701.79,0.882,2,will-delcy-rodrguez-be-the-de-facto-leader-of-venezuela-at-the-end-of-2026|will-diosdado-cabello-rondn-be-the-de-facto-leader-of-venezuela-at-the-end-of-2026|will-edmundo-gonzlez-be-the-de-facto-leader-of-venezuela-at-the-end-of-2026|will-vladimir-padrino-lpez-be-the-de-facto-leader-of-venezuela-at-the-end-of-2026|will-marco-rubio-be-the-de-facto-leader-of-venezuela-at-the-end-of-2026|will-dan-caine-be-the-de-facto-leader-of-venezuela-at-the-end-of-2026|will-frank-donovan-be-the-de-facto-leader-of-venezuela-at-the-end-of-2026|will-there-be-no-de-facto-leader-of-venezuela-at-the-end-of-2026|will-person-a-be-the-de-facto-leader-of-venezuela-at-the-end-of-2026|will-person-c-be-the-de-facto-leader-of-venezuela-at-the-end-of-2026|will-person-e-be-the-de-facto-leader-of-venezuela-at-the-end-of-2026|will-person-g-be-the-de-facto-leader-of-venezuela-at-the-end-of-2026|will-person-i-be-the-de-facto-leader-of-venezuela-at-the-end-of-2026|will-person-k-be-the-de-facto-leader-of-venezuela-at-the-end-of-2026|will-person-m-be-the-de-facto-leader-of-venezuela-at-the-end-of-2026|will-person-o-be-the-de-facto-leader-of-venezuela-at-the-end-of-2026|will-person-q-be-the-de-facto-leader-of-venezuela-at-the-end-of-2026|will-person-s-be-the-de-facto-leader-of-venezuela-at-the-end-of-2026|will-person-u-be-the-de-facto-leader-of-venezuela-at-the-end-of-2026|will-person-w-be-the-de-facto-leader-of-venezuela-at-the-end-of-2026|will-person-y-be-the-de-facto-leader-of-venezuela-at-the-end-of-2026|will-nicols-maduro-be-the-de-facto-leader-of-venezuela-at-the-end-of-2026|will-mara-corina-machado-be-the-de-facto-leader-of-venezuela-at-the-end-of-2026|will-jorge-rodrguez-be-the-de-facto-leader-of-venezuela-at-the-end-of-2026|will-donald-trump-be-the-de-facto-leader-of-venezuela-at-the-end-of-2026|will-dinorah-figuera-be-the-de-facto-leader-of-venezuela-at-the-end-of-2026|will-evan-pettus-be-the-de-facto-leader-of-venezuela-at-the-end-of-2026|will-pete-hegseth-be-the-de-facto-leader-of-venezuela-at-the-end-of-2026|will-richard-grenell-be-the-de-facto-leader-of-venezuela-at-the-end-of-2026|will-another-person-be-the-de-facto-leader-of-venezuela-at-the-end-of-2026|will-person-b-be-the-de-facto-leader-of-venezuela-at-the-end-of-2026|will-person-d-be-the-de-facto-leader-of-venezuela-at-the-end-of-2026|will-person-f-be-the-de-facto-leader-of-venezuela-at-the-end-of-2026|will-person-h-be-the-de-facto-leader-of-venezuela-at-the-end-of-2026|will-person-j-be-the-de-facto-leader-of-venezuela-at-the-end-of-2026|will-person-l-be-the-de-facto-leader-of-venezuela-at-the-end-of-2026|will-person-n-be-the-de-facto-leader-of-venezuela-at-the-end-of-2026|will-person-p-be-the-de-facto-leader-of-venezuela-at-the-end-of-2026|will-person-r-be-the-de-facto-leader-of-venezuela-at-the-end-of-2026|will-person-t-be-the-de-facto-leader-of-venezuela-at-the-end-of-2026|will-person-v-be-the-de-facto-leader-of-venezuela-at-the-end-of-2026|will-person-x-be-the-de-facto-leader-of-venezuela-at-the-end-of-2026|will-person-z-be-the-de-facto-leader-of-venezuela-at-the-end-of-2026,0x354c604439d7aa5d000d17a7afe94c3bc0bc1840b2ba92068b6978ee1f782478|0x3c1312e1589df1405a01bc9b481f89f012a5c263dae8712e1e5af70ab5240480|0xd23288d839be9f81a5b897a99e99061ce892c62fd1b48b814793fa63c07967e1|0x9826355ea18ae77199fbf64bb121fdce76e8490d94391e6ee41b98d53c1f294d|0x937dc6ba220f74e165d9b9df3b98699e53e7d50cc0ccba046e0e77c3ba287921|0xe8edb84bc1fb776b38ec9055336213a0d28bf45619876a711d38e8d2428fef7e|0xf728480baae359984899b976625a624530650107c5ce6dad184760200e969d58|0x2122019d3d96845349e08dda193aae2ff0d4ebac8b7a527d6cbc0ed2114f9d60|0x39b975a65742b2db63d6f38b59a4de1051535f5c0d8fa9a98131e78ad56347cc|0x3cf18dd172d87023f71f380ffdf4218ab44f28cb614b623f9b18498754aff8de|0x91c535d2a3b2c9eae98778f115d0c5cedcd787b198bd4a3e1c9769eef05455b1|0x4202c2b4801731e688713551314f5ce71a14856bee11e1d6b493641e5f871c58|0x942c9b486d12fcb16336814c69f04a6134da9a611060c13551bdcd0748bb7aa2|0x97ec55df8757a3a56a0e5c60d133178ff005fe4ad38d831d7b5909ffc98607da|0x7ace1788c94cee459a6a7b0ec34a75b9d1bd311eda55a4fac71397a9af2ac0f9|0x504436977a523e1dc1d0f25d6f9606866fc8775ff725ffd2a64c7ae74dd2efc0|0x0a9acf2cfa1a18b454d52dfffcf129ac3510fc0790e688fe501beba52521c0e8|0x724523e7b4413252a9af3bc1325fdb96694da57b57d1faa4b80070d9b982a662|0xcc78a45cf4a7531828124f2509570850565c4f03d2550b91eb7d7f89eb999664|0xc2a93239799fdc8fe262c9239e49f107d62109fe0d1484db372c2a8cd8f55162|0x4a30d926e875790b6de5bcb3ea71b01ba05b27013d7c56f8cab047a995972dea|0x7590cbc21f9c580c11c83294b29070e4ce8629ef869058d84128407ae7ec36dd|0xe4044a81d532d3994fe8fd1d0ea0534843b2d0cc721565d5b35cb87c0c9f5fd1|0xf5758394b00b704a9487b0e8ef1a2f75e8b958fa46cb70b0ec6f6becb1983e40|0x4715da54dd9aaafbdbcdacf9fbb515961b9fdee4561d5b647fac4c69d87eba96|0x78e40a3183e91eb0f65755a484d381b3b2a842bdbe5a157ec10b456430c881d5|0x17b66274e57a38acd15e628503ee6e83d3f261e906e8b8c99e5f79328f453294|0x23bd5a13912c5c5c9fd6051d5b2da91515d031e9bc26dabfb8fe3c5c198ebcb7|0x540eadc79f1b702ec85a5ee943798f85a085d379755193cf27a8c90235729f9c|0x16d04cbedc1fae622a8323d6cc42376171f875c32d5bf5684cafa62284ca2089|0x9ac9c9bab89629e9d29739cb6c0ed44afffb9fe7ed597bc5decba905c478b55b|0xe58ba7746428b163b797cdfbd6435f641bf64b075b996ade326a1ec3c1597f4e|0xf873c5a5c9b66e098de2045a9f49450483a4261ec654930cfd598dfeaf878042|0x92a74cb57811dcc16d3b31ae05dc7820dec3d54d74ccc83ac25f3c99c38ae250|0x5dfbfcd5d5c14fa0be2b7109f1ef297ce7ceab6c82ecba23d595cb3687578aba|0x2874e700a1e4ff7939014c1c9c6cbf1d171f7018266dbae33cb43e581b556d81|0xe79afc67f5e3b286399e74f443563dfafee6c42272458fbe49ea34b292e71b99|0x447d836f84434200d3fddbf523d08b3d8eae447047bf96babd48de8df8b63727|0xc9cedfbf4daaba4c3f04d52a092d3935386e144cc5de3bcb754b36d2557714f0|0xa7236603a16b0b733146f127acc197bb64f5d417a64269a46b3bb06b4f5b59ed|0x96e062c777138573e6101624fbd5db7bc022bf1640d559c96f3c7c51da2e8597|0xbc33f55f7dab98ed498a6b45fcccfd626f9b561a72953ad9d2c0e4aa15a64392|0x6c650092e3af479708f5efb7b71f5625f10d4719561c3880bafbbfcdf3bd7b5f,"This market will resolve to the individual who de facto holds and exercises the powers of the head of state of Venezuela on December 31, 2026 at 12:00 PM ET. For the purposes of this market, “de facto holds” refers to the individual who exercises primary governing authority over the Venezuelan state",https://polymarket.com/event/venezuela-de-facto-leader-end-of-2026
strait-of-hormuz-traffic-returns-to-normal-by-december-31,Strait of Hormuz traffic returns to normal by December 31?,politics,ships|economy|iran-ceasefire|transit|iran|politics|hormuz|geopolitics|u-s-x-iran|strait-of-hormuz,2026-12-31T00:00:00Z,224,2026-05-11T13:06:32.524519Z,1,1,25286.64,200650.01,113726.32,66321.54,0.943,0,strait-of-hormuz-traffic-returns-to-normal-by-december-31,0x5c79dfde05559b79a9cb9f7c4187e4d49632dd042572ae676952f812732591cc,"This market will resolve to “Yes” if IMF Portwatch publishes a 7-day moving average of transit calls (“Arrivals of Ships”) for the Strait of Hormuz equal to or above 60 for any date between market creation and December 31, 2026. Otherwise, this market will resolve to “No”. Daily transit calls includ",https://polymarket.com/event/strait-of-hormuz-traffic-returns-to-normal-by-december-31
federal-gas-tax-suspended-by,Federal Gas Tax Suspended by...?,politics,trump|congress|politics|oil|gas,2026-12-31T00:00:00Z,224,2026-05-12T17:43:20.318327Z,2,2,570.13,6898.55,18168.72,2743.07,0.986,0,will-the-federal-gas-tax-be-suspended-by-november-2-2026|will-the-federal-gas-tax-be-suspended-by-june-30-2026,0x638d1796353e74b0c3761686f0e83e9c3330841e547663bab97902b31f7e2bd9|0x0a28812eeb15d7f7d6c768c2cf51c719170c8d9ff4bcbbbce98f57b5d80d0f7d,"On May 11, 2026, Trump proposed suspending the federal gas tax. This market will resolve to ""Yes"" if legislation that would, at least temporarily, suspend the federal excise tax on gasoline is passed by both chambers of the U.S. Congress and signed into law by the specified date (ET). Otherwise, thi",https://polymarket.com/event/federal-gas-tax-suspended-by
russia-x-ukraine-ceasefire-agreement-by,Russia x Ukraine ceasefire agreement by...?,politics,ukraine-peace-deal|politics|ukraine|russia|putin|geopolitics|zelensky|trump|zelenskyy,2026-12-31T00:00:00Z,224,2026-05-13T03:35:20.128142Z,4,4,65129.91,844993.17,294591.21,269105.52,0.999,48,russia-x-ukraine-ceasefire-agreement-by-december-31-2026|russia-x-ukraine-ceasefire-agreement-by-june-30-2026|russia-x-ukraine-ceasefire-agreement-by-may-31-2026|russia-x-ukraine-ceasefire-agreement-by-october-31-2026,0x5c19f205507ce03ff5f3be08a8090a5969ea6870cc07b902a4ca2e61dfe48fdd|0x60c6fe27d5b273f54fe30b4003c3b2553acd5f76220d9ea289343d536d6dd9ad|0x8fc1879ce3145520c750a9f4003f6534ada080acb1016664c9c266cdae46215e|0x6c3f1009a0c91ba9f7aae44aeadf86863b0d433b60f7a090fd00c945019aa32f,"This market will resolve to “Yes” if there is a ceasefire agreement between Russia and Ukraine by the specified date, 11:59 PM ET. Otherwise, this market will resolve to “No”. A ceasefire agreement refers to any mutually-agreed suspension of direct military engagement between Russia and Ukraine, whi",https://polymarket.com/event/russia-x-ukraine-ceasefire-agreement-by
who-will-trump-announce-as-next-fda-commissioner,Who will Trump announce as next FDA commissioner?,politics,fda|food-and-drug|politics|kamary|diamantas|trump|trump-cabinet|rewards-20-4-5-50,2026-12-31T00:00:00Z,224,2026-05-13T00:09:09.32304Z,33,33,5.17,7541.21,33852.61,1565.25,0.838,0,will-trump-announce-sara-brenner-as-the-next-fda-commissioner-by-december-31|will-trump-announce-someone-else-as-the-next-fda-commissioner-by-december-31|will-trump-announce-person-b-as-the-next-fda-commissioner-by-december-31|will-trump-announce-person-d-as-the-next-fda-commissioner-by-december-31|will-trump-announce-person-f-as-the-next-fda-commissioner-by-december-31|will-trump-announce-person-h-as-the-next-fda-commissioner-by-december-31|will-trump-announce-person-j-as-the-next-fda-commissioner-by-december-31|will-trump-announce-person-l-as-the-next-fda-commissioner-by-december-31|will-trump-announce-person-n-as-the-next-fda-commissioner-by-december-31|will-trump-announce-person-p-as-the-next-fda-commissioner-by-december-31|will-trump-announce-person-r-as-the-next-fda-commissioner-by-december-31|will-trump-announce-person-t-as-the-next-fda-commissioner-by-december-31|will-trump-announce-person-v-as-the-next-fda-commissioner-by-december-31|will-trump-announce-person-x-as-the-next-fda-commissioner-by-december-31|will-trump-announce-person-z-as-the-next-fda-commissioner-by-december-31|will-trump-announce-grace-graham-as-the-next-fda-commissioner-by-december-31|will-trump-make-no-announcement-for-the-next-fda-commissioner-by-december-31|will-trump-announce-person-a-as-the-next-fda-commissioner-by-december-31|will-trump-announce-person-c-as-the-next-fda-commissioner-by-december-31|will-trump-announce-person-e-as-the-next-fda-commissioner-by-december-31|will-trump-announce-person-g-as-the-next-fda-commissioner-by-december-31|will-trump-announce-person-i-as-the-next-fda-commissioner-by-december-31|will-trump-announce-person-k-as-the-next-fda-commissioner-by-december-31|will-trump-announce-person-m-as-the-next-fda-commissioner-by-december-31|will-trump-announce-person-o-as-the-next-fda-commissioner-by-december-31|will-trump-announce-person-q-as-the-next-fda-commissioner-by-december-31|will-trump-announce-person-s-as-the-next-fda-commissioner-by-december-31|will-trump-announce-person-u-as-the-next-fda-commissioner-by-december-31|will-trump-announce-person-w-as-the-next-fda-commissioner-by-december-31|will-trump-announce-person-y-as-the-next-fda-commissioner-by-december-31|will-trump-announce-kyle-diamantas-as-the-next-fda-commissioner-by-december-31|will-trump-announce-brett-giroir-as-the-next-fda-commissioner-by-december-31|will-trump-announce-stephen-hahn-as-the-next-fda-commissioner-by-december-31,0xc458539c327c77377f29cfcecd486eaaca4bc73772ada8b9b0a915b15fe5d1ae|0x8b1e3b80739ca418e41e80a4d5de8c2f8498a7c7eca82ef0a8b0dec4080072dc|0x0eafb9141ee56488fd6cde01a2880e72a5e5010aa2c819355a2902a9da7d0b03|0xd45cdd0a219819fe01b6c2d789a0cb3eaf4596702807d7d50082685ca69a44ca|0x546a96eac2a0fe058b949345b412b9d59d608b7b41bbaad8878ba1c003540d14|0xb9fc1b1d91fa1a5cbaa24d5035604035945480586a99c62b95a4f5c9fc983138|0x3168d2655bad86292241aedcd5700ba46727b00ff53faadaffda20bce3f5696c|0x6afedb591122e887f966b822d0768e7a2c735db55d9748f78446a0613d1068df|0x3ff06139178b4d911e01d0118a0cb9a77d85358c7ae8a13eeed6d2491db089cf|0xc259ab1aa691c5cf6688d6ca79d0b6e408690809a0ef425ec104344e3692d320|0x6a75c74f9b7b0277b10c1ee6ab19ae78463dce13c0637d284d02a1564611ed13|0xb603fb1aa2a334654e4c81dbf4734b377f1827ef02a23ae31f47714f147573ee|0x5bd62ec0428dddc66aa6f0163b22e7fa3736036d9b6ea921bf5a15be662b4eaf|0x50f7f590ba9c29f9d071192c85e41fdbc25e80f3d5cdd512b27322282c76cb31|0xd0ba90a0bc04746dbb5d21f2a429af4a4c8f1b430533e37cb968977887ee56da|0xb156a8c89f28f6fa19480a197d4bb25b14d81e9b24f1de24f13425e99a212832|0xeed9338326765b9b474f5df0db7c817b6f204bfc46f3bb55d4b0d6f753d5dbd7|0xc8379f474a2a9bff3a3a2d956aa173197e9f8052ec1544cff09fad3b39f53664|0x0e20a59001c47da2af95c523e8b987e8630a5b188b6b9c8bdc270b2b908f0ca1|0xc5ff78ffd6c771fee22ed7307f332862d160f99e797eb8a383ed9e4ec14a036d|0x5bb0b83179aabbf413249e5d1b72efd2fdcecdc2d34b3ecf528513e34065fc42|0xe03f7142af546a244d1cfacc4aa65dc1d9c427539cc87f444ababc7caeac2539|0xcb6fc31f7db5ed0a7cefb563b034a5523b36c4152ffef2fb747b98c6833bf651|0x7afed2533bb2d1538e60bc518c41cf1030e9159bec252fdb1c4792bead19e869|0xc8ef89c46bee850d2037e44c961437c40a0bba2152a03ffe02ee46038516c8c0|0xed490fdcd6efb1e1108e2699feda7bb2a866833a86b165471bafaf8b5604aed1|0x44f2213756c653467ec44c62e54c347dde561550927aef63da74c495ddf3c399|0xffd6f637df59893e2c1d40d9db1aa3bf75643348c093c1f0a4d685426529e7a1|0x6a27034054a1e058dcf6d9853c437f4b96ea02dafb1a123408595490810f8500|0xdd4aeb20b4fada662098638256739480858ab81e8d04216ecc847b52ed8edba6|0x872968b4627268c5f0addef4e5c2170fbeb45e427a732eab8a3a83b4ea447cc8|0x2f33bf0c18e9ef013c4162e6a4b1e2c8af3ef357a8e201f928068b099d5ffb4d|0xaee771d6994fc3b0a7af2f9844a08f7677b9f764ff4938927145f5f3c13dcf7d,This market will resolve according to the first individual Donald Trump announces as his pick to be United States Food and Drug Administration (FDA) Commissioner. An announcement from Donald Trump or the Trump administration stating their intent to nominate a specific individual to be United States ,https://polymarket.com/event/who-will-trump-announce-as-next-fda-commissioner
russia-coup-attempt-in-2026,Russia coup attempt in 2026?,politics,russia|politics|putin|ukraine|geopolitics,2026-12-31T00:00:00Z,224,2026-05-15T20:20:59.950184Z,1,1,4608.28,14175.87,65767.59,5071.69,0.847,1,russia-coup-attempt-in-2026,0xf91ca58d99ac47e4c6a8c324419f082b3d09744179b1a8b6540a3c20c6c23c7d,"This market will resolve to ""Yes"" if there is a widely reported coup attempt in Russia at any point between market creation and December 31, 2026, 11:59 PM ET. Otherwise, this market will resolve to ""No."" A coup attempt is defined as a coordinated and deliberate effort by military, security forces, ",https://polymarket.com/event/russia-coup-attempt-in-2026
japan-declassifies-new-ufo-files-in-2026,Japan declassifies new UFO files in 2026?,politics,politics|japan|aliens,2026-12-31T00:00:00Z,224,2026-05-15T22:06:16.365502Z,1,1,283.68,4439.90,14011.55,3446.02,0.922,1,japan-declassifies-new-ufo-files-in-2026,0xb42726ca8eda8a64489bb13d842476d691b73d07c8019bcc92ea08f72429002c,"This market will resolve to ""Yes"" if the Japanese government declassifies any files pertaining to extraterrestrial life and/or unexplained aerial phenomena which were not previously publicly available between market creation and December 31, 2026, 11:59 PM ET. Otherwise, this market will resolve to ",https://polymarket.com/event/japan-declassifies-new-ufo-files-in-2026
jung-chung-rae-out-as-dp-leader-in-2026,Jung Chung-rae out as DP leader in 2026?,politics,dpk|dp|politics|democratic-party|south-korea,2026-12-31T00:00:00Z,224,2026-05-15T20:24:19.90617Z,1,1,1609.76,8952.98,13926.88,3430.04,0.882,0,jung-chung-rae-out-as-dp-leader-in-2026,0x007aa0430cbc24e2a8b39a59dfa5f2d321053d667bf01aa2801c9ba48ea80326,"This market will resolve to “Yes” if Jung Chung-rae ceases to be the leader of the Democratic Party of Korea for any period of time between market creation and December 31, 2026, 11:59 PM ET. Otherwise, this market will resolve to “No”. An announcement of Chung-rae’s resignation/removal before this ",https://polymarket.com/event/jung-chung-rae-out-as-dp-leader-in-2026
trump-declassifies-new-ufo-files-by-894,Trump declassifies new UFO files by...?,politics,culture|trump|aliens|politics,2026-12-31T00:00:00Z,224,2026-05-18T23:48:10.270378Z,3,3,2068.69,8801.61,22001.09,7789.25,0.978,0,trump-declassifies-new-ufo-files-by-december-31-926-316|trump-declassifies-new-ufo-files-by-may-31-975-618|trump-declassifies-new-ufo-files-by-may-22,0x634aa37d056f83f6b1c5aecdfbe30945331475d704976f21208eb0cc5b1c5813|0xf1c0962e7d364a3af7eb4145e4c31f15ffad8eca227ec8c8139df2dca7bc59a6|0x21df4ef2f9412d85990c8bce1c9612bf181df17a6b861110794cc2286b364100,"This market will resolve to ""Yes"" if the Trump administration declassifies any files pertaining to extraterrestrial life and/or unexplained aerial phenomena which were not previously publicly available by the specified date, 11:59 PM ET. Otherwise, this market will resolve to ""No"". For purposes of t",https://polymarket.com/event/trump-declassifies-new-ufo-files-by-894
jos-luis-rodrguez-zapatero-sentenced-to-prison,José Luis Rodríguez Zapatero sentenced to prison?,politics,spain|politics|jos-luis-rodr-guez-zapatero|zapatero,2026-12-31T00:00:00Z,224,2026-05-19T17:27:00.17349Z,1,1,3856.06,3856.06,9726.98,2070.90,0.915,1,jos-luis-rodrguez-zapatero-sentenced-to-prison,0x3fcd367d1aecd2e01fb6ddc7dc971e30c85f64ff58269f58e601849d569c3829,"This market will resolve to ""Yes"" if José Luis Rodríguez Zapatero is sentenced to any time in jail/prison for any charges, by December 31, 2026, 11:59 PM ET. Otherwise, this market will resolve to ""No"". This market will remain open through December 31, 2026, or until the specified individual is sent",https://polymarket.com/event/jos-luis-rodrguez-zapatero-sentenced-to-prison
ukraine-recognizes-russian-sovereignty-over-ukrainian-territory-in-2025,Ukraine recognizes Russian sovereignty over its territory by...?,politics,world|trump-presidency|putin|trump|politics|geopolitics|foreign-policy|ukraine|zelensky|trump-putin|trump-zelenskyy,2026-12-31T12:00:00Z,225,2025-02-06T23:19:09.390407Z,3,2,630.51,2606226.11,31527.61,68671.99,0.859,127,ukraine-recognizes-russian-sovereignty-over-ukrainian-territory-in-2025|ukraine-recognizes-russian-sovereignty-over-its-territory-by-june-30-2026|ukraine-recognizes-russian-sovereignty-over-its-territory-by-december-31-2026,0x591f785022238c7ea2563553d93c024e451a18ea74d9bbd79a6126c0267c588a|0xbca45186bc1f8ad2912f79f22c6e37c0946f6619bbfbd0f97ad93d9b525a6293|0x3e4e5225054ad5168e0b249164f643453ba97a8947f84d7aacb4c768275d48e9,"This market will resolve to ""Yes"" if a deal in which Ukraine agrees to formally recognize Russian sovereignty over any UN-recognized Ukrainian territory is reached between the Russian Federation and Ukraine by December 31, 2025, 11:59 PM ET. Otherwise, this market will resolve to “No”. The deal must",https://polymarket.com/event/ukraine-recognizes-russian-sovereignty-over-ukrainian-territory-in-2025
ukraine-election-called-in-2025,Ukraine election called by...?,politics,world|geopolitics|ukraine|politics|foreign-policy|global-elections|trump-zelenskyy,2026-12-31T12:00:00Z,225,2025-02-14T19:30:42.775652Z,4,2,10793.45,1537091.79,34670.19,30801.98,0.888,36,ukraine-election-called-in-2025|ukraine-election-called-by-june-30-2026-392|ukraine-election-called-by-march-31-2026|ukraine-election-called-by-december-31-2026,0xf3d74c153a35436ff82a5f78200104975c5841140ace763f2954adb340cca511|0x707125b175feb87a7d28c1e3b0e8e834f11c0dff65edac8c4fe5d1e12bf8fc33|0xdab71ad1d7d7661435f2556eb8e29473d322d9d8af2705a9732c4872629de090|0xfaa78bad74daeb6e5296ae5785df7805275d00e84c81dc37954446132595caed,"This market will resolve to ""Yes"" if the next Ukrainian presidential election is scheduled in 2025. Otherwise, this market will resolve to ""No"". This market is about whether a date for the next Ukrainian election is announced between February 14 and December 31, 2025, 11:59 PM ET. Whether the electi",https://polymarket.com/event/ukraine-election-called-in-2025
will-any-country-leave-nato-in-2025,Will any country leave NATO by...?,politics,world|nato|geopolitics|politics,2026-12-31T12:00:00Z,225,2025-02-13T23:08:41.618074Z,3,2,528.33,1094658.04,26169.13,113898.51,0.845,27,will-any-country-leave-nato-in-2025|will-any-country-leave-nato-by-june-30-2026|will-any-country-leave-nato-by-december-31-2026,0x1b74c3efe140a09049e0eb6b6a2112e00fa4d199cdc718c1a58af1abf6d9e49d|0x663ab202c03a5e1d399578d44a3b124307db73caba79b2ead36c52ce6094b2d4|0x523959b6256674318eb34755789fffd8c62cd652e5fa11ffd332402361d058e9,"This market will resolve to ""Yes"" if any member state formally withdraws from NATO or provides an official notice of denunciation to NATO by December 31, 2025, 11:59 PM ET. Otherwise, this market will resolve to ""No"". A notice of denunciation refers to the submission of a notice of withdrawal as per",https://polymarket.com/event/will-any-country-leave-nato-in-2025
mike-johnson-out-as-speaker-by,Mike Johnson out as Speaker by...?,politics,politics|us-government|house|congress,2026-12-31T12:00:00Z,225,2025-04-09T18:58:34.219343Z,4,2,35.43,101749.58,10434.79,2835.28,0.912,4,mike-johnson-out-as-speaker-in-2025|mike-johnson-out-as-speaker-by-march-31|mike-johnson-out-as-speaker-by-december-31|mike-johnson-out-as-speaker-by-june-30,0x0bfba180a1eb8fe425e3db8cb72d2d6ea20af92baaf59f6f549d6d86eee01562|0x75792d37c6d7ad21386a8b2656786d6d5ffe377aadc9cb615721a04eab46ea62|0xfa36659c97e233539fd77a8f9525d2f1664eba5ea57c4bed72c8101ba5266d15|0xef416cfd80afbb43c7550a8fe0f950679ab3d6e60551e2a90f230106809fe2c5,"This market will resolve to ""Yes"" if Mike Johnson announces that he will resign from his position as Speaker of the US House of Representatives, or otherwise ceases to be Speaker for any length of time, between April 9, and December 31, 2025, 11:59 PM ET. Otherwise, this market will resolve to ""No"".",https://polymarket.com/event/mike-johnson-out-as-speaker-by
putin-out-before-2027,"Putin out as President of Russia by December 31, 2026?",politics,putin|geopolitics|ukraine|politics|world|russia|earn-4,2026-12-31T18:30:00Z,225,2025-07-06T22:31:26.266096Z,1,1,24179.31,4270273.57,208360.12,2554694.49,0.871,1,putin-out-before-2027,0x6bd56627aa21311850825edb27e53434a0e17a4f782be0086bc07f71eee00d0d,"This market will resolve to “Yes” if Vladimir Putin ceases to be President of Russia for any period of time between market creation and the specified date (ET). Otherwise, this market will resolve to “No”. An announcement of Vladimir Putin's resignation/removal before this market's end date will imm",https://polymarket.com/event/putin-out-before-2027
will-russia-capture-lyman-in-2025,Will Russia capture Lyman by...?,politics,ukraine|geopolitics|world-affairs|politics|world|russia-capture|ukraine-map,2026-12-31T23:55:00Z,225,2025-07-22T21:41:18.897452Z,9,3,2017.63,2433907.79,23790.87,181119.76,1.000,96,will-russia-capture-lyman-in-2025-816|will-russia-capture-lyman-by-november-30-884|will-russia-capture-lyman-by-march-31-2026-494|will-russia-capture-lyman-by-january-31-2026|will-russia-capture-lyman-by-february-28-2026|will-russia-capture-lyman-by-june-30-2026-413|will-russia-capture-lyman-by-april-30-2026|will-russia-capture-lyman-by-december-31-2026-774|will-russia-capture-lyman-by-may-31-2026,0x69b009591dd768c3878e2ff9b28b8661e039409ea2f156ad70aa5224c08702e0|0x9264181a391b7c537c37071719ad73ebc7bee47d5a70db40e5d6be88ecb61697|0x309ae759aefeb898fbc17881e16b796aceb3ce7ee99d077bae89f46904ef3635|0x8b669a0296e22e7fe4e230a7c9769d07c6bd419f662a265cdb184bac3a28817d|0x419c455bc2ee771ac24860a536306984b6e8fd5f7f69374d1758b65fa3ab8ab0|0x2d02521a1f5f3ae2aca49885834bdb34b279cf9551feebe4e13474a9150c4f9f|0xa54188a910f29d56395f11969120da4e23e58e57fc7932bfb2bb4fcbe32e1448|0xf691956d44187f9296718a26b10c03d3b85e3369e2098ab2188f765ef4dc97b7|0x976adfce69d6fcdc611255282d78e41716183b78560076fc2f68c6823d814ddc,"This market will resolve to “Yes” if, according to the ISW map, Russia captures the Lyman railroad station located on Vulytsya Pryvokzalʹna by December 31, 2025, at 11:59 PM ET. The railroad station will be considered captured if any part of the train station icon is shaded red on the ISW map (https",https://polymarket.com/event/will-russia-capture-lyman-in-2025
clarity-act-signed-into-law-in-2026,Clarity Act signed into law in 2026?,politics,crypto|trump|us-law|politics,2027-01-01T05:00:00Z,226,2026-01-11T23:25:26.117303Z,1,1,37896.70,992177.97,37591.14,404061.15,0.996,104,clarity-act-signed-into-law-in-2026,0x9cb23d04b2ded06147482076688b69b487a8d982c63ebdda2ab3678cf27cf390,"This market will resolve to ""Yes"" if the Digital Asset Market Clarity Act of 2025 (H.R.3633) is passed by both chambers of the U.S. Congress and signed into law by December 31, 2026, 11:59 PM ET. Otherwise, this market will resolve to ""No"". The primary resolution source is Congress.gov’s legislation",https://polymarket.com/event/clarity-act-signed-into-law-in-2026
will-mitch-mcconnell-resign-from-the-senate-before-his-term-ends,Will Mitch McConnell step down from the Senate before his term ends?,politics,politics|congress|senate,2027-01-03T00:00:00Z,227,2025-10-17T21:33:55.772922Z,1,1,77.62,113525.45,10642.63,6017.19,0.922,9,will-mitch-mcconnell-resign-from-the-senate-before-his-term-ends,0x15d2e66dcf1d63c5695d6d0e9e2f8e06dd246d00fd5dfc254f2b22baa33bfa1b,"This market will resolve to “Yes” if Mitch McConnell formally announces an intention to step down or otherwise vacates his U.S. Senate seat before his current term is scheduled to end (January 3, 2027, 11:59 PM ET). Otherwise, this market will resolve to “No.” An announcement will qualify only if it",https://polymarket.com/event/will-mitch-mcconnell-resign-from-the-senate-before-his-term-ends
next-senate-majority-leader-485,Next Senate Majority Leader?,politics,senate|us-election|elections|midterms|trump|politics|congress|world-elections|rewards-20-4-5-50,2027-01-03T00:00:00Z,227,2026-03-23T23:18:14.162921Z,64,64,67.77,64553.01,197177.22,5901.68,0.937,2,will-person-av-be-the-next-senate-majority-leader|will-person-ab-be-the-next-senate-majority-leader|will-person-ad-be-the-next-senate-majority-leader|will-tom-cotton-be-the-next-senate-majority-leader|will-brian-schatz-be-the-next-senate-majority-leader|will-amy-klobuchar-be-the-next-senate-majority-leader|will-cory-booker-be-the-next-senate-majority-leader|will-john-cornyn-be-the-next-senate-majority-leader|will-person-f-be-the-next-senate-majority-leader|will-person-k-be-the-next-senate-majority-leader|will-person-n-be-the-next-senate-majority-leader|will-person-v-be-the-next-senate-majority-leader|will-person-x-be-the-next-senate-majority-leader|will-person-af-be-the-next-senate-majority-leader|will-john-thune-be-the-next-senate-majority-leader|will-steve-daines-be-the-next-senate-majority-leader-743|will-person-d-be-the-next-senate-majority-leader-559|will-person-i-be-the-next-senate-majority-leader|will-person-l-be-the-next-senate-majority-leader|will-person-o-be-the-next-senate-majority-leader|will-person-q-be-the-next-senate-majority-leader|will-person-t-be-the-next-senate-majority-leader|will-person-am-be-the-next-senate-majority-leader|will-person-ao-be-the-next-senate-majority-leader|will-lindsey-graham-be-the-next-senate-majority-leader|will-chuck-schumer-be-the-next-senate-majority-leader|will-mark-kelly-be-the-next-senate-majority-leader|will-rick-scott-be-the-next-senate-majority-leader-763|will-person-g-be-the-next-senate-majority-leader|will-person-r-be-the-next-senate-majority-leader|will-person-w-be-the-next-senate-majority-leader|will-person-y-be-the-next-senate-majority-leader|will-john-barrasso-be-the-next-senate-majority-leader-649|will-patty-murray-be-the-next-senate-majority-leader|will-dick-durbin-be-the-next-senate-majority-leader|will-person-e-be-the-next-senate-majority-leader-995|will-person-h-be-the-next-senate-majority-leader|will-person-j-be-the-next-senate-majority-leader|will-person-m-be-the-next-senate-majority-leader|will-person-p-be-the-next-senate-majority-leader|will-person-s-be-the-next-senate-majority-leader|will-person-u-be-the-next-senate-majority-leader|will-person-aa-be-the-next-senate-majority-leader|will-person-ac-be-the-next-senate-majority-leader|will-person-ae-be-the-next-senate-majority-leader|will-person-ak-be-the-next-senate-majority-leader|will-person-z-be-the-next-senate-majority-leader|will-person-ag-be-the-next-senate-majority-leader|will-person-ah-be-the-next-senate-majority-leader|will-person-ai-be-the-next-senate-majority-leader|will-person-aj-be-the-next-senate-majority-leader|will-person-al-be-the-next-senate-majority-leader|will-person-ap-be-the-next-senate-majority-leader|will-person-an-be-the-next-senate-majority-leader|will-person-aq-be-the-next-senate-majority-leader|will-person-ar-be-the-next-senate-majority-leader|will-person-as-be-the-next-senate-majority-leader|will-person-at-be-the-next-senate-majority-leader|will-person-au-be-the-next-senate-majority-leader|will-person-az-be-the-next-senate-majority-leader|will-someone-else-be-the-next-senate-majority-leader|will-person-aw-be-the-next-senate-majority-leader|will-person-ay-be-the-next-senate-majority-leader|will-person-ax-be-the-next-senate-majority-leader,0xa5a98e6b63b36f67aae6a9236cb20b93c9848734fa3c63310d00de8029f535a4|0x91221b48b41837d33bbc9804ba23e2d5bba922c4250b6f732181d8531acb2f3e|0x2a39c0c5c78be6b29647263498d345689aeb47de2b0214114ac5300d349ae0db|0x31352af4d7500394fe9e42d889457b455472ee406c6d3dcd0d1e78f656ede65a|0xfa1768e810b24af494183e9a5a175fd66f362223fed774a6e498b11494b8a628|0x010f83f40f7937f9aa9f96535b0e5b4da0a0fc72535858974114daa08f109f67|0x68bdc81862795e3572a2df9e0ad2e0150c9e2450c3ce78d3534bdcfd7da3ef5b|0xe649e020f39304eb0c7fc23c126326daefae07a074952b6f4df0d9bc7ba7c4bd|0x95587be8a03136e6bbd8b2d07eb825f0b4c0ffa5e2e95eb1c7c39ac0f7c9319a|0x889b14f4e83c8fcf694defabdf27865170cdba5fe717f13afdd678240c6dbe5b|0x0e655af41003b4a2552200f3938271021f92c405ecfe69f87f792010c49a2d8c|0x778730db99aca27ce07e5643f6b90fee25bd93ba28c2d3d44851fc33fd91d988|0x50ab2144da4d5ec0621cac5e7b2592937ad7744ae91f78992952a94faa760820|0xfb26c4d109f644f5b16425a1bb31016a33199009df91a4020b2d6c8e2032c7ba|0xe77b34eac7f4da018d919b06f4068cbda9c95247db49dd9d7030721381de74d8|0x31d22f7e07d0f4c4b217c3264ade5083fc41650844369508da10b932bb06c333|0xf48c3e70de878577471171520a832a0ab9a8908f34ac97e886e2f40670032193|0x34b5103f08d387006cb3f666e3227559b8b70137448c8878f88ca5f504ab6815|0xb4bff2bed31a98ad29fb70bb7e8c13ec25dc9e4bf52094d2907283580f5c9bd6|0x79a0fb923f15452298717ae58e793da84e41d66b07bf4c3fe4c9d62d1b87cf76|0x3112a353abd27a3740b5b379e11b5242e1fc61b21a95282d67ef705fe9dce835|0x6aee8538a98477052e1e0070890e8954d1da8c7728cfdbe1aca0379550d31589|0xd31cbfa935d6d2b71597971665ec804046875ab2e15de924e7512e3e5af1c02c|0xfdafbae4d629e7e9896f5404d01dba74b3379818fe4e8c70c36317403d304205|0x0f8ba4259a1b9f7fcbed4cc0297ce177f09802e95ba778462582c1e882a4c40b|0x99dcf0abf02cdbd62e6a17a95c68f7864be5f5779d25d44cf7ea134f5d7979a9|0x08dd73823692954b349d37553101cf749f5f84dc547ee43f51984f811675250c|0x4eaebed73b74e197f9808ab7aacf9b27291c7433e863ce4bbe3a780cdfc93f82|0x68d8c419b5f8350d695a9280a31b69990e01d60940e4c4161348653d3687651f|0xfe5ed4672ae0b9278f5aec7fd7911ec22a11d9b1a7f52c483834f79431b9a15f|0xcfabefc875c9b887dc925c061260ee9f43a85e83dadf8e21939ae2c038bd0b0a|0x11ee42c8ee7abc3c1a5751bbe697765908a4d47a673d32b6130a372180723a23|0xdc1ced170c2c3cdca1f825a1da0734965dcf691216f73265188af2c9143087a8|0x9bb2ff96232df5dc501137ee711e0dfef0056ee1754f8308330d8d4369e59e14|0x4270ac599dd53df545ec79ef9026d53e72bfed723febe3450aaf5fdaa4f67429|0x9dc534cc09a5c4b0032f1f5430910cb77d7d1c655189bc3e7e29819f06e160e0|0x44977145358a224e70c4e106cbbe31f8f75b49e2625935493d43b11314ec8a8d|0x398cd83274654d08948255142fc60bbfbe3fdcddfbc6b0a48f877ab9456570cc|0xa7ec2db45d21cd63f8f7e57559b8a570ee5fd7243feeb60309bbe714d8afee4e|0xfaf3646f87d65664cef8c4ff5d4263bb513c74e7d3362c1bae8925fc5bf6dd24|0xa44063c3eeeb695ab356e7d4cdfa03b13101914290ae32d0f73e94f639e48024|0x083ff52b1bca044686971d34eef87e9d70588831899e038546775e465e859709|0x798fde5e2f71b3bbe9ac58c2b69012af0a31b0a004ca40fb7f66b8a8555a076e|0x5be3d25cfbdfcc96012fa0d99bc4119c85430498514f39018d467c06d031b20c|0x62b4b91771b73fbc5e801cb5afabe5880b7dd22f4959a85e27db045e619edc02|0x1e191060366ebdeb2ea53688560b3cebdeb8e1dc1c5a671daec46f4c9ba799ba|0xdf973b1583d44005281321da5267cb08a7336c69110eb4ed6ee4a90d80ec4444|0x86635f4a5dd654c499435c55cf0cfac95fb4fdcde31ece9521352c8a87261fcc|0x82cbc1aa96dc9bab3a4ad0a0fc442f076d7200247d569bb6de0ecbe0335a092a|0x9fd716cbe34132e36175e5a97f5fea9a49befe8469aeabe3ac191446228d2509|0xcc37e2b4962a70610f3e03437668a5bb6c788a279f22e4957dbd640e08da542b|0x9cffce1291ae5ef8b4d96521f163bc74d94809527da5a70153df7c129c5b9ade|0xd2ba955ee7b2f1b7d3c8ff953b226c698e9824f4d54b7d4c7d31319d0ed9ea98|0x88b649cd266d551e7d04ce6a41607a29e632331d0a489a56c7086441a88bb509|0x14995849212561304babd6b549d03b781597e49b90ca64a66ae446a5b83deac4|0x38ad9887a646ccb1006abfab5a5b5b9cb9dc7a5f3500adf0b2ff705aac65f602|0x8bcd19a63d09956eec5b74c40dfa6f50501d8d068bb369e105c3e1300b269b12|0xc01bd7c86332fd2c15949c11ec563a3d8fe1cd234615c088cdd295f679f7ba94|0x04aca826294720b8d0a227717c5849d693edba7266d108744dbf3ca1366fbafa|0x887977c35e8d4c54695ee0f44324656be601f875d6cebe12cc46bf8936224dbb|0x3e14d923d930ed22f68c5f63f6a42e22c22befd9a04436c63bcf53719ceefba2|0x17edfb638b0b7398631ced5adcefbf8c6ca550abbdc9c984abe5bd7266cd7f8a|0x2769fa99280e4f4ec5f3847cbc9c7d8ac226292e75de719aef1a6b5e547815a5|0x450e4a49adf6de1dd940dbfc51f6106cc4cb8135520ac72e3c9544e71c25148a,"This market will resolve according to the individual who is announced as the next Senate Majority Leader after the November 3, 2026, U.S. General Election. This market will remain open until January 3, 2027, at which point it will resolve based on the first announcement of the next Senate Majority L",https://polymarket.com/event/next-senate-majority-leader-485
speaker-of-the-house-after-the-midterms,Speaker of the House after the midterms?,politics,house-of-representatives|democrat|politics|midterms|speaker|republican|congress,2027-01-03T00:00:00Z,227,2026-04-08T22:19:51.999311Z,28,28,0.00,1704.38,6076.08,845.84,0.920,0,will-katherine-clark-be-the-first-speaker-of-the-house-after-the-2026-midterms|will-jim-jordan-be-the-first-speaker-of-the-house-after-the-2026-midterms|will-mike-johnson-be-the-first-speaker-of-the-house-after-the-2026-midterms|will-person-b-be-the-first-speaker-of-the-house-after-the-2026-midterms|will-person-d-be-the-first-speaker-of-the-house-after-the-2026-midterms|will-person-f-be-the-first-speaker-of-the-house-after-the-2026-midterms|will-person-h-be-the-first-speaker-of-the-house-after-the-2026-midterms|will-person-j-be-the-first-speaker-of-the-house-after-the-2026-midterms|will-person-l-be-the-first-speaker-of-the-house-after-the-2026-midterms|will-person-n-be-the-first-speaker-of-the-house-after-the-2026-midterms|will-person-aa-be-the-first-speaker-of-the-house-after-the-2026-midterms|will-person-ac-be-the-first-speaker-of-the-house-after-the-2026-midterms|will-person-ae-be-the-first-speaker-of-the-house-after-the-2026-midterms|will-other-be-the-first-speaker-of-the-house-after-the-2026-midterms|will-hakeem-jeffries-be-the-first-speaker-of-the-house-after-the-2026-midterms|will-pete-aguilar-be-the-first-speaker-of-the-house-after-the-2026-midterms|will-steve-scalise-be-the-first-speaker-of-the-house-after-the-2026-midterms|will-person-a-be-the-first-speaker-of-the-house-after-the-2026-midterms|will-person-c-be-the-first-speaker-of-the-house-after-the-2026-midterms|will-person-e-be-the-first-speaker-of-the-house-after-the-2026-midterms|will-person-g-be-the-first-speaker-of-the-house-after-the-2026-midterms|will-person-i-be-the-first-speaker-of-the-house-after-the-2026-midterms|will-person-k-be-the-first-speaker-of-the-house-after-the-2026-midterms|will-person-m-be-the-first-speaker-of-the-house-after-the-2026-midterms|will-person-o-be-the-first-speaker-of-the-house-after-the-2026-midterms|will-person-ab-be-the-first-speaker-of-the-house-after-the-2026-midterms|will-person-ad-be-the-first-speaker-of-the-house-after-the-2026-midterms|will-person-af-be-the-first-speaker-of-the-house-after-the-2026-midterms,0x040ca7d7870648356cdd145de9a6819326dc6d8c37ead4dd0a096029724617b3|0x0eb44129ef505654afb4c4306ddfed9a12201419ac20e9ccf3688d413bc4378c|0xc20c64f827ee7ac4ee93de4767987a98301f942b3e0b353d79188577757817ad|0x2b6640c2a15fb3f9d95908c2db7b0b321cbad258f4656b9846e2badd4a892f3c|0x30e94cb29eb7e080626f1cc2c3fcf185aa287df91d79e00ed73f20d631354ca5|0x658229dfdec1379f4e9e8d12f28874d9a9245393baf0536145a725d6f5082c2b|0xa0ffe11f7bc62c898792f8b01a72d5da0aa763b49ba9f7043eb0e817ba6b2d68|0x3f522f4b4aecc396643b5e50ff1676f3347138267fbe34f0cb095c1cc512905d|0x61fb6f860b2c230625ec3e5430d224da3d70a88dc08acf54bb555cfa8b8f6dc3|0x9a53e067c32ff62c43d420d59f610a5ce6331657d3018b81de8affe95a572c40|0x952b6c473b8af32ffee5846d62d3e4853f8d2858ac76cb877373f966960bdd7a|0x20774d4880f6249b0147347e2a42f63248454c392f47bbc400378bf60bcfcb24|0x7bc0e607beaaa01c7025c79f78fe911fb48650b23f9fe8eb721fdb28fdab082f|0x0fd7cf4e41c5d2dfc821f8837a50a9849c4d29c893b7d3176097c58258f10fe2|0x489e65bd324cb81905753618193a9a94de063b2c3f41b8851dd9150735db9e91|0x27fbd69a4b6bffa23d4e60941f8a41ac3844de3937e6b17d9aca50cd4bfccb60|0xa8c1b9c6b0c81352ff0d2978ed25705961dff42be6feb1d2d8773b24b0152190|0xc40bcb69fbe75bd406557779cc42e286477c81c1b1a8095c04abbcc564313ad9|0x1676400f99d09d87fd6fee3c033ddf1789ecd3ff4d7a42d94a4480944131a4d5|0x03631cedbd71ea9eef9f709d5990e57d1781a864389cf86343e24dd95f128d9a|0xc01d9dda0e12db019ef47fe18f5580a0990827b875270f2e8432580430ad2e64|0xc8315f72debad51734bcbe44ea4577a4edd7211482e72a4b85469d4d7d0e0d97|0x45c28ba676ec34795158ae952e7de2f4be02c1f26d2e0f0e889dc39332b3ee64|0x7de7b5958c70058c9bda4ef820953262df4810418b9ecdbb8ebc2bf902044541|0xb0f6b2703b94ec822b878ea7a148a4d04b4a63cea73a74030db4d33496910c97|0x0b4b6bce1cbd403492cb26d83f3068e57dda8b2eba1c4be7ad96b3d2b98681ce|0x27b505ce15cfb7a075010cb200482f483dbe7585170a6f5e608b24b9d01333ba|0x969ae822d723f36ab71af87ea3f446b2ec8da2419400f737b7f51ecb5ef134de,This market will resolve according to the first individual elected to be Speaker of the House by the United States House of Representatives of the 120th United States Congress following the 2026 United States midterm elections. The primary resolution source will be official information from the Unit,https://polymarket.com/event/speaker-of-the-house-after-the-midterms
will-canadas-drop-in-population-in-2026-be-the-largest-on-record,Will Canada's drop in population in 2026 be the largest on record?,politics,macro-indicators|canada|world|population|politics,2027-04-30T00:00:00Z,344,2026-01-29T20:47:32.734827Z,1,1,0.00,1530.69,1887.63,550.85,0.991,3,will-canadas-drop-in-population-in-2026-be-the-largest-on-record,0xc3ffb6ba25bc9756ca4eefad8a63ca72e5f6e380163e12b42524f0e0c299421f,"This market will resolve to ""Yes"" if the decrease in the population of Canada from the 4th quarter of 2025 and the 4th quarter of 2026 is greater than that of any year on record. Otherwise, this market will resolve to ""No"". The resolution source for this market will be the quarterly population estim",https://polymarket.com/event/will-canadas-drop-in-population-in-2026-be-the-largest-on-record
who-will-close-warner-bros-acquisition,Who will close Warner Bros. acquisition?,politics,politics|tech|big-tech|warner-bros,2027-06-30T00:00:00Z,405,2025-12-08T18:12:02.863598Z,15,15,1081.36,1087326.39,40082.40,57341.52,0.948,56,will-comcast-close-warner-bros-acquisition|will-company-a-close-warner-bros-acquisition|will-company-c-close-warner-bros-acquisition|will-company-e-close-warner-bros-acquisition|will-company-g-close-warner-bros-acquisition|will-company-i-close-warner-bros-acquisition|no-listed-company-closes-warner-bros-acquisition-by-june-30-2027|will-netflix-close-warner-bros-acquisition|will-paramount-close-warner-bros-acquisition|will-company-b-close-warner-bros-acquisition|will-company-d-close-warner-bros-acquisition|will-company-f-close-warner-bros-acquisition|will-company-h-close-warner-bros-acquisition|will-company-j-close-warner-bros-acquisition|any-other-company-closes-warner-bros-acquisition,0x6e23cb712508ca15d80ef2aa8334716a7a315a50469bbb66bef2a421a97a1c54|0xe7cb7baf5221ed611946d56e8041d790b759702a7f6d10d59bf3d40845bb4913|0x272343432d246e6abb974b6fe0c60e39449cf7fd0884c991fbf629d6a10f96b7|0x8234e67cc865af5baf3776b87b8430e0704fd10beb8161437a47b84845ea1436|0x82e91cf237090577710ae09150a234826618b5048352508623d8785f673a853a|0x0cb723d03af6f31d1d308505ecdd3c315821aa1874061363c50904468260359d|0x3347f5c9c3b49e0165dbd1be6cc1757cee05fdbdc02f97352c9734c3ab765b26|0x7ed08b305a3cca4f5b4e0c295c6b066e424a61358447b35d4f9bf1c2b56fe37c|0xa71785ae27eeaf2a9f7adf8f4f0d7db11e773fa2602b28c55399d31e91c3f2f0|0xa94c07b658486499ff7da4ff422e2d5a7e0347dac07bb77e5073ca2dfbd2319e|0x966ba8ec4900a53b0aad868df4724715577ad03b948244c923659a341ce19460|0xc2c8a55d09dfe68a5e49a3c74020d219cfb51c5ec4f5b4b79e930363cc3d6775|0xcc570f8f0371086f715c7479ff2c76ba664ce5575fbf80cc35dee5513231e8f7|0x34efde4ffe7f264e967cc9ee51061d0fd4bd5232db8de28f9ed8c59ad715de32|0x81611a28c2d5eae46558f155c4fe93963348315c33ebf1b9243255342e576933,"This market will resolve according to the first entity that acquires control of Warner Bros. Discovery's studios and streaming businesses by June 30, 2027, 11:59 PM ET. Transactions that involve only Warner Bros. Discovery's linear television networks, news channels, or other non-studio, non-streami",https://polymarket.com/event/who-will-close-warner-bros-acquisition
will-china-invade-taiwan-by-june-30-2027,"Will China invade Taiwan by June 30, 2027?",politics,china|geopolitics|politics|taiwan,2027-06-30T00:00:00Z,405,2026-04-01T16:22:14.265339Z,1,1,341.26,198456.43,31697.08,70613.70,0.880,0,will-china-invade-taiwan-by-june-30-2027,0x057da165b096d1f3a59d87bcad68649aecd18dc25c89a6d083530d1aaac18146,"This market will resolve to ""Yes"" if China commences a military offensive intended to establish control over any portion of the Republic of China (Taiwan) by June 30, 2027, 11:59 PM ET. Otherwise, this market will resolve to ""No"". Territory under the administration of the Republic of China, includin",https://polymarket.com/event/will-china-invade-taiwan-by-june-30-2027
maduro-guilty-of-all-counts,Maduro guilty of all counts?,politics,world|geopolitics|trump|politics|courts|venezuela,2027-12-31T00:00:00Z,589,2026-01-04T17:29:48.179349Z,1,1,0.00,102598.63,9016.11,3506.89,0.880,11,maduro-guilty-of-all-counts,0x1f9767f0b627eee12dd816c07a745c968807dae4cce336b8a2cb66d28cd3607c,"This market will resolve to ""Yes"" if Nicolás Maduro is found guilty of all counts in the indictment 'UNITED STATES OF AMERICA V. NICOLAS MADURO MOROS[...]' (S4 11 Cr. 205 (AKH)) by December 31, 2027, 11:59 PM ET. Otherwise, this market will resolve to ""No"". This market will resolve based on the init",https://polymarket.com/event/maduro-guilty-of-all-counts
maduro-prison-time-527,Maduro Prison Time?,politics,politics|geopolitics|courts|nicolas-maduro|trump|venezuela,2027-12-31T00:00:00Z,589,2026-01-04T17:37:27.126635Z,5,5,305.01,527828.02,31230.04,31415.86,0.977,23,will-nicols-maduro-be-sentenced-to-between-20-and-40-years-in-prison|will-nicols-maduro-be-sentenced-to-less-than-20-years-in-prison|will-nicols-maduro-be-sentenced-to-at-least-60-years-in-prison|will-nicols-maduro-be-sentenced-to-no-prison-time-974|will-nicols-maduro-be-sentenced-to-between-40-and-60-years-in-prison,0x3c47492aa10470e0276d38fc8a1dd6e983fb63764587599aa379cc904425b641|0x5e253008e2c8a4f1e66972062d99e69aea298794ec56c30526a2edd763d6b9e3|0xce500e0cdc77863e3ae46ea2f8fc7afea2e94e703761e4004065e23fe8629881|0x3db0178f6ee00011e6ede975436532edec684ca3facc8f8eb26d8ce9f4464717|0x102b81444798333f38ee4db446276f692228d33533a16b890b2f37df6394ef85,"Venezuelan President Nicolas Maduro was indicted in the Southern District of New York on January 3, 2026 on charges including Narco-Terrorism Conspiracy and Cocaine Importation Conspiracy. Maduro was indicted alongside alleged co-conspirators in an indictment titled ""United States of America V. Nico",https://polymarket.com/event/maduro-prison-time-527
will-china-invade-taiwan-by-december-31-2027,"Will China invade Taiwan by December 31, 2027?",politics,china|politics|world|geopolitics,2027-12-31T00:00:00Z,589,2026-03-17T23:33:55.496683Z,1,1,752.59,604776.72,102284.69,435565.78,0.899,0,will-china-invade-taiwan-by-december-31-2027,0xe6d5e5da83874cd82c9b651a8a5d4fc541a800a295fb62e85124b4f5a04a4b7d,"This market will resolve to ""Yes"" if China commences a military offensive intended to establish control over any portion of the Republic of China (Taiwan) by December 31, 2027, 11:59 PM ET. Otherwise, this market will resolve to ""No"". Territory under the administration of the Republic of China, incl",https://polymarket.com/event/will-china-invade-taiwan-by-december-31-2027
will-the-next-elected-us-president-be-a-woman,Will the next elected US president be a woman?,politics,kamala|politics|alexandria-ocasio-cortez|aoc|elections|us-election|gretchen-whitmer,2028-11-07T00:00:00Z,901,2026-02-17T22:45:34.366687Z,1,1,0.00,11495.06,8001.43,1155.19,0.917,2,will-the-next-elected-us-president-be-a-woman,0x83058ae21d866035c15838b9ae14adcfd33d64687e864697f73634aa00ea8276,"The 2028 US Presidential Election is scheduled to take place on November 7, 2028. This market will resolve to “Yes” if the person who wins the 2028 US Presidential Election is a woman. Otherwise, this market will resolve to “No”. The resolution sources for this market will be the Associated Press, F",https://polymarket.com/event/will-the-next-elected-us-president-be-a-woman
will-trump-be-impeached-before-his-term-ends,Will Trump be impeached before his term ends?,politics,earn-4|politics|congress|trump|epstein,2029-01-20T00:00:00Z,975,2026-03-19T18:08:34.941608Z,1,1,47.45,62455.85,17184.09,25223.06,0.983,0,will-trump-be-impeached-before-his-term-ends,0x553a941e8a11cac22eb746b6bbea0530695ee3e1b0693d80433d7b943c91cab7,"This market will resolve to “Yes“ if the US House of Representatives, by simple majority vote, approves or passes one or more articles of impeachment of President Donald Trump between market creation and January 20, 2029, at 12:00 PM ET. Otherwise, this market will resolve to ""No"". Neither trial nor",https://polymarket.com/event/will-trump-be-impeached-before-his-term-ends
don-lemon-sentenced-to-prison,Don Lemon sentenced to prison?,politics,politics|culture,,-1,2026-01-30T23:22:19.311504Z,1,1,0.00,6441.68,188.32,2170.55,0.523,3,don-lemon-sentenced-to-prison,0x8b26b4c5bfc74f732b259caea7481d16e53394f167ef73e311efc903575b940e,"This market will resolve to ""Yes"" if Don Lemon is sentenced to any time in jail/prison for any charges related to his arrest on January 30, by December 31, 2026, 11:59 PM ET. Otherwise, this market will resolve to ""No"". This market will remain open through December 31, 2026 or until Don Lemon is sen",https://polymarket.com/event/don-lemon-sentenced-to-prison
kash-patel-out-by,Kash Patel out by...?,politics,trump|politics|trump-cabinet,,-1,2026-02-23T18:19:41.837816Z,5,3,16520.88,1295104.73,80426.98,239715.82,0.982,125,kash-patel-out-by-march-31|kash-patel-out-by-june-30-165-798|kash-patel-out-by-december-31-191-341|kash-patel-out-by-april-30-481|kash-patel-out-by-may-31,0x0facb54e9f39b6d817a5db8a8e515cb677d8ae0fbfeaf31841177e7cacdbc035|0x79859c9e6645873e1568344b0b8ee54cc9eb02b90701cc5ba19c9a547ff313ce|0x4dc5c13eb9646b10da7d5f079f77ef2480ec5466861ce1cfbc910fabed3d7d0d|0xfa7e0faadeddbaa3d8f24a7fbe04fa0b02a7a5fd00c62dba2888b1cb24387be2|0xaf89088494ed29e5694bdf8cb6d945340234729e1e4aba3ffba6fd1df4097d50,"This market will resolve to “Yes” if Kash Patel ceases to be the Director of the Federal Bureau of Investigation for any period of by the listed date, 11:59 PM ET. Otherwise, this market will resolve to “No”. An announcement of Patel's resignation/removal before this market's end date will immediate",https://polymarket.com/event/kash-patel-out-by
kevin-warsh-cuts-rates-at-first-fed-meeting,Kevin Warsh cuts rates at first Fed meeting?,politics,trump|warsh|fed-chair|politics|fed|fed-rates,,-1,2026-04-17T22:47:08.213784Z,1,1,3940.84,37738.30,47339.41,32036.83,0.817,0,kevin-warsh-cuts-rates-at-first-fed-meeting,0xd5ab04c1da2051ee27f69f3dabd766be2ce27b4f136db4215b8d29c4b08656c3,The Fed interest rates are defined in this market by the upper bound of the target federal funds range. The decisions on the target federal funds range are made by the Federal Open Market Committee (FOMC) meetings. This market will resolve to “Yes” if the Fed decreases the upper bound of the target ,https://polymarket.com/event/kevin-warsh-cuts-rates-at-first-fed-meeting
will-jd-vance-visit-pakistan-by,Will JD Vance visit Pakistan by...?,politics,iran-ceasefire|iran|trump|german-elections|politics,,-1,2026-04-21T18:47:14.580836Z,7,1,6162.71,153140.58,8711.89,14719.46,0.855,10,will-jd-vance-visit-pakistan-by-april-22|will-jd-vance-visit-pakistan-by-april-23|will-jd-vance-visit-pakistan-by-april-24|will-jd-vance-visit-pakistan-by-april-27|will-jd-vance-visit-pakistan-by-april-30|will-jd-vance-visit-pakistan-by-may-4|will-jd-vance-visit-pakistan-by-may-31,0x16a94288c62df6b8524d183eda081b47d6fd567b8aff6deb96b4a5441b3d4058|0x9759e14efd746c6b305e687fa8af9de858568195fbf399bf3a3ab20e419de91e|0x695bae4f52277523819ea788a2cdfb2f0d74a15ea77fafce190304beaf45fdf2|0xa758b1e3cbbbe2fce5c1a8b5a5f4754950aea2985c63789de0bf530c8d3607e1|0x5d002e45f47db70daadcff687e507a89356257558bd380395642166612510866|0x74d86a1ba77f11924f25716fd929f3773dcf127278bee43f884fb389698447f2|0xb14ed88bae8764ad19560fae8a3183822f61e360c2fe0352072092a780522984,Rules,https://polymarket.com/event/will-jd-vance-visit-pakistan-by
who-will-be-arrested-before-2027,Who will be arrested before 2027?,politics,politics|james-comey|trump,,-1,2026-04-30T21:55:30.975569Z,24,24,2217.42,100387.71,137480.73,34570.60,0.960,4,will-james-comey-be-arrested-before-2027|will-john-brennan-be-arrested-before-2027|will-james-clapper-be-arrested-before-2027|will-adam-schiff-be-arrested-before-2027|will-hillary-clinton-be-arrested-before-2027|will-loretta-lynch-be-arrested-before-2027|will-candace-owens-be-arrested-before-2027|will-benjamin-netanyahu-be-arrested-before-2027|will-barack-obama-be-arrested-before-2027|will-tom-homan-be-arrested-before-2027|will-brandon-johnson-be-arrested-before-2027|will-lee-jun-seok-be-arrested-before-2027|will-anthony-fauci-be-arrested-before-2027|will-mahmoud-khalil-be-arrested-before-2027|will-jos-luis-rodrguez-zapatero-be-arrested-before-2027|will-letitia-james-be-arrested-before-2027|will-bill-clinton-be-arrested-before-2027|will-susan-rice-be-arrested-before-2027|will-gavin-newsom-be-arrested-before-2027|will-john-kerry-be-arrested-before-2027|will-pam-bondi-be-arrested-before-2027|will-kash-patel-be-arrested-before-2027|will-lisa-cook-be-arrested-before-2027|will-joe-biden-be-arrested-before-2027,0x408877da98dbe7b36a8efdc3075057e2ae600e71f39ea96c4ff019c26eb3e05a|0x087d55571a3847d92cab41c9aa6e05d6111dcbf2b95559627d3cf88fc53d22fe|0x44cd8b15befa5d0ce8e20dcefc25b91bf44907d6f83d148c7b600336d990085b|0xa996ddae9ea35ff0c110e5cc04f116714ec5d4013119088f347b27920017e590|0x862c6d9cb806315fe626d37e8b9f21585710a98ada2fb9338061574fb9a5f453|0x67c568e14e9691872d6f893fe3fc1e5560d792c066357d1d54f644c26ac36457|0x2a09bfbfa26749d75fd57506d752bc4101d4a6aac8ddba9c8f869976885beee0|0x47027f725e288491ebd5c0fff82b13cd590c643ba955caaf8802f4a5b492562a|0xf0f06f10ca905fa971609b18ea337047068e80e8fed592886edf1716a71fe389|0xbe555c50fc49ae7f1a970fbe13f226d179c192d87daa71c7ca082464b71fb8f6|0x950ae84dd0900bc6995ff8463c5ce8a373b7b2d8b5831b0f70896c324a97bd07|0x0078d4162ef6aa7afe41df7cd973d031d34113029c8adea2321d7da0b7801bcb|0x1a975c8210f5aa11c76d645a4dd746764799310898445689b17fb500a8925c80|0x6f79a739c0694af2f9047acc2d88311911ff7def34a03b5dcc9e9e816e9e2e29|0x293a15dc69de092ea5f669af2a0207d7b9dbf32b8e53eae53cdea7785d915747|0x1b5f6d557381c9d5e5c8b9cb3aff3396c721fe6fc65c647e9d859adaa15747ce|0x19d90e579cbc01149eb72ddc05fe412f7afbe16abc6d599456a7232fde511ffa|0x0a08a2869ad15387b7e557ddad43d6973129cae2c0bdbe6740531cc8c2c912cd|0x30f0732734e61902d81cf2d3e37e531de8883b6a2c4cabd8ba3e4035977de1ed|0x3585de6c677867fb0e3b405c92da51b09a968781a0b66a8de6c98e46c789535e|0xcecf072e20347bb9bc5325b0bf23111add4d3700513d847bb6169d795a037ad0|0x61cb5d4218aae1f7203575a84a78d3055dd2d530bc0de203b7776e4696870af1|0x9bab81d09284255c1e27fe291c05f096e666a998af69c06c1368addb5eb760b4|0x80689a62869f77d8bc45b306e781a026cf40280863da66e205799ed01f142868,"This market will resolve to ""Yes"" if the listed individual is arrested by December 31, 2026, 11:59 PM ET. Otherwise, this market will resolve to ""No"". A qualifying arrest/detention includes: * Being taken into physical custody by law enforcement authorities (including federal, state, local, military",https://polymarket.com/event/who-will-be-arrested-before-2027
which-parties-will-be-part-of-the-next-government-of-romania,Which parties will be part of the next government of Romania?,politics,romania|elections|politics|global-elections|rewards-20-4-5-50,,-1,2026-05-06T00:08:44.441462Z,6,6,66.58,13986.70,21192.67,7941.97,0.977,3,will-the-social-democratic-party-psd-be-included-in-the-next-romanian-government|will-the-national-liberal-party-pnl-be-included-in-the-next-romanian-government|will-the-save-romania-union-usr-be-included-in-the-next-romanian-government|will-the-democratic-union-of-hungarians-in-romania-udmr-be-included-in-the-next-romanian-government|will-the-alliance-for-the-union-of-romanians-aur-be-included-in-the-next-romanian-government|will-sos-romania-sos-be-included-in-the-next-romanian-government,0x68bfacdd34d71b727c0f8e5c8db02f9782f4ab6d9abf12376f95da19e03e9b05|0x4b2eebf64eea76b09aeb3370a62b99724f0a8ac97dd521bcb8cffce7cbb53729|0xab68e0499ffb00a893faaabeba144fe43be8d1b69bdd0e7739f8208253a69750|0x995b9cdaa3ba93738a01d499e01048d9b43a4efb518c6966d6eb79681b961359|0x6a3a4b520ae3f80e3fc7a515f7554264025d426eef3ccd9c11bc8e221d0d2643|0x62bfd28175d6b282156b96909230b5838a3d19c3bc25874e84412e48ba926702,"The sitting government of Romania was ousted through a vote of no-confidence on May 5, 2026. This market will resolve to “Yes” if the listed political party is included in the next Romanian governing coalition formed after market creation. Otherwise, this market will resolve to “No”. This market may",https://polymarket.com/event/which-parties-will-be-part-of-the-next-government-of-romania
iran-ceasefire-continues-through,Iran ceasefire continues through...?,politics,iran|politics|iran-ceasefire|geopolitics,,-1,2026-05-20T03:28:14.372598Z,11,11,710870.31,710870.31,257437.71,347634.04,1.000,8,will-the-iran-ceasefire-continue-through-may-20|will-the-iran-ceasefire-continue-through-may-27|will-the-iran-ceasefire-continue-through-may-31|will-the-iran-ceasefire-continue-through-july-31|will-the-iran-ceasefire-continue-through-december-31|will-the-iran-ceasefire-continue-through-may-21|will-the-iran-ceasefire-continue-through-may-22|will-the-iran-ceasefire-continue-through-june-7|will-the-iran-ceasefire-continue-through-may-24|will-the-iran-ceasefire-continue-through-june-15|will-the-iran-ceasefire-continue-through-june-30,0x276a14b8bc1bc374bebd16407761d530528a05097d2bc53524ba21d38842d5f3|0x656ee3fe28d2f23b12f3e5616161274a1456dc5e355fd97d3ad1d07c7c972f48|0x46c09232d356fdbe5e4e543ce1a4e90c84a6e3bd4668a24852fd25563e36b32a|0x5c630cce90873c62161bdd6994b02f9c8e3203a858f578456b7bfae936cc04c8|0xa025157628d2824a12bb4b3aa8476cbe1ffebfb7d983d9fc7dfaf906381084f8|0x393fb0be5ca5832188657b34ad914c8f24a3ea6dfca233d1b996aba14399b48f|0x4997c22d314ed5e9f3712e46eb4847441b51fa730d10ad26240afa85f5d902be|0x4023fae82e2914ce29c6abc62d4353a7ea1eeaca5dd73b27faeead9abbee790f|0xd7540d64e03b1894ececcbb54c02b88d9c5c0e854ba66ec4e1ece20477994ac5|0x13419cc3e895bf60225558dadd022c11597814a40ea15b25f99539a111ca5592|0x0425c582c43e27c6d74af7a553c1ce68b32bacdc77f0b23d62cdfe8aa1da0556,"This market will resolve to ""Yes"" if the US-Iranian ceasefire remains in effect through the listed date (ET). Otherwise this market will resolve to “No”. The US-Iranian ceasefire will be considered to no longer be in effect if the US government officially publicly confirms or if an overwhelming cons",https://polymarket.com/event/iran-ceasefire-continues-through
